{
    "steps": [
        {
            "current": {
                "tokens": [
                    "O",
                    "CC",
                    "CO",
                    "<|im_end|>"
                ],
                "token_ids": [
                    46,
                    3706,
                    8281,
                    151645
                ],
                "raw_logprob": -3.4798858165740967,
                "cons_logprob": -3.4485251903533936
            },
            "proposal": {
                "tokens": [
                    "OC",
                    "(C",
                    "O",
                    ")",
                    "CC",
                    "O",
                    "<|im_end|>"
                ],
                "token_ids": [
                    7612,
                    3025,
                    46,
                    8,
                    3706,
                    46,
                    151645
                ],
                "raw_logprob": -1.4437272548675537,
                "cons_logprob": -1.4296717643737793
            },
            "acceptance_prob": 1,
            "accepted": true
        },
        {
            "current": {
                "tokens": [
                    "OC",
                    "(C",
                    "O",
                    ")",
                    "CC",
                    "O",
                    "<|im_end|>"
                ],
                "token_ids": [
                    7612,
                    3025,
                    46,
                    8,
                    3706,
                    46,
                    151645
                ],
                "raw_logprob": -1.4437272548675537,
                "cons_logprob": -1.4296717643737793
            },
            "proposal": {
                "tokens": [
                    "OC",
                    "(C",
                    ")",
                    "CC",
                    "CO",
                    "<|im_end|>"
                ],
                "token_ids": [
                    7612,
                    3025,
                    8,
                    3706,
                    8281,
                    151645
                ],
                "raw_logprob": -3.268063545227051,
                "cons_logprob": -3.214263439178467
            },
            "acceptance_prob": 0.9610348411647806,
            "accepted": true
        },
        {
            "current": {
                "tokens": [
                    "OC",
                    "(C",
                    ")",
                    "CC",
                    "CO",
                    "<|im_end|>"
                ],
                "token_ids": [
                    7612,
                    3025,
                    8,
                    3706,
                    8281,
                    151645
                ],
                "raw_logprob": -3.268063545227051,
                "cons_logprob": -3.214263439178467
            },
            "proposal": {
                "tokens": [
                    "O",
                    "CC",
                    "O",
                    "<|im_end|>"
                ],
                "token_ids": [
                    46,
                    3706,
                    46,
                    151645
                ],
                "raw_logprob": -3.3046200275421143,
                "cons_logprob": -3.2966256141662598
            },
            "acceptance_prob": 1,
            "accepted": true
        },
        {
            "current": {
                "tokens": [
                    "O",
                    "CC",
                    "O",
                    "<|im_end|>"
                ],
                "token_ids": [
                    46,
                    3706,
                    46,
                    151645
                ],
                "raw_logprob": -3.3046200275421143,
                "cons_logprob": -3.2966256141662598
            },
            "proposal": {
                "tokens": [
                    "OC",
                    "(C",
                    ")",
                    "CC",
                    "OC",
                    "(C",
                    ")",
                    "CC",
                    "O",
                    "<|im_end|>"
                ],
                "token_ids": [
                    7612,
                    3025,
                    8,
                    3706,
                    7612,
                    3025,
                    8,
                    3706,
                    46,
                    151645
                ],
                "raw_logprob": -5.06621789932251,
                "cons_logprob": -5.050041198730469
            },
            "acceptance_prob": 0.9918510965818657,
            "accepted": true
        },
        {
            "current": {
                "tokens": [
                    "OC",
                    "(C",
                    ")",
                    "CC",
                    "OC",
                    "(C",
                    ")",
                    "CC",
                    "O",
                    "<|im_end|>"
                ],
                "token_ids": [
                    7612,
                    3025,
                    8,
                    3706,
                    7612,
                    3025,
                    8,
                    3706,
                    46,
                    151645
                ],
                "raw_logprob": -5.06621789932251,
                "cons_logprob": -5.050041198730469
            },
            "proposal": {
                "tokens": [
                    "OC",
                    "(C",
                    "O",
                    ")",
                    "CC",
                    "O",
                    "<|im_end|>"
                ],
                "token_ids": [
                    7612,
                    3025,
                    46,
                    8,
                    3706,
                    46,
                    151645
                ],
                "raw_logprob": -1.4437272548675537,
                "cons_logprob": -1.4296722412109375
            },
            "acceptance_prob": 1,
            "accepted": true
        },
        {
            "current": {
                "tokens": [
                    "OC",
                    "(C",
                    "O",
                    ")",
                    "CC",
                    "O",
                    "<|im_end|>"
                ],
                "token_ids": [
                    7612,
                    3025,
                    46,
                    8,
                    3706,
                    46,
                    151645
                ],
                "raw_logprob": -1.4437272548675537,
                "cons_logprob": -1.4296722412109375
            },
            "proposal": {
                "tokens": [
                    "OC",
                    "(C",
                    ")",
                    "OC",
                    "(C",
                    ")",
                    "O",
                    "<|im_end|>"
                ],
                "token_ids": [
                    7612,
                    3025,
                    8,
                    7612,
                    3025,
                    8,
                    46,
                    151645
                ],
                "raw_logprob": -2.466379165649414,
                "cons_logprob": -2.4544880390167236
            },
            "acceptance_prob": 1,
            "accepted": true
        },
        {
            "current": {
                "tokens": [
                    "OC",
                    "(C",
                    ")",
                    "OC",
                    "(C",
                    ")",
                    "O",
                    "<|im_end|>"
                ],