{
    "steps": [
        {
            "current": {
                "tokens": [
                    "O",
                    "CC",
                    "OC",
                    "(O",
                    ")",
                    "CC",
                    "O",
                    "<|im_end|>"
                ],
                "token_ids": [
                    46,
                    3706,
                    7612,
                    19238,
                    8,
                    3706,
                    46,
                    151645
                ],
                "raw_logprob": -4.733819007873535,
                "cons_logprob": -4.706814765930176
            },
            "proposal": {
                "tokens": [
                    "OC",
                    "(C",
                    ")",
                    "CC",
                    "OC",
                    "(C",
                    ")",
                    "CC",
                    "<|im_end|>"
                ],
                "token_ids": [
                    7612,
                    3025,
                    8,
                    3706,
                    7612,
                    3025,
                    8,
                    3706,
                    151645
                ],
                "raw_logprob": -3.8161568641662598,
                "cons_logprob": -3.8000407218933105
            },
            "acceptance_prob": 1,
            "accepted": true
        },
        {
            "current": {
                "tokens": [
                    "OC",
                    "(C",
                    ")",
                    "CC",
                    "OC",
                    "(C",
                    ")",
                    "CC",
                    "<|im_end|>"
                ],
                "token_ids": [
                    7612,
                    3025,
                    8,
                    3706,
                    7612,
                    3025,
                    8,
                    3706,
                    151645
                ],
                "raw_logprob": -3.8161568641662598,
                "cons_logprob": -3.8000407218933105
            },
            "proposal": {
                "tokens": [
                    "OC",
                    "(C",
                    "O",
                    ")",
                    "CC",
                    "O",
                    "<|im_end|>"
                ],
                "token_ids": [
                    7612,
                    3025,
                    46,
                    8,
                    3706,
                    46,
                    151645
                ],
                "raw_logprob": -1.4437272548675537,
                "cons_logprob": -1.429672122001648
            },
            "acceptance_prob": 1,
            "accepted": true
        },
        {
            "current": {
                "tokens": [
                    "OC",
                    "(C",
                    "O",
                    ")",
                    "CC",
                    "O",
                    "<|im_end|>"
                ],
                "token_ids": [
                    7612,
                    3025,
                    46,
                    8,
                    3706,
                    46,
                    151645
                ],
                "raw_logprob": -1.4437272548675537,
                "cons_logprob": -1.429672122001648
            },
            "proposal": {
                "tokens": [
                    "OC",
                    "(C",
                    ")(",
                    "C",
                    ")",
                    "CO",
                    "<|im_end|>"
                ],
                "token_ids": [
                    7612,
                    3025,
                    2376,
                    34,
                    8,
                    8281,
                    151645
                ],
                "raw_logprob": -4.805328845977783,
                "cons_logprob": -4.796833515167236
            },
            "acceptance_prob": 1,
            "accepted": true
        },
        {
            "current": {
                "tokens": [
                    "OC",
                    "(C",
                    ")(",
                    "C",
                    ")",
                    "CO",
                    "<|im_end|>"
                ],
                "token_ids": [
                    7612,
                    3025,
                    2376,
                    34,
                    8,
                    8281,
                    151645
                ],
                "raw_logprob": -4.805328845977783,
                "cons_logprob": -4.796833515167236
            },
            "proposal": {
                "tokens": [
                    "O",
                    "CC",
                    "O",
                    "<|im_end|>"
                ],
                "token_ids": [
                    46,
                    3706,
                    46,
                    151645
                ],
                "raw_logprob": -3.3046200275421143,
                "cons_logprob": -3.2966256141662598
            },
            "acceptance_prob": 1,
            "accepted": true
        },
        {
            "current": {
                "tokens": [
                    "O",
                    "CC",
                    "O",
                    "<|im_end|>"
                ],
                "token_ids": [
                    46,
                    3706,
                    46,
                    151645
                ],
                "raw_logprob": -3.3046200275421143,
                "cons_logprob": -3.2966256141662598
            },
            "proposal": {
                "tokens": [
                    "OC",
                    "(",
                    "=",
                    "O",
                    ")",
                    "N",
                    "CC",
                    "OC",
                    "(",
                    "=",
                    "O",
                    ")",
                    "NC",
                    "<|im_end|>"
                ],
                "token_ids": [
                    7612,
                    7,
                    28,
                    46,
                    8,
                    45,
                    3706,
                    7612,
                    7,
                    28,
                    46,
                    8,
                    9949,
                    151645
                ],
                "raw_logprob": -6.697566986083984,
                "cons_logprob": -6.641138076782227
            },
            "acceptance_prob": 0.9527197442866455,
            "accepted": true
        },
        {
            "current": {
                "tokens": [
                    "OC",
                    "(",
                    "=",
                    "O",
                    ")",
                    "N",
                    "CC",
                    "OC",
                    "(",
                    "=",
                    "O",
                    ")",
                    "NC",
                    "<|im_end|>"
                ],
                "token_ids": [
                    7612,
                    7,
                    28,
                    46,
                    8,
                    45,
                    3706,
                    7612,
                    7,
                    28,
                    46,
                    8,
                    9949,
                    151645
                ],
                "raw_logprob": -6.697566986083984,
                "cons_logprob": -6.641138076782227
            },