{
    "steps": [
        {
            "current": {
                "tokens": [
                    "OC",
                    "(C",
                    "O",
                    ")",
                    "CC",
                    "O",
                    "<|im_end|>"
                ],
                "token_ids": [
                    7612,
                    3025,
                    46,
                    8,
                    3706,
                    46,
                    151645
                ],
                "raw_logprob": -1.4437272548675537,
                "cons_logprob": -1.429672122001648
            },
            "proposal": {
                "tokens": [
                    "O",
                    "CC",
                    "OC",
                    "(",
                    "=",
                    "O",
                    ")",
                    "OC",
                    "OC",
                    "(",
                    "=",
                    "O",
                    ")",
                    "CO",
                    "<|im_end|>"
                ],
                "token_ids": [
                    46,
                    3706,
                    7612,
                    7,
                    28,
                    46,
                    8,
                    7612,
                    7612,
                    7,
                    28,
                    46,
                    8,
                    8281,
                    151645
                ],
                "raw_logprob": -6.192139625549316,
                "cons_logprob": -6.059952735900879
            },
            "acceptance_prob": 0.8885789685955524,
            "accepted": true
        },
        {
            "current": {
                "tokens": [
                    "O",
                    "CC",
                    "OC",
                    "(",
                    "=",
                    "O",
                    ")",
                    "OC",
                    "OC",
                    "(",
                    "=",
                    "O",
                    ")",
                    "CO",
                    "<|im_end|>"
                ],
                "token_ids": [
                    46,
                    3706,
                    7612,
                    7,
                    28,
                    46,
                    8,
                    7612,
                    7612,
                    7,
                    28,
                    46,
                    8,
                    8281,
                    151645
                ],
                "raw_logprob": -6.192139625549316,
                "cons_logprob": -6.059952735900879
            },
            "proposal": {
                "tokens": [
                    "O",
                    "CC",
                    "(O",
                    ")",
                    "CC",
                    "O",
                    "<|im_end|>"
                ],
                "token_ids": [
                    46,
                    3706,
                    19238,
                    8,
                    3706,
                    46,
                    151645
                ],
                "raw_logprob": -4.345412254333496,
                "cons_logprob": -4.340582847595215
            },
            "acceptance_prob": 1,
            "accepted": true
        },
        {
            "current": {
                "tokens": [
                    "O",
                    "CC",
                    "(O",
                    ")",
                    "CC",
                    "O",
                    "<|im_end|>"
                ],
                "token_ids": [
                    46,
                    3706,
                    19238,
                    8,
                    3706,
                    46,
                    151645
                ],
                "raw_logprob": -4.345412254333496,
                "cons_logprob": -4.340582847595215
            },
            "proposal": {
                "tokens": [
                    "O",
                    "CC",
                    "OC",
                    "(",
                    "=",
                    "O",
                    ")",
                    "OC",
                    "OC",
                    "(",
                    "=",
                    "O",
                    ")",
                    "CO",
                    "CC",
                    "<|im_end|>"
                ],
                "token_ids": [
                    46,
                    3706,
                    7612,
                    7,
                    28,
                    46,
                    8,
                    7612,
                    7612,
                    7,
                    28,
                    46,
                    8,
                    8281,
                    3706,
                    151645
                ],
                "raw_logprob": -6.221921920776367,
                "cons_logprob": -6.085484504699707
            },
            "acceptance_prob": 0.8766845799024617,
            "accepted": true
        },
        {
            "current": {
                "tokens": [
                    "O",
                    "CC",
                    "OC",
                    "(",
                    "=",
                    "O",
                    ")",
                    "OC",
                    "OC",
                    "(",
                    "=",
                    "O",
                    ")",
                    "CO",
                    "CC",
                    "<|im_end|>"
                ],
                "token_ids": [
                    46,
                    3706,
                    7612,
                    7,
                    28,
                    46,
                    8,
                    7612,
                    7612,
                    7,
                    28,
                    46,
                    8,
                    8281,
                    3706,
                    151645
                ],
                "raw_logprob": -6.221921920776367,
                "cons_logprob": -6.085484504699707
            },
            "proposal": {
                "tokens": [
                    "OC",
                    "(C",
                    ")",
                    "OC",
                    "(C",
                    ")",
                    "O",
                    "<|im_end|>"
                ],
                "token_ids": [
                    7612,
                    3025,
                    8,
                    7612,
                    3025,
                    8,
                    46,
                    151645
                ],
                "raw_logprob": -2.466379165649414,
                "cons_logprob": -2.4544880390167236
            },
            "acceptance_prob": 1,
            "accepted": true
        },
        {
            "current": {
                "tokens": [
                    "OC",
                    "(C",
                    ")",
                    "OC",
                    "(C",
                    ")",
                    "O",
                    "<|im_end|>"
                ],
                "token_ids": [
                    7612,
                    3025,
                    8,
                    7612,
                    3025,
                    8,
                    46,
                    151645
                ],
                "raw_logprob": -2.466379165649414,
                "cons_logprob": -2.4544880390167236
            },
            "proposal": {
                "tokens": [
                    "O",
                    "CC",
                    "CO",
                    "<|im_end|>"
                ],
                "token_ids": [
                    46,
                    3706,
                    8281,
                    151645
                ],
                "raw_logprob": -3.4798858165740967,