{
    "steps": [
        {
            "current": {
                "tokens": [],
                "token_ids": [
                    69647,
                    2269,
                    359,
                    282,
                    1819,
                    609,
                    935,
                    595,
                    935,
                    320,
                    496,
                    18497,
                    836,
                    220,
                    15,
                    320,
                    496,
                    5265,
                    1073,
                    836,
                    330,
                    330,
                    220,
                    15,
                    7861,
                    128009
                ],
                "raw_logprob": -7.09375,
                "cons_logprob": -1
            },
            "proposal": {
                "tokens": [],
                "token_ids": [
                    69647,
                    2269,
                    359,
                    282,
                    1819,
                    609,
                    935,
                    595,
                    935,
                    320,
                    496,
                    18497,
                    836,
                    220,
                    15,
                    320,
                    496,
                    5265,
                    1073,
                    836,
                    330,
                    330,
                    220,
                    15,
                    7861,
                    128009
                ],
                "raw_logprob": -7.09375,
                "cons_logprob": -1
            }
        },
        {
            "current": {
                "tokens": [],
                "token_ids": [
                    69647,
                    2269,
                    359,
                    282,
                    1819,
                    609,
                    935,
                    595,
                    935,
                    320,
                    496,
                    18497,
                    836,
                    220,
                    15,
                    320,
                    496,
                    5265,
                    1073,
                    836,
                    330,
                    330,
                    220,
                    16,
                    7861,
                    128009
                ],
                "raw_logprob": -16.28107452392578,
                "cons_logprob": -1
            },
            "proposal": {
                "tokens": [],
                "token_ids": [
                    69647,
                    2269,
                    359,
                    282,
                    1819,
                    609,
                    935,
                    595,
                    935,
                    320,
                    496,
                    18497,
                    836,
                    220,
                    15,
                    320,
                    496,
                    5265,
                    1073,
                    836,
                    330,
                    330,
                    220,
                    16,
                    7861,
                    128009
                ],
                "raw_logprob": -16.28107452392578,
                "cons_logprob": -1
            }
        },
        {
            "current": {
                "tokens": [],
                "token_ids": [
                    69647,
                    2269,
                    359,
                    282,
                    1819,
                    609,
                    935,
                    595,
                    935,
                    320,
                    496,
                    6990,
                    836,
                    220,
                    15,
                    595,
                    128009
                ],
                "raw_logprob": -11.125,
                "cons_logprob": -1
            },
            "proposal": {
                "tokens": [],
                "token_ids": [
                    69647,
                    2269,
                    359,
                    282,
                    1819,
                    609,
                    935,
                    595,
                    935,
                    320,
                    496,
                    6990,
                    836,
                    220,
                    15,
                    595,
                    128009
                ],
                "raw_logprob": -11.125,
                "cons_logprob": -1
            }
        },
        {
            "current": {
                "tokens": [],
                "token_ids": [
                    69647,
                    2269,
                    359,
                    282,
                    1819,
                    609,
                    935,
                    595,
                    935,
                    320,
                    496,
                    18497,
                    836,
                    220,
                    15,
                    320,
                    496,
                    5265,
                    1073,
                    836,
                    330,
                    330,
                    10505,
                    220,
                    16,
                    220,
                    15,
                    26843,
                    128009
                ],
                "raw_logprob": -21.68621826171875,
                "cons_logprob": -1
            },
            "proposal": {
                "tokens": [],
                "token_ids": [
                    69647,
                    2269,
                    359,
                    282,
                    1819,
                    609,
                    935,
                    595,
                    935,
                    320,
                    496,
                    18497,
                    836,
                    220,
                    15,
                    320,
                    496,
                    5265,
                    1073,
                    836,
                    330,
                    330,
                    10505,
                    220,
                    16,
                    220,
                    15,
                    26843,
                    128009
                ],
                "raw_logprob": -21.68621826171875,
                "cons_logprob": -1
            }
        },
        {
            "current": {
                "tokens": [],
                "token_ids": [
                    21941,
                    483,
                    2269,
                    359,
                    282,
                    1819,
                    609,
                    935,
                    595,
                    935,
                    320,
                    496,
                    18497,
                    836,
                    220,
                    15,
                    320,
                    496,
                    5265,
                    1073,
                    836,
                    330,
                    330,
                    220,
                    15,
                    7861,
                    128009
                ],
                "raw_logprob": -16.75,
                "cons_logprob": -1
            },
            "proposal": {
                "tokens": [],