{
    "steps": [
        {
            "tokens": [
                "(define",
                "-f",
                "un",
                " f",
                " ((",
                "name",
                " String",
                "))",
                " String",
                " (",
                "str",
                ".at",
                " name",
                " ",
                "0",
                "))",
                "<|eot_id|>"
            ],
            "token_ids": [
                69647,
                2269,
                359,
                282,
                1819,
                609,
                935,
                595,
                935,
                320,
                496,
                6990,
                836,
                220,
                15,
                595,
                128009
            ],
            "raw_logprob": -9.864789962768555,
            "cons_logprob": -5.80181360244751
        },
        {
            "tokens": [
                "(define",
                "-f",
                "un",
                " f",
                " ((",
                "name",
                " String",
                "))",
                " String",
                " (",
                "str",
                ".at",
                " name",
                " ",
                "0",
                "))",
                "<|eot_id|>"
            ],
            "token_ids": [
                69647,
                2269,
                359,
                282,
                1819,
                609,
                935,
                595,
                935,
                320,
                496,
                6990,
                836,
                220,
                15,
                595,
                128009
            ],
            "raw_logprob": -9.864789962768555,
            "cons_logprob": -5.80181360244751
        },
        {
            "tokens": [
                "(define",
                "-f",
                "un",
                " f",
                " ((",
                "name",
                " String",
                "))",
                " String",
                " (",
                "str",
                ".at",
                " name",
                " ",
                "0",
                "))",
                "<|eot_id|>"
            ],
            "token_ids": [
                69647,
                2269,
                359,
                282,
                1819,
                609,
                935,
                595,
                935,
                320,
                496,
                6990,
                836,
                220,
                15,
                595,
                128009
            ],
            "raw_logprob": -9.864789962768555,
            "cons_logprob": -5.80181360244751
        },
        {
            "tokens": [
                "(define",
                "-f",
                "un",
                " f",
                " ((",
                "name",
                " String",
                "))",
                " String",
                " (",
                "str",
                ".at",
                " name",
                " ",
                "0",
                "))",
                "<|eot_id|>"
            ],
            "token_ids": [
                69647,
                2269,
                359,
                282,
                1819,
                609,
                935,
                595,
                935,
                320,
                496,
                6990,
                836,
                220,
                15,
                595,
                128009
            ],
            "raw_logprob": -9.864789962768555,
            "cons_logprob": -5.80181360244751
        }
    ],
    "successes": [
        false,
        false,
        false,
        false,
        false,
        false,
        false,
        false,
        false,
        false,
        false,
        false,
        false,
        false,
        false,
        false,
        false,
        false,
        false,
        false,
        false,
        false,
        false,
        false,
        false,
        false,
        false,
        false,
        false,
        false,
        false,
        false,
        false,
        false,
        false,
        false,
        false,
        false,
        false,
        false,
        false,
        false,
        false,
        false,
        false,
        false,
        false,
        false,
        false,
        false,
        false,
        false,
        false,
        false,
        false,
        false,
        false,
        false,
        false,
        false,
        false,
        false,
        false,
        false,
        false,
        false,
        false,
        false,
        false,
        false,
        false,
        false,
        false,
        false,
        false,
        false,
        false,
        false,
        false,
        false,
        false,
        false,
        false,
        false,
        false,
        false,
        false,
        false,
        false,
        false,
        false,
        false,
        false,
        false,
        false,
        false,
        false,
        false,
        false,
        false,
        false,
        false,
        false,
        false,
        false,
        false,
        false,
        false,
        false,
        false,
        false,
        false,
        false,
        false,
        false,
        false,
        false,
        false,
        false,
        false,
        false,
        false,
        false,
        false,
        false,
        false,
        false,
        false,
        false,
        false,
        false,
        false,
        false,
        false,
        false,
        false,
        false,
        false,
        false,
        false,
        false,
        false,
        false,
        false,
        false,
        false,
        false,
        false,
        false,
        false,
        false,
        false,
        false,
        false,
        false,
        false,
        false,
        false,
        false,
        false,
        false,
        false,
        false,
        false,
        false,
        false,
        false,
        false,
        false,
        false,
        false,
        false,
        false,
        false,
        false,
        false,
        false,
        false,
        false,
        false,
        false,
        false,
        false,
        false,
        false,
        false,
        false,
        false,
        false,
        false,
        false,
        false,
        false,
        false,
        false,
        false,
        false,
        false,
        false,
        false,
        false,
        false,
        false,
        false,
        false,
        false,
        false,
        false,
        false,
        false,
        false,
        false,
        false,
        false,
        false,
        false,
        false,
        false,
        false,
        false,
        false,
        false,
        false,
        false,
        false,
        false,
        false,
        false,
        false,
        false,
        false,
        false,
        false,
        false,
        false,
        false,
        false,
        false,
        false,
        false,
        false,
        false,
        false,
        false,
        false,
        false,
        false,
        false,
        false,
        false,
        false,
        false,
        false,
        false,
        false,
        false,
        false,
        false,
        false,
        false,
        false,
        false,
        false,
        false,
        false,
        false,
        false,
        false,
        false,
        false,
        false,
        false,
        false,
        false,
