{
    "steps": [
        {
            "current": {
                "tokens": [],
                "token_ids": [
                    58,
                    320,
                    44340,
                    12,
                    12321,
                    320,
                    45778,
                    18516,
                    883,
                    320,
                    452,
                    27321,
                    36094,
                    883,
                    320,
                    452,
                    27321,
                    40201,
                    883,
                    883,
                    2331,
                    128009
                ],
                "raw_logprob": -12.739168167114258,
                "cons_logprob": -1
            },
            "proposal": {
                "tokens": [],
                "token_ids": [
                    58,
                    320,
                    44340,
                    12,
                    12321,
                    320,
                    45778,
                    18516,
                    883,
                    320,
                    452,
                    27321,
                    36094,
                    883,
                    320,
                    452,
                    27321,
                    40201,
                    883,
                    883,
                    2331,
                    128009
                ],
                "raw_logprob": -12.739168167114258,
                "cons_logprob": -1
            }
        },
        {
            "current": {
                "tokens": [],
                "token_ids": [
                    58,
                    320,
                    44340,
                    11529,
                    51316,
                    320,
                    452,
                    27321,
                    18516,
                    883,
                    320,
                    452,
                    27321,
                    36094,
                    883,
                    320,
                    452,
                    27321,
                    40201,
                    883,
                    883,
                    2331,
                    128009
                ],
                "raw_logprob": -5.625,
                "cons_logprob": -1
            },
            "proposal": {
                "tokens": [],
                "token_ids": [
                    58,
                    320,
                    44340,
                    11529,
                    51316,
                    320,
                    452,
                    27321,
                    18516,
                    883,
                    320,
                    452,
                    27321,
                    36094,
                    883,
                    320,
                    452,
                    27321,
                    40201,
                    883,
                    883,
                    2331,
                    128009
                ],
                "raw_logprob": -5.625,
                "cons_logprob": -1
            }
        },
        {
            "current": {
                "tokens": [],
                "token_ids": [
                    58,
                    320,
                    44340,
                    320,
                    452,
                    27321,
                    18516,
                    883,
                    320,
                    452,
                    27321,
                    36094,
                    883,
                    320,
                    452,
                    27321,
                    40201,
                    883,
                    883,
                    2331,
                    128009
                ],
                "raw_logprob": -8.1875,
                "cons_logprob": -1
            },
            "proposal": {
                "tokens": [],
                "token_ids": [
                    58,
                    320,
                    44340,
                    320,
                    452,
                    27321,
                    18516,
                    883,
                    320,
                    452,
                    27321,
                    36094,
                    883,
                    320,
                    452,
                    27321,
                    40201,
                    883,
                    883,
                    2331,
                    128009
                ],
                "raw_logprob": -8.1875,
                "cons_logprob": -1
            }
        },
        {
            "current": {
                "tokens": [],
                "token_ids": [
                    58,
                    320,
                    44340,
                    11529,
                    51316,
                    320,
                    71140,
                    18516,
                    883,
                    320,
                    45778,
                    36094,
                    883,
                    320,
                    452,
                    27321,
                    40201,
                    883,
                    883,
                    2331,
                    128009
                ],
                "raw_logprob": -9.4375,
                "cons_logprob": -1
            },
            "proposal": {
                "tokens": [],
                "token_ids": [
                    58,
                    320,
                    44340,
                    11529,
                    51316,
                    320,
                    71140,
                    18516,
                    883,
                    320,
                    45778,
                    36094,
                    883,
                    320,
                    452,
                    27321,
                    40201,
                    883,
                    883,
                    2331,
                    128009
                ],
                "raw_logprob": -9.4375,
                "cons_logprob": -1
            }
        },
        {
            "current": {
                "tokens": [],
                "token_ids": [
                    58,
                    320,
                    44340,
                    320,
                    452,
                    27321,
                    18516,
                    883,
                    320,
                    452,
                    2507,
                    36094,
                    883,
                    320,
                    452,
                    2507,
                    40201,
                    883,
                    883,
                    2331,
                    128009
                ],
                "raw_logprob": -9.6875,
                "cons_logprob": -1
            },
            "proposal": {
                "tokens": [],
                "token_ids": [
                    58,
                    320,
                    44340,
                    320,
                    452,
                    27321,
                    18516,
                    883,
                    320,
                    452,
                    2507,
                    36094,
                    883,
                    320,
                    452,
                    2507,
                    40201,
                    883,
                    883,
                    2331,
                    128009
                ],
                "raw_logprob": -9.6875,
                "cons_logprob": -1
            }
        },
        {
            "current": {
                "tokens": [],