{
    "steps": [
        {
            "current": {
                "tokens": [
                    "[",
                    " (",
                    " NP",
                    "-H",
                    "LN",
                    " (",
                    " NN",
                    "P",
                    "S",
                    "\u307e\u305f",
                    "<|eot_id|>"
                ],
                "token_ids": [
                    58,
                    320,
                    44340,
                    11529,
                    51316,
                    320,
                    45778,
                    47,
                    50,
                    53900,
                    128009
                ],
                "raw_logprob": -74.5,
                "cons_logprob": -12.813074111938477
            },
            "proposal": {
                "tokens": [
                    "[",
                    " (",
                    " NP",
                    "-H",
                    "LN",
                    " (",
                    " NN",
                    "P",
                    "S",
                    "ulu",
                    "<|eot_id|>"
                ],
                "token_ids": [
                    58,
                    320,
                    44340,
                    11529,
                    51316,
                    320,
                    45778,
                    47,
                    50,
                    25415,
                    128009
                ],
                "raw_logprob": -72.5,
                "cons_logprob": -12.813074111938477
            },
            "acceptance_prob": 1,
            "accepted": true
        },
        {
            "current": {
                "tokens": [
                    "[",
                    " (",
                    " NP",
                    "-H",
                    "LN",
                    " (",
                    " NN",
                    "P",
                    "S",
                    "ulu",
                    "<|eot_id|>"
                ],
                "token_ids": [
                    58,
                    320,
                    44340,
                    11529,
                    51316,
                    320,
                    45778,
                    47,
                    50,
                    25415,
                    128009
                ],
                "raw_logprob": -72.5,
                "cons_logprob": -12.813074111938477
            },
            "proposal": {
                "tokens": [
                    "[",
                    " (",
                    " NN",
                    " Pl",
                    "unge",
                    " )",
                    " ]",
                    "<|eot_id|>"
                ],
                "token_ids": [
                    58,
                    320,
                    45778,
                    1856,
                    14208,
                    883,
                    2331,
                    128009
                ],
                "raw_logprob": -8.5,
                "cons_logprob": -0.9418982267379761
            },
            "acceptance_prob": 1,
            "accepted": true
        },
        {
            "current": {
                "tokens": [
                    "[",
                    " (",
                    " NN",
                    " Pl",
                    "unge",
                    " )",
                    " ]",
                    "<|eot_id|>"
                ],
                "token_ids": [
                    58,
                    320,
                    45778,
                    1856,
                    14208,
                    883,
                    2331,
                    128009
                ],
                "raw_logprob": -8.5,
                "cons_logprob": -0.9418982267379761
            },
            "proposal": {
                "tokens": [
                    "[",
                    " (",
                    " NP",
                    "-H",
                    "LN",
                    " (",
                    " NN",
                    "P",
                    "S",
                    " \ufffd",
                    "<|eot_id|>"
                ],
                "token_ids": [
                    58,
                    320,
                    44340,
                    11529,
                    51316,
                    320,
                    45778,
                    47,
                    50,
                    110385,
                    128009
                ],
                "raw_logprob": -73.0,
                "cons_logprob": -12.813074111938477
            },
            "acceptance_prob": 1.3918489235135487e-23,
            "accepted": false
        },
        {
            "current": {
                "tokens": [
                    "[",
                    " (",
                    " NN",
                    " Pl",
                    "unge",
                    " )",
                    " ]",
                    "<|eot_id|>"
                ],
                "token_ids": [
                    58,
                    320,
                    45778,
                    1856,
                    14208,
                    883,
                    2331,
                    128009
                ],
                "raw_logprob": -8.5,
                "cons_logprob": -0.9418982267379761
            },
            "proposal": {
                "tokens": [
                    "[",
                    " (",
                    " NP",
                    "-H",
                    "LN",
                    " (",
                    " NN",
                    "P",
                    "S",
                    " \ud68c",
                    "<|eot_id|>"
                ],
                "token_ids": [
                    58,
                    320,
                    44340,
                    11529,
                    51316,
                    320,
                    45778,
                    47,
                    50,
                    99105,
                    128009
                ],
                "raw_logprob": -77.0,
                "cons_logprob": -12.813074111938477
            },
            "acceptance_prob": 2.549260227074756e-25,
            "accepted": false
        },
        {
            "current": {
                "tokens": [
                    "[",
                    " (",
                    " NN",
                    " Pl",
                    "unge",
                    " )",
                    " ]",
                    "<|eot_id|>"
                ],
                "token_ids": [
                    58,
                    320,
                    45778,
                    1856,
                    14208,
                    883,
                    2331,
                    128009
                ],
                "raw_logprob": -8.5,
                "cons_logprob": -0.9418982267379761
            },
            "proposal": {
                "tokens": [
                    "[",
                    " (",
                    " NN",
                    " Pl",
                    "unge",
                    " )",
                    " ]",
                    "<|eot_id|>"
                ],
                "token_ids": [
                    58,
                    320,
                    45778,
                    1856,
                    14208,
                    883,
                    2331,
                    128009
                ],
                "raw_logprob": -8.5,
                "cons_logprob": -0.9418982267379761
            },
            "acceptance_prob": 1,