{
    "steps": [
        {
            "current": {
                "tokens": [
                    "[",
                    " (",
                    " NP",
                    "-H",
                    "LN",
                    " (",
                    " NN",
                    "P",
                    "S",
                    " Demir",
                    "<|eot_id|>"
                ],
                "token_ids": [
                    58,
                    320,
                    44340,
                    11529,
                    51316,
                    320,
                    45778,
                    47,
                    50,
                    119371,
                    128009
                ],
                "raw_logprob": -76.0,
                "cons_logprob": -12.813074111938477
            },
            "proposal": {
                "tokens": [
                    "[",
                    " (",
                    " NP",
                    "-H",
                    "LN",
                    " (",
                    " NN",
                    "P",
                    "S",
                    "\u043b\u0438\u0432\u0430",
                    "<|eot_id|>"
                ],
                "token_ids": [
                    58,
                    320,
                    44340,
                    11529,
                    51316,
                    320,
                    45778,
                    47,
                    50,
                    103793,
                    128009
                ],
                "raw_logprob": -71.5,
                "cons_logprob": -12.813074111938477
            },
            "acceptance_prob": 1,
            "accepted": true
        },
        {
            "current": {
                "tokens": [
                    "[",
                    " (",
                    " NP",
                    "-H",
                    "LN",
                    " (",
                    " NN",
                    "P",
                    "S",
                    "\u043b\u0438\u0432\u0430",
                    "<|eot_id|>"
                ],
                "token_ids": [
                    58,
                    320,
                    44340,
                    11529,
                    51316,
                    320,
                    45778,
                    47,
                    50,
                    103793,
                    128009
                ],
                "raw_logprob": -71.5,
                "cons_logprob": -12.813074111938477
            },
            "proposal": {
                "tokens": [
                    "[",
                    " (",
                    " NP",
                    "-H",
                    "LN",
                    " (",
                    " NN",
                    "P",
                    "S",
                    " puss",
                    "<|eot_id|>"
                ],
                "token_ids": [
                    58,
                    320,
                    44340,
                    11529,
                    51316,
                    320,
                    45778,
                    47,
                    50,
                    84800,
                    128009
                ],
                "raw_logprob": -70.0,
                "cons_logprob": -12.813074111938477
            },
            "acceptance_prob": 1,
            "accepted": true
        },
        {
            "current": {
                "tokens": [
                    "[",
                    " (",
                    " NP",
                    "-H",
                    "LN",
                    " (",
                    " NN",
                    "P",
                    "S",
                    " puss",
                    "<|eot_id|>"
                ],
                "token_ids": [
                    58,
                    320,
                    44340,
                    11529,
                    51316,
                    320,
                    45778,
                    47,
                    50,
                    84800,
                    128009
                ],
                "raw_logprob": -70.0,
                "cons_logprob": -12.813074111938477
            },
            "proposal": {
                "tokens": [
                    "[",
                    " (",
                    " NP",
                    "-H",
                    "LN",
                    " (",
                    " NN",
                    "P",
                    "S",
                    "/modal",
                    "<|eot_id|>"
                ],
                "token_ids": [
                    58,
                    320,
                    44340,
                    11529,
                    51316,
                    320,
                    45778,
                    47,
                    50,
                    75301,
                    128009
                ],
                "raw_logprob": -75.5,
                "cons_logprob": -12.813074111938477
            },
            "acceptance_prob": 0.004086771438464067,
            "accepted": false
        },
        {
            "current": {
                "tokens": [
                    "[",
                    " (",
                    " NP",
                    "-H",
                    "LN",
                    " (",
                    " NN",
                    "P",
                    "S",
                    " puss",
                    "<|eot_id|>"
                ],
                "token_ids": [
                    58,
                    320,
                    44340,
                    11529,
                    51316,
                    320,
                    45778,
                    47,
                    50,
                    84800,
                    128009
                ],
                "raw_logprob": -70.0,
                "cons_logprob": -12.813074111938477
            },
            "proposal": {
                "tokens": [
                    "[",
                    " (",
                    " NP",
                    "-H",
                    "LN",
                    " (",
                    " NN",
                    "P",
                    "S",
                    " possibilities",
                    "<|eot_id|>"
                ],
                "token_ids": [
                    58,
                    320,
                    44340,
                    11529,
                    51316,
                    320,
                    45778,
                    47,
                    50,
                    24525,
                    128009
                ],
                "raw_logprob": -70.5,
                "cons_logprob": -12.813074111938477
            },
            "acceptance_prob": 0.6065306597126334,
            "accepted": true
        },
        {
            "current": {
                "tokens": [
                    "[",
                    " (",
                    " NP",
                    "-H",
                    "LN",
                    " (",
                    " NN",
                    "P",
                    "S",
                    " possibilities",
                    "<|eot_id|>"
                ],
                "token_ids": [
                    58,
                    320,
                    44340,
                    11529,
                    51316,
                    320,
                    45778,
                    47,
                    50,
                    24525,
                    128009
                ],
                "raw_logprob": -70.5,
                "cons_logprob": -12.813074111938477
            },