{
    "steps": [
        {
            "current": {
                "tokens": [
                    "[",
                    " (",
                    " NP",
                    "-H",
                    "LN",
                    " (",
                    " NN",
                    "P",
                    "S",
                    " Target",
                    "<|eot_id|>"
                ],
                "token_ids": [
                    58,
                    320,
                    44340,
                    11529,
                    51316,
                    320,
                    45778,
                    47,
                    50,
                    13791,
                    128009
                ],
                "raw_logprob": -70.5,
                "cons_logprob": -12.813074111938477
            },
            "proposal": {
                "tokens": [
                    "[",
                    " (",
                    " NP",
                    "-H",
                    "LN",
                    " (",
                    " NN",
                    "P",
                    "S",
                    ".air",
                    "<|eot_id|>"
                ],
                "token_ids": [
                    58,
                    320,
                    44340,
                    11529,
                    51316,
                    320,
                    45778,
                    47,
                    50,
                    61602,
                    128009
                ],
                "raw_logprob": -73.0,
                "cons_logprob": -12.813074111938477
            },
            "acceptance_prob": 0.0820849986238988,
            "accepted": false
        },
        {
            "current": {
                "tokens": [
                    "[",
                    " (",
                    " NP",
                    "-H",
                    "LN",
                    " (",
                    " NN",
                    "P",
                    "S",
                    " Target",
                    "<|eot_id|>"
                ],
                "token_ids": [
                    58,
                    320,
                    44340,
                    11529,
                    51316,
                    320,
                    45778,
                    47,
                    50,
                    13791,
                    128009
                ],
                "raw_logprob": -70.5,
                "cons_logprob": -12.813074111938477
            },
            "proposal": {
                "tokens": [
                    "[",
                    " (",
                    " NN",
                    " Pl",
                    "unge",
                    " )",
                    " ]",
                    "<|eot_id|>"
                ],
                "token_ids": [
                    58,
                    320,
                    45778,
                    1856,
                    14208,
                    883,
                    2331,
                    128009
                ],
                "raw_logprob": -8.5,
                "cons_logprob": -0.9418982267379761
            },
            "acceptance_prob": 1,
            "accepted": true
        },
        {
            "current": {
                "tokens": [
                    "[",
                    " (",
                    " NN",
                    " Pl",
                    "unge",
                    " )",
                    " ]",
                    "<|eot_id|>"
                ],
                "token_ids": [
                    58,
                    320,
                    45778,
                    1856,
                    14208,
                    883,
                    2331,
                    128009
                ],
                "raw_logprob": -8.5,
                "cons_logprob": -0.9418982267379761
            },
            "proposal": {
                "tokens": [
                    "[",
                    " (",
                    " NP",
                    " (",
                    " JJ",
                    "R",
                    " mathematic",
                    "<|eot_id|>"
                ],
                "token_ids": [
                    58,
                    320,
                    44340,
                    320,
                    71140,
                    49,
                    21651,
                    128009
                ],
                "raw_logprob": -51.0,
                "cons_logprob": -14.952993392944336
            },
            "acceptance_prob": 4.240585609389891e-13,
            "accepted": false
        },
        {
            "current": {
                "tokens": [
                    "[",
                    " (",
                    " NN",
                    " Pl",
                    "unge",
                    " )",
                    " ]",
                    "<|eot_id|>"
                ],
                "token_ids": [
                    58,
                    320,
                    45778,
                    1856,
                    14208,
                    883,
                    2331,
                    128009
                ],
                "raw_logprob": -8.5,
                "cons_logprob": -0.9418982267379761
            },
            "proposal": {
                "tokens": [
                    "[",
                    " (",
                    " NP",
                    "-H",
                    "LN",
                    " (",
                    " NN",
                    "P",
                    "S",
                    "_accounts",
                    "<|eot_id|>"
                ],
                "token_ids": [
                    58,
                    320,
                    44340,
                    11529,
                    51316,
                    320,
                    45778,
                    47,
                    50,
                    56765,
                    128009
                ],
                "raw_logprob": -76.5,
                "cons_logprob": -12.813074111938477
            },
            "acceptance_prob": 4.203019560927989e-25,
            "accepted": false
        },
        {
            "current": {
                "tokens": [
                    "[",
                    " (",
                    " NN",
                    " Pl",
                    "unge",
                    " )",
                    " ]",
                    "<|eot_id|>"
                ],
                "token_ids": [
                    58,
                    320,
                    45778,
                    1856,
                    14208,
                    883,
                    2331,
                    128009
                ],
                "raw_logprob": -8.5,
                "cons_logprob": -0.9418982267379761
            },
            "proposal": {
                "tokens": [
                    "[",
                    " (",
                    " NN",
                    " Pl",
                    "unge",
                    " )",
                    " ]",
                    "<|eot_id|>"
                ],
                "token_ids": [
                    58,
                    320,
                    45778,
                    1856,
                    14208,
                    883,
                    2331,
                    128009
                ],
                "raw_logprob": -8.5,
                "cons_logprob": -0.9418982267379761
            },
            "acceptance_prob": 1,
            "accepted": true
        },
        {
            "current": {
                "tokens": [
                    "[",
                    " (",
                    " NN",
                    " Pl",
                    "unge",
                    " )",
                    " ]",
                    "<|eot_id|>"
                ],