{
    "steps": [
        {
            "current": {
                "tokens": [
                    "[",
                    " (",
                    " NP",
                    " (",
                    " JJ",
                    "R",
                    " silicone",
                    "<|eot_id|>"
                ],
                "token_ids": [
                    58,
                    320,
                    44340,
                    320,
                    71140,
                    49,
                    54025,
                    128009
                ],
                "raw_logprob": -52.25,
                "cons_logprob": -14.952993392944336
            },
            "proposal": {
                "tokens": [
                    "[",
                    " (",
                    " NP",
                    " (",
                    " NN",
                    "P",
                    "S",
                    "leigh",
                    "<|eot_id|>"
                ],
                "token_ids": [
                    58,
                    320,
                    44340,
                    320,
                    45778,
                    47,
                    50,
                    64069,
                    128009
                ],
                "raw_logprob": -72.0,
                "cons_logprob": -14.703594207763672
            },
            "acceptance_prob": 1.833237791251746e-09,
            "accepted": false
        },
        {
            "current": {
                "tokens": [
                    "[",
                    " (",
                    " NP",
                    " (",
                    " JJ",
                    "R",
                    " silicone",
                    "<|eot_id|>"
                ],
                "token_ids": [
                    58,
                    320,
                    44340,
                    320,
                    71140,
                    49,
                    54025,
                    128009
                ],
                "raw_logprob": -52.25,
                "cons_logprob": -14.952993392944336
            },
            "proposal": {
                "tokens": [
                    "[",
                    " (",
                    " NP",
                    " (",
                    " N",
                    "NP",
                    "S",
                    "\u4e66\u8bb0",
                    "<|eot_id|>"
                ],
                "token_ids": [
                    58,
                    320,
                    44340,
                    320,
                    452,
                    27321,
                    50,
                    124960,
                    128009
                ],
                "raw_logprob": -59.0,
                "cons_logprob": -15.050986289978027
            },
            "acceptance_prob": 0.0010911859415811596,
            "accepted": false
        },
        {
            "current": {
                "tokens": [
                    "[",
                    " (",
                    " NP",
                    " (",
                    " JJ",
                    "R",
                    " silicone",
                    "<|eot_id|>"
                ],
                "token_ids": [
                    58,
                    320,
                    44340,
                    320,
                    71140,
                    49,
                    54025,
                    128009
                ],
                "raw_logprob": -52.25,
                "cons_logprob": -14.952993392944336
            },
            "proposal": {
                "tokens": [
                    "[",
                    " (",
                    " NP",
                    " (",
                    " JJ",
                    "R",
                    "/slick",
                    "<|eot_id|>"
                ],
                "token_ids": [
                    58,
                    320,
                    44340,
                    320,
                    71140,
                    49,
                    97324,
                    128009
                ],
                "raw_logprob": -52.75,
                "cons_logprob": -14.952993392944336
            },
            "acceptance_prob": 0.6065306597126345,
            "accepted": true
        },
        {
            "current": {
                "tokens": [
                    "[",
                    " (",
                    " NP",
                    " (",
                    " JJ",
                    "R",
                    "/slick",
                    "<|eot_id|>"
                ],
                "token_ids": [
                    58,
                    320,
                    44340,
                    320,
                    71140,
                    49,
                    97324,
                    128009
                ],
                "raw_logprob": -52.75,
                "cons_logprob": -14.952993392944336
            },
            "proposal": {
                "tokens": [
                    "[",
                    " (",
                    " NP",
                    " (",
                    " JJ",
                    "R",
                    "OT",
                    "<|eot_id|>"
                ],
                "token_ids": [
                    58,
                    320,
                    44340,
                    320,
                    71140,
                    49,
                    1831,
                    128009
                ],
                "raw_logprob": -53.0,
                "cons_logprob": -14.957340240478516
            },
            "acceptance_prob": 0.7807594978249316,
            "accepted": true
        },
        {
            "current": {
                "tokens": [
                    "[",
                    " (",
                    " NP",
                    " (",
                    " JJ",
                    "R",
                    "OT",
                    "<|eot_id|>"
                ],
                "token_ids": [
                    58,
                    320,
                    44340,
                    320,
                    71140,
                    49,
                    1831,
                    128009
                ],
                "raw_logprob": -53.0,
                "cons_logprob": -14.957340240478516
            },
            "proposal": {
                "tokens": [
                    "[",
                    " (",
                    " NP",
                    " (",
                    " JJ",
                    "R",
                    "OT",
                    "<|eot_id|>"
                ],
                "token_ids": [
                    58,
                    320,
                    44340,
                    320,
                    71140,
                    49,
                    1831,
                    128009
                ],
                "raw_logprob": -53.0,
                "cons_logprob": -14.957340240478516
            },
            "acceptance_prob": 1,
            "accepted": true
        },
        {
            "current": {
                "tokens": [
                    "[",
                    " (",
                    " NP",
                    " (",
                    " JJ",
                    "R",
                    "OT",
                    "<|eot_id|>"
                ],
                "token_ids": [
                    58,
                    320,
                    44340,
                    320,
                    71140,
                    49,
                    1831,
                    128009
                ],
                "raw_logprob": -53.0,
                "cons_logprob": -14.957340240478516
            },