{
    "steps": [
        {
            "current": {
                "tokens": [
                    "[",
                    " (",
                    " NP",
                    " (",
                    " N",
                    "NP",
                    "S",
                    "\u03bf\u03cd\u03bd",
                    "<|eot_id|>"
                ],
                "token_ids": [
                    58,
                    320,
                    44340,
                    320,
                    452,
                    27321,
                    50,
                    107676,
                    128009
                ],
                "raw_logprob": -62.0,
                "cons_logprob": -15.019111633300781
            },
            "proposal": {
                "tokens": [
                    "[",
                    " (",
                    " NP",
                    " (",
                    " NN",
                    "P",
                    "S",
                    "(String",
                    "<|eot_id|>"
                ],
                "token_ids": [
                    58,
                    320,
                    44340,
                    320,
                    45778,
                    47,
                    50,
                    2292,
                    128009
                ],
                "raw_logprob": -77.0,
                "cons_logprob": -14.703594207763672
            },
            "acceptance_prob": 2.231286077336885e-07,
            "accepted": false
        },
        {
            "current": {
                "tokens": [
                    "[",
                    " (",
                    " NP",
                    " (",
                    " N",
                    "NP",
                    "S",
                    "\u03bf\u03cd\u03bd",
                    "<|eot_id|>"
                ],
                "token_ids": [
                    58,
                    320,
                    44340,
                    320,
                    452,
                    27321,
                    50,
                    107676,
                    128009
                ],
                "raw_logprob": -62.0,
                "cons_logprob": -15.019111633300781
            },
            "proposal": {
                "tokens": [
                    "[",
                    " (",
                    " NP",
                    " (",
                    " JJ",
                    "R",
                    " Org",
                    "<|eot_id|>"
                ],
                "token_ids": [
                    58,
                    320,
                    44340,
                    320,
                    71140,
                    49,
                    34806,
                    128009
                ],
                "raw_logprob": -50.75,
                "cons_logprob": -14.956743240356445
            },
            "acceptance_prob": 1,
            "accepted": true
        },
        {
            "current": {
                "tokens": [
                    "[",
                    " (",
                    " NP",
                    " (",
                    " JJ",
                    "R",
                    " Org",
                    "<|eot_id|>"
                ],
                "token_ids": [
                    58,
                    320,
                    44340,
                    320,
                    71140,
                    49,
                    34806,
                    128009
                ],
                "raw_logprob": -50.75,
                "cons_logprob": -14.956743240356445
            },
            "proposal": {
                "tokens": [
                    "[",
                    " (",
                    " NP",
                    " (",
                    " JJ",
                    "R",
                    " Org",
                    "<|eot_id|>"
                ],
                "token_ids": [
                    58,
                    320,
                    44340,
                    320,
                    71140,
                    49,
                    34806,
                    128009
                ],
                "raw_logprob": -50.75,
                "cons_logprob": -14.956743240356445
            },
            "acceptance_prob": 1,
            "accepted": true
        },
        {
            "current": {
                "tokens": [
                    "[",
                    " (",
                    " NP",
                    " (",
                    " JJ",
                    "R",
                    " Org",
                    "<|eot_id|>"
                ],
                "token_ids": [
                    58,
                    320,
                    44340,
                    320,
                    71140,
                    49,
                    34806,
                    128009
                ],
                "raw_logprob": -50.75,
                "cons_logprob": -14.956743240356445
            },
            "proposal": {
                "tokens": [
                    "[",
                    " (",
                    " NP",
                    "-H",
                    "LN",
                    " (",
                    " NN",
                    "P",
                    "S",
                    " eclipse",
                    "<|eot_id|>"
                ],
                "token_ids": [
                    58,
                    320,
                    44340,
                    11529,
                    51316,
                    320,
                    45778,
                    47,
                    50,
                    56528,
                    128009
                ],
                "raw_logprob": -72.0,
                "cons_logprob": -12.779934883117676
            },
            "acceptance_prob": 4.8658935709724806e-11,
            "accepted": false
        },
        {
            "current": {
                "tokens": [
                    "[",
                    " (",
                    " NP",
                    " (",
                    " JJ",
                    "R",
                    " Org",
                    "<|eot_id|>"
                ],
                "token_ids": [
                    58,
                    320,
                    44340,
                    320,
                    71140,
                    49,
                    34806,
                    128009
                ],
                "raw_logprob": -50.75,
                "cons_logprob": -14.956743240356445
            },
            "proposal": {
                "tokens": [
                    "[",
                    " (",
                    " NP",
                    "-H",
                    "LN",
                    " (",
                    " NN",
                    "P",
                    "S",
                    "_ATOM",
                    "<|eot_id|>"
                ],
                "token_ids": [
                    58,
                    320,
                    44340,
                    11529,
                    51316,
                    320,
                    45778,
                    47,
                    50,
                    98460,
                    128009
                ],
                "raw_logprob": -78.0,
                "cons_logprob": -12.821423530578613
            },
            "acceptance_prob": 1.2576611970428038e-13,
            "accepted": false
        },
        {
            "current": {
                "tokens": [
                    "[",
                    " (",
                    " NP",
                    " (",
                    " JJ",
                    "R",
                    " Org",
                    "<|eot_id|>"
                ],