{
    "steps": [
        {
            "current": {
                "tokens": [
                    "[",
                    " (",
                    " NN",
                    " Pl",
                    "unge",
                    " )",
                    " ]",
                    "<|eot_id|>"
                ],
                "token_ids": [
                    58,
                    320,
                    45778,
                    1856,
                    14208,
                    883,
                    2331,
                    128009
                ],
                "raw_logprob": -8.5,
                "cons_logprob": -0.9418982267379761
            },
            "proposal": {
                "tokens": [
                    "[",
                    " (",
                    " NP",
                    " (",
                    " NN",
                    "PS",
                    " \u0627\u0644\u0648\u0635",
                    "<|eot_id|>"
                ],
                "token_ids": [
                    58,
                    320,
                    44340,
                    320,
                    45778,
                    5119,
                    125803,
                    128009
                ],
                "raw_logprob": -57.75,
                "cons_logprob": -15.60428524017334
            },
            "acceptance_prob": 9.523366226666171e-16,
            "accepted": false
        },
        {
            "current": {
                "tokens": [
                    "[",
                    " (",
                    " NN",
                    " Pl",
                    "unge",
                    " )",
                    " ]",
                    "<|eot_id|>"
                ],
                "token_ids": [
                    58,
                    320,
                    45778,
                    1856,
                    14208,
                    883,
                    2331,
                    128009
                ],
                "raw_logprob": -8.5,
                "cons_logprob": -0.9418982267379761
            },
            "proposal": {
                "tokens": [
                    "[",
                    " (",
                    " NN",
                    " Pl",
                    "unge",
                    " )",
                    " ]",
                    "<|eot_id|>"
                ],
                "token_ids": [
                    58,
                    320,
                    45778,
                    1856,
                    14208,
                    883,
                    2331,
                    128009
                ],
                "raw_logprob": -8.5,
                "cons_logprob": -0.9437689781188965
            },
            "acceptance_prob": 1,
            "accepted": true
        },
        {
            "current": {
                "tokens": [
                    "[",
                    " (",
                    " NN",
                    " Pl",
                    "unge",
                    " )",
                    " ]",
                    "<|eot_id|>"
                ],
                "token_ids": [
                    58,
                    320,
                    45778,
                    1856,
                    14208,
                    883,
                    2331,
                    128009
                ],
                "raw_logprob": -8.5,
                "cons_logprob": -0.9437689781188965
            },
            "proposal": {
                "tokens": [
                    "[",
                    " (",
                    " NN",
                    " Pl",
                    "unge",
                    " )",
                    " ]",
                    "<|eot_id|>"
                ],
                "token_ids": [
                    58,
                    320,
                    45778,
                    1856,
                    14208,
                    883,
                    2331,
                    128009
                ],
                "raw_logprob": -8.5,
                "cons_logprob": -0.945557177066803
            },
            "acceptance_prob": 1,
            "accepted": true
        },
        {
            "current": {
                "tokens": [
                    "[",
                    " (",
                    " NN",
                    " Pl",
                    "unge",
                    " )",
                    " ]",
                    "<|eot_id|>"
                ],
                "token_ids": [
                    58,
                    320,
                    45778,
                    1856,
                    14208,
                    883,
                    2331,
                    128009
                ],
                "raw_logprob": -8.5,
                "cons_logprob": -0.945557177066803
            },
            "proposal": {
                "tokens": [
                    "[",
                    " (",
                    " NN",
                    " Pl",
                    "unge",
                    " )",
                    " ]",
                    "<|eot_id|>"
                ],
                "token_ids": [
                    58,
                    320,
                    45778,
                    1856,
                    14208,
                    883,
                    2331,
                    128009
                ],
                "raw_logprob": -8.5,
                "cons_logprob": -0.9418982267379761
            },
            "acceptance_prob": 1,
            "accepted": true
        },
        {
            "current": {
                "tokens": [
                    "[",
                    " (",
                    " NN",
                    " Pl",
                    "unge",
                    " )",
                    " ]",
                    "<|eot_id|>"
                ],
                "token_ids": [
                    58,
                    320,
                    45778,
                    1856,
                    14208,
                    883,
                    2331,
                    128009
                ],
                "raw_logprob": -8.5,
                "cons_logprob": -0.9418982267379761
            },
            "proposal": {
                "tokens": [
                    "[",
                    " (",
                    " NN",
                    " Pl",
                    "unge",
                    " )",
                    " ]",
                    "<|eot_id|>"
                ],
                "token_ids": [
                    58,
                    320,
                    45778,
                    1856,
                    14208,
                    883,
                    2331,
                    128009
                ],
                "raw_logprob": -8.5,
                "cons_logprob": -0.9437689781188965
            },
            "acceptance_prob": 1,
            "accepted": true
        },
        {
            "current": {
                "tokens": [
                    "[",
                    " (",
                    " NN",
                    " Pl",
                    "unge",
                    " )",
                    " ]",
                    "<|eot_id|>"
                ],
                "token_ids": [
                    58,
                    320,
                    45778,
                    1856,
                    14208,
                    883,
                    2331,
                    128009
                ],
                "raw_logprob": -8.5,
                "cons_logprob": -0.9437689781188965
            },