{
    "steps": [
        {
            "current": {
                "tokens": [
                    "[",
                    " (",
                    " NP",
                    "-H",
                    "LN",
                    " (",
                    " NN",
                    "P",
                    "S",
                    " insol",
                    "<|eot_id|>"
                ],
                "token_ids": [
                    58,
                    320,
                    44340,
                    11529,
                    51316,
                    320,
                    45778,
                    47,
                    50,
                    85943,
                    128009
                ],
                "raw_logprob": -82.0,
                "cons_logprob": -12.813074111938477
            },
            "proposal": {
                "tokens": [
                    "[",
                    " (",
                    " NP",
                    "-H",
                    "LN",
                    " (",
                    " NN",
                    "P",
                    "S",
                    " insol",
                    "<|eot_id|>"
                ],
                "token_ids": [
                    58,
                    320,
                    44340,
                    11529,
                    51316,
                    320,
                    45778,
                    47,
                    50,
                    85943,
                    128009
                ],
                "raw_logprob": -82.0,
                "cons_logprob": -12.813074111938477
            },
            "acceptance_prob": 1,
            "accepted": true
        },
        {
            "current": {
                "tokens": [
                    "[",
                    " (",
                    " NP",
                    "-H",
                    "LN",
                    " (",
                    " NN",
                    "P",
                    "S",
                    " insol",
                    "<|eot_id|>"
                ],
                "token_ids": [
                    58,
                    320,
                    44340,
                    11529,
                    51316,
                    320,
                    45778,
                    47,
                    50,
                    85943,
                    128009
                ],
                "raw_logprob": -82.0,
                "cons_logprob": -12.813074111938477
            },
            "proposal": {
                "tokens": [
                    "[",
                    " (",
                    " NP",
                    "-",
                    "LOC",
                    " (",
                    " NN",
                    "P",
                    "S",
                    "-initialized",
                    "<|eot_id|>"
                ],
                "token_ids": [
                    58,
                    320,
                    44340,
                    12,
                    12321,
                    320,
                    45778,
                    47,
                    50,
                    69128,
                    128009
                ],
                "raw_logprob": -83.5,
                "cons_logprob": -17.82646942138672
            },
            "acceptance_prob": 1,
            "accepted": true
        },
        {
            "current": {
                "tokens": [
                    "[",
                    " (",
                    " NP",
                    "-",
                    "LOC",
                    " (",
                    " NN",
                    "P",
                    "S",
                    "-initialized",
                    "<|eot_id|>"
                ],
                "token_ids": [
                    58,
                    320,
                    44340,
                    12,
                    12321,
                    320,
                    45778,
                    47,
                    50,
                    69128,
                    128009
                ],
                "raw_logprob": -83.5,
                "cons_logprob": -17.82646942138672
            },
            "proposal": {
                "tokens": [
                    "[",
                    " (",
                    " NP",
                    "-",
                    "LOC",
                    " (",
                    " NN",
                    "P",
                    "S",
                    "\u0639\u0644\u0642",
                    "<|eot_id|>"
                ],
                "token_ids": [
                    58,
                    320,
                    44340,
                    12,
                    12321,
                    320,
                    45778,
                    47,
                    50,
                    123260,
                    128009
                ],
                "raw_logprob": -75.5,
                "cons_logprob": -17.805343627929688
            },
            "acceptance_prob": 1,
            "accepted": true
        },
        {
            "current": {
                "tokens": [
                    "[",
                    " (",
                    " NP",
                    "-",
                    "LOC",
                    " (",
                    " NN",
                    "P",
                    "S",
                    "\u0639\u0644\u0642",
                    "<|eot_id|>"
                ],
                "token_ids": [
                    58,
                    320,
                    44340,
                    12,
                    12321,
                    320,
                    45778,
                    47,
                    50,
                    123260,
                    128009
                ],
                "raw_logprob": -75.5,
                "cons_logprob": -17.805343627929688
            },
            "proposal": {
                "tokens": [
                    "[",
                    " (",
                    " NP",
                    "-H",
                    "LN",
                    " (",
                    " NN",
                    "P",
                    "S",
                    " appet",
                    "<|eot_id|>"
                ],
                "token_ids": [
                    58,
                    320,
                    44340,
                    11529,
                    51316,
                    320,
                    45778,
                    47,
                    50,
                    30168,
                    128009
                ],
                "raw_logprob": -79.5,
                "cons_logprob": -12.792787551879883
            },
            "acceptance_prob": 0.00012186985032453781,
            "accepted": false
        },
        {
            "current": {
                "tokens": [
                    "[",
                    " (",
                    " NP",
                    "-",
                    "LOC",
                    " (",
                    " NN",
                    "P",
                    "S",
                    "\u0639\u0644\u0642",
                    "<|eot_id|>"
                ],
                "token_ids": [
                    58,
                    320,
                    44340,
                    12,
                    12321,
                    320,
                    45778,
                    47,
                    50,
                    123260,
                    128009
                ],
                "raw_logprob": -75.5,
                "cons_logprob": -17.805343627929688
            },