{
    "steps": [
        {
            "current": {
                "tokens": [
                    "[",
                    " (",
                    " NP",
                    "-H",
                    "LN",
                    " (",
                    " NN",
                    "P",
                    "S",
                    "trx",
                    "<|eot_id|>"
                ],
                "token_ids": [
                    58,
                    320,
                    44340,
                    11529,
                    51316,
                    320,
                    45778,
                    47,
                    50,
                    73561,
                    128009
                ],
                "raw_logprob": -79.5,
                "cons_logprob": -12.813074111938477
            },
            "proposal": {
                "tokens": [
                    "[",
                    " (",
                    " NP",
                    "-H",
                    "LN",
                    " (",
                    " NN",
                    "P",
                    "S",
                    " Contains",
                    "<|eot_id|>"
                ],
                "token_ids": [
                    58,
                    320,
                    44340,
                    11529,
                    51316,
                    320,
                    45778,
                    47,
                    50,
                    31911,
                    128009
                ],
                "raw_logprob": -74.5,
                "cons_logprob": -12.821825981140137
            },
            "acceptance_prob": 1,
            "accepted": true
        },
        {
            "current": {
                "tokens": [
                    "[",
                    " (",
                    " NP",
                    "-H",
                    "LN",
                    " (",
                    " NN",
                    "P",
                    "S",
                    " Contains",
                    "<|eot_id|>"
                ],
                "token_ids": [
                    58,
                    320,
                    44340,
                    11529,
                    51316,
                    320,
                    45778,
                    47,
                    50,
                    31911,
                    128009
                ],
                "raw_logprob": -74.5,
                "cons_logprob": -12.821825981140137
            },
            "proposal": {
                "tokens": [
                    "[",
                    " (",
                    " NP",
                    "-H",
                    "LN",
                    " (",
                    " N",
                    "NP",
                    "S",
                    "\u0628\u06cc\u0646\u06cc",
                    "<|eot_id|>"
                ],
                "token_ids": [
                    58,
                    320,
                    44340,
                    11529,
                    51316,
                    320,
                    452,
                    27321,
                    50,
                    114538,
                    128009
                ],
                "raw_logprob": -59.5,
                "cons_logprob": -16.118789672851562
            },
            "acceptance_prob": 1,
            "accepted": true
        },
        {
            "current": {
                "tokens": [
                    "[",
                    " (",
                    " NP",
                    "-H",
                    "LN",
                    " (",
                    " N",
                    "NP",
                    "S",
                    "\u0628\u06cc\u0646\u06cc",
                    "<|eot_id|>"
                ],
                "token_ids": [
                    58,
                    320,
                    44340,
                    11529,
                    51316,
                    320,
                    452,
                    27321,
                    50,
                    114538,
                    128009
                ],
                "raw_logprob": -59.5,
                "cons_logprob": -16.118789672851562
            },
            "proposal": {
                "tokens": [
                    "[",
                    " (",
                    " NP",
                    "-H",
                    "LN",
                    " (",
                    " N",
                    "NP",
                    "S",
                    ".rmi",
                    "<|eot_id|>"
                ],
                "token_ids": [
                    58,
                    320,
                    44340,
                    11529,
                    51316,
                    320,
                    452,
                    27321,
                    50,
                    90806,
                    128009
                ],
                "raw_logprob": -66.5,
                "cons_logprob": -16.117328643798828
            },
            "acceptance_prob": 0.0009113968207060826,
            "accepted": false
        },
        {
            "current": {
                "tokens": [
                    "[",
                    " (",
                    " NP",
                    "-H",
                    "LN",
                    " (",
                    " N",
                    "NP",
                    "S",
                    "\u0628\u06cc\u0646\u06cc",
                    "<|eot_id|>"
                ],
                "token_ids": [
                    58,
                    320,
                    44340,
                    11529,
                    51316,
                    320,
                    452,
                    27321,
                    50,
                    114538,
                    128009
                ],
                "raw_logprob": -59.5,
                "cons_logprob": -16.118789672851562
            },
            "proposal": {
                "tokens": [
                    "[",
                    " (",
                    " NP",
                    "-H",
                    "LN",
                    " (",
                    " NN",
                    "S",
                    " \u0443\u043d\u0456\u0432\u0435\u0440\u0441\u0438\u0442\u0435\u0442",
                    "<|eot_id|>"
                ],
                "token_ids": [
                    58,
                    320,
                    44340,
                    11529,
                    51316,
                    320,
                    45778,
                    50,
                    123862,
                    128009
                ],
                "raw_logprob": -52.25,
                "cons_logprob": -15.26873779296875
            },
            "acceptance_prob": 1,
            "accepted": true
        },
        {
            "current": {
                "tokens": [
                    "[",
                    " (",
                    " NP",
                    "-H",
                    "LN",
                    " (",
                    " NN",
                    "S",
                    " \u0443\u043d\u0456\u0432\u0435\u0440\u0441\u0438\u0442\u0435\u0442",
                    "<|eot_id|>"
                ],
                "token_ids": [
                    58,
                    320,
                    44340,
                    11529,
                    51316,
                    320,
                    45778,
                    50,
                    123862,
                    128009
                ],
                "raw_logprob": -52.25,
                "cons_logprob": -15.26873779296875
            },