{
    "steps": [
        {
            "current": {
                "tokens": [
                    "[",
                    " (",
                    " NP",
                    "-H",
                    "LN",
                    " (",
                    " NN",
                    "P",
                    "S",
                    " noun",
                    "<|eot_id|>"
                ],
                "token_ids": [
                    58,
                    320,
                    44340,
                    11529,
                    51316,
                    320,
                    45778,
                    47,
                    50,
                    38021,
                    128009
                ],
                "raw_logprob": -65.5,
                "cons_logprob": -12.813074111938477
            },
            "proposal": {
                "tokens": [
                    "[",
                    " (",
                    " NP",
                    "-H",
                    "LN",
                    " (",
                    " NN",
                    "P",
                    "S",
                    "\\\\\\\\",
                    "<|eot_id|>"
                ],
                "token_ids": [
                    58,
                    320,
                    44340,
                    11529,
                    51316,
                    320,
                    45778,
                    47,
                    50,
                    52107,
                    128009
                ],
                "raw_logprob": -72.0,
                "cons_logprob": -12.821825981140137
            },
            "acceptance_prob": 0.0015118390999032127,
            "accepted": false
        },
        {
            "current": {
                "tokens": [
                    "[",
                    " (",
                    " NP",
                    "-H",
                    "LN",
                    " (",
                    " NN",
                    "P",
                    "S",
                    " noun",
                    "<|eot_id|>"
                ],
                "token_ids": [
                    58,
                    320,
                    44340,
                    11529,
                    51316,
                    320,
                    45778,
                    47,
                    50,
                    38021,
                    128009
                ],
                "raw_logprob": -65.5,
                "cons_logprob": -12.813074111938477
            },
            "proposal": {
                "tokens": [
                    "[",
                    " (",
                    " NP",
                    "-H",
                    "LN",
                    " (",
                    " NN",
                    "P",
                    "S",
                    "\u043d\u0435",
                    "<|eot_id|>"
                ],
                "token_ids": [
                    58,
                    320,
                    44340,
                    11529,
                    51316,
                    320,
                    45778,
                    47,
                    50,
                    79862,
                    128009
                ],
                "raw_logprob": -73.0,
                "cons_logprob": -12.812687873840332
            },
            "acceptance_prob": 0.0005529301464730011,
            "accepted": false
        },
        {
            "current": {
                "tokens": [
                    "[",
                    " (",
                    " NP",
                    "-H",
                    "LN",
                    " (",
                    " NN",
                    "P",
                    "S",
                    " noun",
                    "<|eot_id|>"
                ],
                "token_ids": [
                    58,
                    320,
                    44340,
                    11529,
                    51316,
                    320,
                    45778,
                    47,
                    50,
                    38021,
                    128009
                ],
                "raw_logprob": -65.5,
                "cons_logprob": -12.813074111938477
            },
            "proposal": {
                "tokens": [
                    "[",
                    " (",
                    " NP",
                    " (",
                    " NN",
                    "PS",
                    "-cycle",
                    "<|eot_id|>"
                ],
                "token_ids": [
                    58,
                    320,
                    44340,
                    320,
                    45778,
                    5119,
                    78790,
                    128009
                ],
                "raw_logprob": -61.25,
                "cons_logprob": -15.695623397827148
            },
            "acceptance_prob": 1,
            "accepted": true
        },
        {
            "current": {
                "tokens": [
                    "[",
                    " (",
                    " NP",
                    " (",
                    " NN",
                    "PS",
                    "-cycle",
                    "<|eot_id|>"
                ],
                "token_ids": [
                    58,
                    320,
                    44340,
                    320,
                    45778,
                    5119,
                    78790,
                    128009
                ],
                "raw_logprob": -61.25,
                "cons_logprob": -15.695623397827148
            },
            "proposal": {
                "tokens": [
                    "[",
                    " (",
                    " NP",
                    " (",
                    " NN",
                    "P",
                    "S",
                    "\u4e00\u79cd",
                    "<|eot_id|>"
                ],
                "token_ids": [
                    58,
                    320,
                    44340,
                    320,
                    45778,
                    47,
                    50,
                    120143,
                    128009
                ],
                "raw_logprob": -77.0,
                "cons_logprob": -14.849930763244629
            },
            "acceptance_prob": 5.51353026068159e-08,
            "accepted": false
        },
        {
            "current": {
                "tokens": [
                    "[",
                    " (",
                    " NP",
                    " (",
                    " NN",
                    "PS",
                    "-cycle",
                    "<|eot_id|>"
                ],
                "token_ids": [
                    58,
                    320,
                    44340,
                    320,
                    45778,
                    5119,
                    78790,
                    128009
                ],
                "raw_logprob": -61.25,
                "cons_logprob": -15.695623397827148
            },
            "proposal": {
                "tokens": [
                    "[",
                    " (",
                    " NP",
                    " (",
                    " N",
                    "NP",
                    "S",
                    ".firstname",
                    "<|eot_id|>"
                ],
                "token_ids": [
                    58,
                    320,
                    44340,
                    320,
                    452,
                    27321,
                    50,
                    73156,
                    128009
                ],
                "raw_logprob": -61.0,
                "cons_logprob": -15.109373092651367
            },
            "acceptance_prob": 0.6350616180873861,