{
    "steps": [
        {
            "current": {
                "tokens": [
                    "[",
                    " (",
                    " NP",
                    "-H",
                    "LN",
                    " (",
                    " NN",
                    "P",
                    "S",
                    "\n\n\n\n\n\n\n\n\n\n\n\n\n\n\n\n",
                    "<|eot_id|>"
                ],
                "token_ids": [
                    58,
                    320,
                    44340,
                    11529,
                    51316,
                    320,
                    45778,
                    47,
                    50,
                    25638,
                    128009
                ],
                "raw_logprob": -67.5,
                "cons_logprob": -12.813074111938477
            },
            "proposal": {
                "tokens": [
                    "[",
                    " (",
                    " NP",
                    "-H",
                    "LN",
                    " (",
                    " NN",
                    "P",
                    "S",
                    "\u001b",
                    "<|eot_id|>"
                ],
                "token_ids": [
                    58,
                    320,
                    44340,
                    11529,
                    51316,
                    320,
                    45778,
                    47,
                    50,
                    215,
                    128009
                ],
                "raw_logprob": -66.0,
                "cons_logprob": -12.816337585449219
            },
            "acceptance_prob": 1,
            "accepted": true
        },
        {
            "current": {
                "tokens": [
                    "[",
                    " (",
                    " NP",
                    "-H",
                    "LN",
                    " (",
                    " NN",
                    "P",
                    "S",
                    "\u001b",
                    "<|eot_id|>"
                ],
                "token_ids": [
                    58,
                    320,
                    44340,
                    11529,
                    51316,
                    320,
                    45778,
                    47,
                    50,
                    215,
                    128009
                ],
                "raw_logprob": -66.0,
                "cons_logprob": -12.816337585449219
            },
            "proposal": {
                "tokens": [
                    "[",
                    " (",
                    " NP",
                    "-H",
                    "LN",
                    " (",
                    " NN",
                    "P",
                    "S",
                    "\u001b",
                    "<|eot_id|>"
                ],
                "token_ids": [
                    58,
                    320,
                    44340,
                    11529,
                    51316,
                    320,
                    45778,
                    47,
                    50,
                    215,
                    128009
                ],
                "raw_logprob": -66.0,
                "cons_logprob": -12.816337585449219
            },
            "acceptance_prob": 1,
            "accepted": true
        },
        {
            "current": {
                "tokens": [
                    "[",
                    " (",
                    " NP",
                    "-H",
                    "LN",
                    " (",
                    " NN",
                    "P",
                    "S",
                    "\u001b",
                    "<|eot_id|>"
                ],
                "token_ids": [
                    58,
                    320,
                    44340,
                    11529,
                    51316,
                    320,
                    45778,
                    47,
                    50,
                    215,
                    128009
                ],
                "raw_logprob": -66.0,
                "cons_logprob": -12.816337585449219
            },
            "proposal": {
                "tokens": [
                    "[",
                    " (",
                    " NN",
                    " Pl",
                    "unge",
                    " )",
                    " ]",
                    "<|eot_id|>"
                ],
                "token_ids": [
                    58,
                    320,
                    45778,
                    1856,
                    14208,
                    883,
                    2331,
                    128009
                ],
                "raw_logprob": -8.5,
                "cons_logprob": -0.9437215924263
            },
            "acceptance_prob": 1,
            "accepted": true
        },
        {
            "current": {
                "tokens": [
                    "[",
                    " (",
                    " NN",
                    " Pl",
                    "unge",
                    " )",
                    " ]",
                    "<|eot_id|>"
                ],
                "token_ids": [
                    58,
                    320,
                    45778,
                    1856,
                    14208,
                    883,
                    2331,
                    128009
                ],
                "raw_logprob": -8.5,
                "cons_logprob": -0.9437215924263
            },
            "proposal": {
                "tokens": [
                    "[",
                    " (",
                    " NN",
                    " Pl",
                    "unge",
                    " )",
                    " ]",
                    "<|eot_id|>"
                ],
                "token_ids": [
                    58,
                    320,
                    45778,
                    1856,
                    14208,
                    883,
                    2331,
                    128009
                ],
                "raw_logprob": -8.5,
                "cons_logprob": -0.9455924034118652
            },
            "acceptance_prob": 1,
            "accepted": true
        },
        {
            "current": {
                "tokens": [
                    "[",
                    " (",
                    " NN",
                    " Pl",
                    "unge",
                    " )",
                    " ]",
                    "<|eot_id|>"
                ],
                "token_ids": [
                    58,
                    320,
                    45778,
                    1856,
                    14208,
                    883,
                    2331,
                    128009
                ],
                "raw_logprob": -8.5,
                "cons_logprob": -0.9455924034118652
            },
            "proposal": {
                "tokens": [
                    "[",
                    " (",
                    " NN",
                    " Pl",
                    "unge",
                    " )",
                    " ",
                    "]",
                    "<|eot_id|>"
                ],
                "token_ids": [
                    58,
                    320,
                    45778,
                    1856,
                    14208,
                    883,
                    220,
                    60,
                    128009
                ],
                "raw_logprob": -26.125,
                "cons_logprob": -5.193911552429199
            },
            "acceptance_prob": 1.3784182883584722e-06,