{
    "steps": [
        {
            "tokens": [
                "(define",
                "-f",
                "un",
                " inv",
                " ((",
                "s",
                " (",
                "Bit",
                "Vec",
                " ",
                "4",
                "))",
                " (",
                "t",
                " (",
                "Bit",
                "Vec",
                " ",
                "4",
                ")))",
                " (",
                "Bit",
                "Vec",
                " ",
                "4",
                ")",
                " (",
                "b",
                "vl",
                "shr",
                " s",
                " #",
                "x",
                "8",
                "))",
                "<|eot_id|>"
            ],
            "token_ids": [
                69647,
                2269,
                359,
                1558,
                1819,
                82,
                320,
                8509,
                10256,
                220,
                19,
                595,
                320,
                83,
                320,
                8509,
                10256,
                220,
                19,
                7861,
                320,
                8509,
                10256,
                220,
                19,
                8,
                320,
                65,
                14878,
                67139,
                274,
                674,
                87,
                23,
                595,
                128009
            ],
            "raw_logprob": -13.243755340576172,
            "cons_logprob": -6.111381530761719
        },
        {
            "tokens": [
                "(define",
                "-f",
                "un",
                " inv",
                " ((",
                "s",
                " (",
                "Bit",
                "Vec",
                " ",
                "4",
                "))",
                " (",
                "t",
                " (",
                "Bit",
                "Vec",
                " ",
                "4",
                ")))",
                " (",
                "Bit",
                "Vec",
                " ",
                "4",
                ")",
                " (",
                "b",
                "vn",
                "eg",
                " s",
                "))",
                "<|eot_id|>"
            ],
            "token_ids": [
                69647,
                2269,
                359,
                1558,
                1819,
                82,
                320,
                8509,
                10256,
                220,
                19,
                595,
                320,
                83,
                320,
                8509,
                10256,
                220,
                19,
                7861,
                320,
                8509,
                10256,
                220,
                19,
                8,
                320,
                65,
                29238,
                797,
                274,
                595,
                128009
            ],
            "raw_logprob": -12.61288070678711,
            "cons_logprob": -5.247284889221191
        },
        {
            "tokens": [
                "(define",
                "-f",
                "un",
                " inv",
                " ((",
                "s",
                " (",
                "Bit",
                "Vec",
                " ",
                "4",
                "))",
                " (",
                "t",
                " (",
                "Bit",
                "Vec",
                " ",
                "4",
                ")))",
                " (",
                "Bit",
                "Vec",
                " ",
                "4",
                ")",
                " s",
                ")",
                "<|eot_id|>"
            ],
            "token_ids": [
                69647,
                2269,
                359,
                1558,
                1819,
                82,
                320,
                8509,
                10256,
                220,
                19,
                595,
                320,
                83,
                320,
                8509,
                10256,
                220,
                19,
                7861,
                320,
                8509,
                10256,
                220,
                19,
                8,
                274,
                8,
                128009
            ],
            "raw_logprob": -11.214435577392578,
            "cons_logprob": -3.4555084705352783
        },
        {
            "tokens": [
                "(define",
                "-f",
                "un",
                " inv",
                " ((",
                "s",
                " (",
                "Bit",
                "Vec",
                " ",
                "4",
                "))",
                " (",
                "t",
                " (",
                "Bit",
                "Vec",
                " ",
                "4",
                ")))",
                " (",
                "Bit",
                "Vec",
                " ",
                "4",
                ")",
                " (",
                "bv",
                "and",
                " s",
                " s",
                "))",
                "<|eot_id|>"
            ],
            "token_ids": [
                69647,
                2269,
                359,
                1558,
                1819,
                82,
                320,
                8509,
                10256,
                220,
                19,
                595,
                320,
                83,
                320,
                8509,
                10256,
                220,
                19,
                7861,
                320,
                8509,
                10256,
                220,
                19,
                8,
                320,
                56029,
                438,
                274,
                274,
                595,
                128009
            ],
            "raw_logprob": -13.61551284790039,
            "cons_logprob": -5.8379435539245605
        },
        {
            "tokens": [
                "(define",
                "-f",
                "un",
                " inv",
                " ((",
                "s",
                " (",
                "Bit",
                "Vec",
                " ",
                "4",
                "))",
                " (",
                "t",
                " (",
                "Bit",
                "Vec",
                " ",
                "4",
                ")))",
                " (",
                "Bit",
                "Vec",
                " ",
                "4",
                ")",
                " (",
                "bv",
                "and",
                " t",
                " (",
                "b",
                "vn",
                "eg",
                " s",
                ")))",
                "<|eot_id|>"
            ],