{
    "steps": [
        {
            "current": {
                "tokens": [
                    "OC",
                    "(",
                    "=",
                    "O",
                    ")",
                    "C",
                    "(N",
                    ")",
                    "C",
                    "(C",
                    ")",
                    "CC",
                    "N",
                    "<|im_end|>"
                ],
                "token_ids": [
                    7612,
                    7,
                    28,
                    46,
                    8,
                    34,
                    8204,
                    8,
                    34,
                    3025,
                    8,
                    3706,
                    45,
                    151645
                ],
                "raw_logprob": -2.6959807872772217,
                "cons_logprob": -2.662428379058838
            },
            "proposal": {
                "tokens": [
                    "OC",
                    "(",
                    "=",
                    "O",
                    ")",
                    "CCCC",
                    "CN",
                    "<|im_end|>"
                ],
                "token_ids": [
                    7612,
                    7,
                    28,
                    46,
                    8,
                    47932,
                    28668,
                    151645
                ],
                "raw_logprob": -4.135798454284668,
                "cons_logprob": -4.118711948394775
            },
            "acceptance_prob": 1,
            "accepted": true
        },
        {
            "current": {
                "tokens": [
                    "OC",
                    "(",
                    "=",
                    "O",
                    ")",
                    "CCCC",
                    "CN",
                    "<|im_end|>"
                ],
                "token_ids": [
                    7612,
                    7,
                    28,
                    46,
                    8,
                    47932,
                    28668,
                    151645
                ],
                "raw_logprob": -4.135798454284668,
                "cons_logprob": -4.118711948394775
            },
            "proposal": {
                "tokens": [
                    "O",
                    "CC",
                    "NC",
                    "(",
                    "=",
                    "O",
                    ")",
                    "N",
                    "CCCC",
                    "O",
                    "<|im_end|>"
                ],
                "token_ids": [
                    46,
                    3706,
                    9949,
                    7,
                    28,
                    46,
                    8,
                    45,
                    47932,
                    46,
                    151645
                ],
                "raw_logprob": -3.1574089527130127,
                "cons_logprob": -3.1567437648773193
            },
            "acceptance_prob": 1,
            "accepted": true
        },
        {
            "current": {
                "tokens": [
                    "O",
                    "CC",
                    "NC",
                    "(",
                    "=",
                    "O",
                    ")",
                    "N",
                    "CCCC",
                    "O",
                    "<|im_end|>"
                ],
                "token_ids": [
                    46,
                    3706,
                    9949,
                    7,
                    28,
                    46,
                    8,
                    45,
                    47932,
                    46,
                    151645
                ],
                "raw_logprob": -3.1574089527130127,
                "cons_logprob": -3.1567437648773193
            },
            "proposal": {
                "tokens": [
                    "OC",
                    "(",
                    "=",
                    "O",
                    ")",
                    "C",
                    "(N",
                    ")",
                    "C",
                    "NC",
                    "(",
                    "=",
                    "O",
                    ")",
                    "O",
                    "CC",
                    "O",
                    "<|im_end|>"
                ],
                "token_ids": [
                    7612,
                    7,
                    28,
                    46,
                    8,
                    34,
                    8204,
                    8,
                    34,
                    9949,
                    7,
                    28,
                    46,
                    8,
                    46,
                    3706,
                    46,
                    151645
                ],
                "raw_logprob": -5.168780326843262,
                "cons_logprob": -5.132175922393799
            },
            "acceptance_prob": 0.9646989293686811,
            "accepted": true
        },
        {
            "current": {
                "tokens": [
                    "OC",
                    "(",
                    "=",
                    "O",
                    ")",
                    "C",
                    "(N",
                    ")",
                    "C",
                    "NC",
                    "(",
                    "=",
                    "O",
                    ")",
                    "O",
                    "CC",
                    "O",
                    "<|im_end|>"
                ],
                "token_ids": [
                    7612,
                    7,
                    28,
                    46,
                    8,
                    34,
                    8204,
                    8,
                    34,
                    9949,
                    7,
                    28,
                    46,
                    8,
                    46,
                    3706,
                    46,
                    151645
                ],
                "raw_logprob": -5.168780326843262,
                "cons_logprob": -5.132175922393799
            },
            "proposal": {
                "tokens": [
                    "OC",
                    "(",
                    "=",
                    "O",
                    ")",
                    "C",
                    "(N",
                    ")",
                    "C",
                    "(C",
                    ")",
                    "CCCC",
                    "N",
                    "<|im_end|>"
                ],
                "token_ids": [
                    7612,
                    7,
                    28,
                    46,
                    8,
                    34,
                    8204,
                    8,
                    34,
                    3025,
                    8,
                    47932,
                    45,
                    151645
                ],
                "raw_logprob": -3.695483684539795,
                "cons_logprob": -3.66176176071167
            },
            "acceptance_prob": 1,
            "accepted": true
        },
        {
            "current": {
                "tokens": [
                    "OC",
                    "(",
                    "=",
                    "O",
                    ")",
                    "C",
                    "(N",
                    ")",
                    "C",
                    "(C",
                    ")",
                    "CCCC",
                    "N",
                    "<|im_end|>"
                ],