{
    "steps": [
        {
            "current": {
                "tokens": [
                    "OC",
                    "(",
                    "=",
                    "O",
                    ")",
                    "C",
                    "(N",
                    ")",
                    "CC",
                    "CN",
                    "(",
                    "=",
                    "O",
                    ")",
                    "O",
                    "<|im_end|>"
                ],
                "token_ids": [
                    7612,
                    7,
                    28,
                    46,
                    8,
                    34,
                    8204,
                    8,
                    3706,
                    28668,
                    7,
                    28,
                    46,
                    8,
                    46,
                    151645
                ],
                "raw_logprob": -2.9901137351989746,
                "cons_logprob": -2.981607675552368
            },
            "proposal": {
                "tokens": [
                    "OC",
                    "(",
                    "=",
                    "O",
                    ")",
                    "C",
                    "(N",
                    ")",
                    "CC",
                    "CN",
                    "1",
                    "CCCC",
                    "C",
                    "1",
                    "O",
                    "<|im_end|>"
                ],
                "token_ids": [
                    7612,
                    7,
                    28,
                    46,
                    8,
                    34,
                    8204,
                    8,
                    3706,
                    28668,
                    16,
                    47932,
                    34,
                    16,
                    46,
                    151645
                ],
                "raw_logprob": -7.882889270782471,
                "cons_logprob": -7.877756118774414
            },
            "acceptance_prob": 1,
            "accepted": true
        },
        {
            "current": {
                "tokens": [
                    "OC",
                    "(",
                    "=",
                    "O",
                    ")",
                    "C",
                    "(N",
                    ")",
                    "CC",
                    "CN",
                    "1",
                    "CCCC",
                    "C",
                    "1",
                    "O",
                    "<|im_end|>"
                ],
                "token_ids": [
                    7612,
                    7,
                    28,
                    46,
                    8,
                    34,
                    8204,
                    8,
                    3706,
                    28668,
                    16,
                    47932,
                    34,
                    16,
                    46,
                    151645
                ],
                "raw_logprob": -7.882889270782471,
                "cons_logprob": -7.877756118774414
            },
            "proposal": {
                "tokens": [
                    "OC",
                    "(",
                    "=",
                    "O",
                    ")",
                    "C",
                    "(N",
                    ")",
                    "CC",
                    "N",
                    "CCCCCC",
                    "N",
                    "<|im_end|>"
                ],
                "token_ids": [
                    7612,
                    7,
                    28,
                    46,
                    8,
                    34,
                    8204,
                    8,
                    3706,
                    45,
                    91443,
                    45,
                    151645
                ],
                "raw_logprob": -4.595216274261475,
                "cons_logprob": -4.572084903717041
            },
            "acceptance_prob": 0.9821627820440103,
            "accepted": true
        },
        {
            "current": {
                "tokens": [
                    "OC",
                    "(",
                    "=",
                    "O",
                    ")",
                    "C",
                    "(N",
                    ")",
                    "CC",
                    "N",
                    "CCCCCC",
                    "N",
                    "<|im_end|>"
                ],
                "token_ids": [
                    7612,
                    7,
                    28,
                    46,
                    8,
                    34,
                    8204,
                    8,
                    3706,
                    45,
                    91443,
                    45,
                    151645
                ],
                "raw_logprob": -4.595216274261475,
                "cons_logprob": -4.572084903717041
            },
            "proposal": {
                "tokens": [
                    "OC",
                    "(",
                    "=",
                    "O",
                    ")",
                    "C",
                    "(N",
                    ")",
                    "CC",
                    "CN",
                    "(",
                    "=",
                    "O",
                    ")",
                    "O",
                    "<|im_end|>"
                ],
                "token_ids": [
                    7612,
                    7,
                    28,
                    46,
                    8,
                    34,
                    8204,
                    8,
                    3706,
                    28668,
                    7,
                    28,
                    46,
                    8,
                    46,
                    151645
                ],
                "raw_logprob": -2.9901137351989746,
                "cons_logprob": -2.981607675552368
            },
            "acceptance_prob": 1,
            "accepted": true
        },
        {
            "current": {
                "tokens": [
                    "OC",
                    "(",
                    "=",
                    "O",
                    ")",
                    "C",
                    "(N",
                    ")",
                    "CC",
                    "CN",
                    "(",
                    "=",
                    "O",
                    ")",
                    "O",
                    "<|im_end|>"
                ],
                "token_ids": [
                    7612,
                    7,
                    28,
                    46,
                    8,
                    34,
                    8204,
                    8,
                    3706,
                    28668,
                    7,
                    28,
                    46,
                    8,
                    46,
                    151645
                ],
                "raw_logprob": -2.9901137351989746,
                "cons_logprob": -2.981607675552368
            },
            "proposal": {
                "tokens": [
                    "OC",
                    "(",
                    "=",
                    "O",
                    ")",
                    "C",
                    "(N",
                    ")",
                    "CC",
                    "NC",
                    "(",
                    "=",
                    "O",
                    ")",
                    "O",
                    "CCCCCC",
                    "O",
                    "<|im_end|>"
                ],