{
    "steps": [
        {
            "current": {
                "tokens": [
                    "O",
                    "CC",
                    "NC",
                    "(",
                    "=",
                    "O",
                    ")",
                    "N",
                    "CCCCCC",
                    "N",
                    "<|im_end|>"
                ],
                "token_ids": [
                    46,
                    3706,
                    9949,
                    7,
                    28,
                    46,
                    8,
                    45,
                    91443,
                    45,
                    151645
                ],
                "raw_logprob": -4.452754020690918,
                "cons_logprob": -4.3941826820373535
            },
            "proposal": {
                "tokens": [
                    "O",
                    "CC",
                    "NC",
                    "(",
                    "=",
                    "O",
                    ")",
                    "N",
                    "CCCCCC",
                    "N",
                    "<|im_end|>"
                ],
                "token_ids": [
                    46,
                    3706,
                    9949,
                    7,
                    28,
                    46,
                    8,
                    45,
                    91443,
                    45,
                    151645
                ],
                "raw_logprob": -4.452754020690918,
                "cons_logprob": -4.3941826820373535
            },
            "acceptance_prob": 1,
            "accepted": true
        },
        {
            "current": {
                "tokens": [
                    "O",
                    "CC",
                    "NC",
                    "(",
                    "=",
                    "O",
                    ")",
                    "N",
                    "CCCCCC",
                    "N",
                    "<|im_end|>"
                ],
                "token_ids": [
                    46,
                    3706,
                    9949,
                    7,
                    28,
                    46,
                    8,
                    45,
                    91443,
                    45,
                    151645
                ],
                "raw_logprob": -4.452754020690918,
                "cons_logprob": -4.3941826820373535
            },
            "proposal": {
                "tokens": [
                    "OC",
                    "(",
                    "=",
                    "O",
                    ")",
                    "CCCC",
                    "CN",
                    "<|im_end|>"
                ],
                "token_ids": [
                    7612,
                    7,
                    28,
                    46,
                    8,
                    47932,
                    28668,
                    151645
                ],
                "raw_logprob": -4.135798454284668,
                "cons_logprob": -4.118711948394775
            },
            "acceptance_prob": 1,
            "accepted": true
        },
        {
            "current": {
                "tokens": [
                    "OC",
                    "(",
                    "=",
                    "O",
                    ")",
                    "CCCC",
                    "CN",
                    "<|im_end|>"
                ],
                "token_ids": [
                    7612,
                    7,
                    28,
                    46,
                    8,
                    47932,
                    28668,
                    151645
                ],
                "raw_logprob": -4.135798454284668,
                "cons_logprob": -4.118711948394775
            },
            "proposal": {
                "tokens": [
                    "O",
                    "CC",
                    "NC",
                    "(",
                    "=",
                    "O",
                    ")",
                    "N",
                    "CC",
                    "O",
                    "<|im_end|>"
                ],
                "token_ids": [
                    46,
                    3706,
                    9949,
                    7,
                    28,
                    46,
                    8,
                    45,
                    3706,
                    46,
                    151645
                ],
                "raw_logprob": -3.9421396255493164,
                "cons_logprob": -3.9412741661071777
            },
            "acceptance_prob": 1,
            "accepted": true
        },
        {
            "current": {
                "tokens": [
                    "O",
                    "CC",
                    "NC",
                    "(",
                    "=",
                    "O",
                    ")",
                    "N",
                    "CC",
                    "O",
                    "<|im_end|>"
                ],
                "token_ids": [
                    46,
                    3706,
                    9949,
                    7,
                    28,
                    46,
                    8,
                    45,
                    3706,
                    46,
                    151645
                ],
                "raw_logprob": -3.9421396255493164,
                "cons_logprob": -3.9412741661071777
            },
            "proposal": {
                "tokens": [
                    "OC",
                    "(",
                    "=",
                    "O",
                    ")",
                    "C",
                    "(N",
                    ")",
                    "CC",
                    "O",
                    "CCCCCC",
                    "O",
                    "<|im_end|>"
                ],
                "token_ids": [
                    7612,
                    7,
                    28,
                    46,
                    8,
                    34,
                    8204,
                    8,
                    3706,
                    46,
                    91443,
                    46,
                    151645
                ],
                "raw_logprob": -4.7073516845703125,
                "cons_logprob": -4.699521064758301
            },
            "acceptance_prob": 0.9930590401402074,
            "accepted": true
        },
        {
            "current": {
                "tokens": [
                    "OC",
                    "(",
                    "=",
                    "O",
                    ")",
                    "C",
                    "(N",
                    ")",
                    "CC",
                    "O",
                    "CCCCCC",
                    "O",
                    "<|im_end|>"
                ],
                "token_ids": [
                    7612,
                    7,
                    28,
                    46,
                    8,
                    34,
                    8204,
                    8,
                    3706,
                    46,
                    91443,
                    46,
                    151645
                ],
                "raw_logprob": -4.7073516845703125,
                "cons_logprob": -4.699521064758301
            },
            "proposal": {
                "tokens": [
                    "OC",
                    "(",
                    "=",
                    "O",
                    ")",
                    "C",
                    "(N",
                    ")",
                    "C",
                    "(C",
                    ")",
                    "CC",
                    "N",
                    "<|im_end|>"
                ],