{
    "steps": [
        {
            "current": {
                "tokens": [],
                "token_ids": [
                    58,
                    320,
                    44340,
                    11529,
                    51316,
                    320,
                    45778,
                    1856,
                    14208,
                    883,
                    883,
                    2331,
                    128009
                ],
                "raw_logprob": -6.950682640075684,
                "cons_logprob": -1
            },
            "proposal": {
                "tokens": [],
                "token_ids": [
                    58,
                    320,
                    44340,
                    11529,
                    51316,
                    320,
                    45778,
                    1856,
                    14208,
                    883,
                    883,
                    2331,
                    128009
                ],
                "raw_logprob": -6.950682640075684,
                "cons_logprob": -1
            }
        },
        {
            "current": {
                "tokens": [],
                "token_ids": [
                    58,
                    320,
                    45778,
                    1856,
                    14208,
                    883,
                    2331,
                    128009
                ],
                "raw_logprob": -8.5,
                "cons_logprob": -1
            },
            "proposal": {
                "tokens": [],
                "token_ids": [
                    58,
                    320,
                    45778,
                    1856,
                    14208,
                    883,
                    2331,
                    128009
                ],
                "raw_logprob": -8.5,
                "cons_logprob": -1
            }
        },
        {
            "current": {
                "tokens": [],
                "token_ids": [
                    58,
                    320,
                    44340,
                    320,
                    71140,
                    1856,
                    14208,
                    883,
                    883,
                    2331,
                    128009
                ],
                "raw_logprob": -10.146139144897461,
                "cons_logprob": -1
            },
            "proposal": {
                "tokens": [],
                "token_ids": [
                    58,
                    320,
                    44340,
                    320,
                    71140,
                    1856,
                    14208,
                    883,
                    883,
                    2331,
                    128009
                ],
                "raw_logprob": -10.146139144897461,
                "cons_logprob": -1
            }
        },
        {
            "current": {
                "tokens": [],
                "token_ids": [
                    58,
                    320,
                    44340,
                    320,
                    45778,
                    1856,
                    14208,
                    883,
                    883,
                    2331,
                    128009
                ],
                "raw_logprob": -9.345847129821777,
                "cons_logprob": -1
            },
            "proposal": {
                "tokens": [],
                "token_ids": [
                    58,
                    320,
                    44340,
                    320,
                    45778,
                    1856,
                    14208,
                    883,
                    883,
                    2331,
                    128009
                ],
                "raw_logprob": -9.345847129821777,
                "cons_logprob": -1
            }
        },
        {
            "current": {
                "tokens": [],
                "token_ids": [
                    58,
                    320,
                    44340,
                    320,
                    452,
                    27321,
                    1856,
                    14208,
                    883,
                    883,
                    2331,
                    128009
                ],
                "raw_logprob": -9.713922500610352,
                "cons_logprob": -1
            },
            "proposal": {
                "tokens": [],
                "token_ids": [
                    58,
                    320,
                    44340,
                    320,
                    452,
                    27321,
                    1856,
                    14208,
                    883,
                    883,
                    2331,
                    128009
                ],
                "raw_logprob": -9.713922500610352,
                "cons_logprob": -1
            }
        },
        {
            "current": {
                "tokens": [],
                "token_ids": [
                    58,
                    320,
                    328,
                    320,
                    650,
                    9740,
                    1856,
                    14208,
                    883,
                    883,
                    2331,
                    128009
                ],
                "raw_logprob": -21.001358032226562,
                "cons_logprob": -1
            },
            "proposal": {
                "tokens": [],
                "token_ids": [
                    58,
                    320,
                    328,
                    320,
                    650,
                    9740,
                    1856,
                    14208,
                    883,
                    883,
                    2331,
                    128009
                ],
                "raw_logprob": -21.001358032226562,
                "cons_logprob": -1
            }
        },
        {
            "current": {
                "tokens": [],
                "token_ids": [
                    58,
                    320,
                    220,
                    27321,
                    11529,
                    51316,
                    320,
                    45778,
                    1856,
                    14208,
                    883,
                    220,
                    8,
                    2331,
                    128009
                ],
                "raw_logprob": -43.36000061035156,
                "cons_logprob": -1
            },
            "proposal": {
                "tokens": [],
                "token_ids": [
                    58,
                    320,
                    220,
                    27321,
                    11529,
                    51316,
                    320,
                    45778,
                    1856,
                    14208,
                    883,
                    220,
                    8,
                    2331,
                    128009
                ],
                "raw_logprob": -43.36000061035156,
                "cons_logprob": -1
            }
        },
        {
            "current": {
                "tokens": [],
                "token_ids": [
                    58,
                    320,
                    44340,
                    11529,
                    51316,
                    320,
                    45778,
                    1856,
                    14208,
                    883,
                    883,
                    220,
                    60,
                    128009
                ],
                "raw_logprob": -26.257238388061523,
                "cons_logprob": -1
            },
            "proposal": {
                "tokens": [],