{
    "steps": [
        {
            "current": {
                "tokens": [],
                "token_ids": [
                    58,
                    320,
                    37110,
                    320,
                    64539,
                    1856,
                    14208,
                    883,
                    883,
                    2331,
                    128009
                ],
                "raw_logprob": -13.323670387268066,
                "cons_logprob": -1
            },
            "proposal": {
                "tokens": [],
                "token_ids": [
                    58,
                    320,
                    37110,
                    320,
                    64539,
                    1856,
                    14208,
                    883,
                    883,
                    2331,
                    128009
                ],
                "raw_logprob": -13.323670387268066,
                "cons_logprob": -1
            }
        },
        {
            "current": {
                "tokens": [],
                "token_ids": [
                    58,
                    320,
                    44340,
                    11529,
                    51316,
                    320,
                    45778,
                    1856,
                    14208,
                    883,
                    883,
                    2331,
                    128009
                ],
                "raw_logprob": -6.950682640075684,
                "cons_logprob": -1
            },
            "proposal": {
                "tokens": [],
                "token_ids": [
                    58,
                    320,
                    44340,
                    11529,
                    51316,
                    320,
                    45778,
                    1856,
                    14208,
                    883,
                    883,
                    2331,
                    128009
                ],
                "raw_logprob": -6.950682640075684,
                "cons_logprob": -1
            }
        },
        {
            "current": {
                "tokens": [],
                "token_ids": [
                    58,
                    320,
                    45778,
                    1856,
                    14208,
                    883,
                    220,
                    60,
                    128009
                ],
                "raw_logprob": -26.125,
                "cons_logprob": -1
            },
            "proposal": {
                "tokens": [],
                "token_ids": [
                    58,
                    320,
                    45778,
                    1856,
                    14208,
                    883,
                    220,
                    60,
                    128009
                ],
                "raw_logprob": -26.125,
                "cons_logprob": -1
            }
        },
        {
            "current": {
                "tokens": [],
                "token_ids": [
                    58,
                    320,
                    45778,
                    1856,
                    14208,
                    883,
                    2331,
                    128009
                ],
                "raw_logprob": -8.5,
                "cons_logprob": -1
            },
            "proposal": {
                "tokens": [],
                "token_ids": [
                    58,
                    320,
                    45778,
                    1856,
                    14208,
                    883,
                    2331,
                    128009
                ],
                "raw_logprob": -8.5,
                "cons_logprob": -1
            }
        },
        {
            "current": {
                "tokens": [],
                "token_ids": [
                    58,
                    320,
                    44340,
                    320,
                    45778,
                    1856,
                    14208,
                    883,
                    883,
                    2331,
                    128009
                ],
                "raw_logprob": -9.345847129821777,
                "cons_logprob": -1
            },
            "proposal": {
                "tokens": [],
                "token_ids": [
                    58,
                    320,
                    44340,
                    320,
                    45778,
                    1856,
                    14208,
                    883,
                    883,
                    2331,
                    128009
                ],
                "raw_logprob": -9.345847129821777,
                "cons_logprob": -1
            }
        },
        {
            "current": {
                "tokens": [],
                "token_ids": [
                    58,
                    320,
                    44340,
                    320,
                    71140,
                    1856,
                    14208,
                    883,
                    883,
                    2331,
                    128009
                ],
                "raw_logprob": -10.146139144897461,
                "cons_logprob": -1
            },
            "proposal": {
                "tokens": [],
                "token_ids": [
                    58,
                    320,
                    44340,
                    320,
                    71140,
                    1856,
                    14208,
                    883,
                    883,
                    2331,
                    128009
                ],
                "raw_logprob": -10.146139144897461,
                "cons_logprob": -1
            }
        },
        {
            "current": {
                "tokens": [],
                "token_ids": [
                    58,
                    320,
                    44340,
                    11529,
                    51316,
                    320,
                    45778,
                    220,
                    2169,
                    14208,
                    883,
                    883,
                    2331,
                    128009
                ],
                "raw_logprob": -21.111759185791016,
                "cons_logprob": -1
            },
            "proposal": {
                "tokens": [],
                "token_ids": [
                    58,
                    320,
                    44340,
                    11529,
                    51316,
                    320,
                    45778,
                    220,
                    2169,
                    14208,
                    883,
                    883,
                    2331,
                    128009
                ],
                "raw_logprob": -21.111759185791016,
                "cons_logprob": -1
            }
        },
        {
            "current": {
                "tokens": [],
                "token_ids": [
                    58,
                    320,
                    37110,
                    320,
                    650,
                    27187,
                    1856,
                    14208,
                    883,
                    883,
                    2331,
                    128009
                ],
                "raw_logprob": -17.176782608032227,
                "cons_logprob": -1
            },
            "proposal": {
                "tokens": [],
                "token_ids": [
                    58,
                    320,
                    37110,
                    320,
                    650,
                    27187,
                    1856,
                    14208,
                    883,
                    883,
                    2331,
                    128009
                ],
                "raw_logprob": -17.176782608032227,