{
    "steps": [
        {
            "current": {
                "tokens": [],
                "token_ids": [
                    58,
                    320,
                    44340,
                    11529,
                    51316,
                    320,
                    45778,
                    1856,
                    14208,
                    883,
                    883,
                    2331,
                    128009
                ],
                "raw_logprob": -6.950682640075684,
                "cons_logprob": -1
            },
            "proposal": {
                "tokens": [],
                "token_ids": [
                    58,
                    320,
                    44340,
                    11529,
                    51316,
                    320,
                    45778,
                    1856,
                    14208,
                    883,
                    883,
                    2331,
                    128009
                ],
                "raw_logprob": -6.950682640075684,
                "cons_logprob": -1
            }
        },
        {
            "current": {
                "tokens": [],
                "token_ids": [
                    58,
                    320,
                    44340,
                    320,
                    45778,
                    1856,
                    14208,
                    883,
                    883,
                    2331,
                    128009
                ],
                "raw_logprob": -9.345847129821777,
                "cons_logprob": -1
            },
            "proposal": {
                "tokens": [],
                "token_ids": [
                    58,
                    320,
                    44340,
                    320,
                    45778,
                    1856,
                    14208,
                    883,
                    883,
                    2331,
                    128009
                ],
                "raw_logprob": -9.345847129821777,
                "cons_logprob": -1
            }
        },
        {
            "current": {
                "tokens": [],
                "token_ids": [
                    58,
                    320,
                    45778,
                    1856,
                    14208,
                    883,
                    2331,
                    128009
                ],
                "raw_logprob": -8.5,
                "cons_logprob": -1
            },
            "proposal": {
                "tokens": [],
                "token_ids": [
                    58,
                    320,
                    45778,
                    1856,
                    14208,
                    883,
                    2331,
                    128009
                ],
                "raw_logprob": -8.5,
                "cons_logprob": -1
            }
        },
        {
            "current": {
                "tokens": [],
                "token_ids": [
                    58,
                    320,
                    44340,
                    320,
                    71140,
                    1856,
                    14208,
                    883,
                    883,
                    2331,
                    128009
                ],
                "raw_logprob": -10.146139144897461,
                "cons_logprob": -1
            },
            "proposal": {
                "tokens": [],
                "token_ids": [
                    58,
                    320,
                    44340,
                    320,
                    71140,
                    1856,
                    14208,
                    883,
                    883,
                    2331,
                    128009
                ],
                "raw_logprob": -10.146139144897461,
                "cons_logprob": -1
            }
        },
        {
            "current": {
                "tokens": [],
                "token_ids": [
                    58,
                    320,
                    44340,
                    320,
                    452,
                    27321,
                    1856,
                    14208,
                    883,
                    883,
                    2331,
                    128009
                ],
                "raw_logprob": -9.713922500610352,
                "cons_logprob": -1
            },
            "proposal": {
                "tokens": [],
                "token_ids": [
                    58,
                    320,
                    44340,
                    320,
                    452,
                    27321,
                    1856,
                    14208,
                    883,
                    883,
                    2331,
                    128009
                ],
                "raw_logprob": -9.713922500610352,
                "cons_logprob": -1
            }
        },
        {
            "current": {
                "tokens": [],
                "token_ids": [
                    58,
                    320,
                    44340,
                    6354,
                    15327,
                    320,
                    452,
                    27321,
                    1856,
                    14208,
                    883,
                    883,
                    2331,
                    128009
                ],
                "raw_logprob": -17.422300338745117,
                "cons_logprob": -1
            },
            "proposal": {
                "tokens": [],
                "token_ids": [
                    58,
                    320,
                    44340,
                    6354,
                    15327,
                    320,
                    452,
                    27321,
                    1856,
                    14208,
                    883,
                    883,
                    2331,
                    128009
                ],
                "raw_logprob": -17.422300338745117,
                "cons_logprob": -1
            }
        },
        {
            "current": {
                "tokens": [],
                "token_ids": [
                    58,
                    320,
                    44340,
                    320,
                    26065,
                    220,
                    2169,
                    14208,
                    883,
                    883,
                    2331,
                    128009
                ],
                "raw_logprob": -28.6835880279541,
                "cons_logprob": -1
            },
            "proposal": {
                "tokens": [],
                "token_ids": [
                    58,
                    320,
                    44340,
                    320,
                    26065,
                    220,
                    2169,
                    14208,
                    883,
                    883,
                    2331,
                    128009
                ],
                "raw_logprob": -28.6835880279541,
                "cons_logprob": -1
            }
        },
        {
            "current": {
                "tokens": [],
                "token_ids": [
                    58,
                    320,
                    44340,
                    11529,
                    51316,
                    320,
                    452,
                    27321,
                    1856,
                    14208,
                    883,
                    883,
                    2331,
                    128009
                ],
                "raw_logprob": -10.279265403747559,
                "cons_logprob": -1
            },
            "proposal": {
                "tokens": [],