{
    "steps": [
        {
            "current": {
                "tokens": [
                    "OC",
                    "(=",
                    "O",
                    ")",
                    "N",
                    "CCCC",
                    "N",
                    "<|eot_id|>"
                ],
                "token_ids": [
                    7767,
                    121110,
                    46,
                    8,
                    45,
                    49032,
                    45,
                    128009
                ],
                "raw_logprob": -7.72304105758667,
                "cons_logprob": -7.689995288848877
            },
            "proposal": {
                "tokens": [
                    "CC",
                    "CN",
                    "1",
                    "C",
                    "(=",
                    "O",
                    ")",
                    "NC",
                    "(C",
                    "1",
                    "=",
                    "O",
                    ")",
                    "CCCCCC",
                    "O",
                    "<|eot_id|>"
                ],
                "token_ids": [
                    3791,
                    29768,
                    16,
                    34,
                    121110,
                    46,
                    8,
                    10153,
                    3100,
                    16,
                    28,
                    46,
                    8,
                    92543,
                    46,
                    128009
                ],
                "raw_logprob": -15.131353378295898,
                "cons_logprob": -11.805188179016113
            },
            "acceptance_prob": 0.03713781966803036,
            "accepted": false
        },
        {
            "current": {
                "tokens": [
                    "OC",
                    "(=",
                    "O",
                    ")",
                    "N",
                    "CCCC",
                    "N",
                    "<|eot_id|>"
                ],
                "token_ids": [
                    7767,
                    121110,
                    46,
                    8,
                    45,
                    49032,
                    45,
                    128009
                ],
                "raw_logprob": -7.72304105758667,
                "cons_logprob": -7.689995288848877
            },
            "proposal": {
                "tokens": [
                    "N",
                    "1",
                    "CCC",
                    "2",
                    "=",
                    "CC",
                    "=",
                    "CC",
                    "=C",
                    "2",
                    "N",
                    "1",
                    "<|eot_id|>"
                ],
                "token_ids": [
                    45,
                    16,
                    54973,
                    17,
                    28,
                    3791,
                    28,
                    3791,
                    42017,
                    17,
                    45,
                    16,
                    128009
                ],
                "raw_logprob": -15.698376655578613,
                "cons_logprob": -14.958040237426758
            },
            "acceptance_prob": 0.4929780400631151,
            "accepted": false
        },
        {
            "current": {
                "tokens": [
                    "OC",
                    "(=",
                    "O",
                    ")",
                    "N",
                    "CCCC",
                    "N",
                    "<|eot_id|>"
                ],
                "token_ids": [
                    7767,
                    121110,
                    46,
                    8,
                    45,
                    49032,
                    45,
                    128009
                ],
                "raw_logprob": -7.72304105758667,
                "cons_logprob": -7.689995288848877
            },
            "proposal": {
                "tokens": [
                    "CC",
                    "(=",
                    "O",
                    ")",
                    "CCCCCC",
                    "(=",
                    "O",
                    ")",
                    "CC",
                    "=",
                    "CCC",
                    "(=",
                    "O",
                    ")",
                    "CCC",
                    "<|eot_id|>"
                ],
                "token_ids": [
                    3791,
                    121110,
                    46,
                    8,
                    92543,
                    121110,
                    46,
                    8,
                    3791,
                    28,
                    54973,
                    121110,
                    46,
                    8,
                    54973,
                    128009
                ],
                "raw_logprob": -18.837778091430664,
                "cons_logprob": -18.759611129760742
            },
            "acceptance_prob": 0.9558816287156,
            "accepted": true
        },
        {
            "current": {
                "tokens": [
                    "CC",
                    "(=",
                    "O",
                    ")",
                    "CCCCCC",
                    "(=",
                    "O",
                    ")",
                    "CC",
                    "=",
                    "CCC",
                    "(=",
                    "O",
                    ")",
                    "CCC",
                    "<|eot_id|>"
                ],
                "token_ids": [
                    3791,
                    121110,
                    46,
                    8,
                    92543,
                    121110,
                    46,
                    8,
                    3791,
                    28,
                    54973,
                    121110,
                    46,
                    8,
                    54973,
                    128009
                ],
                "raw_logprob": -18.837778091430664,
                "cons_logprob": -18.759611129760742
            },
            "proposal": {
                "tokens": [
                    "O",
                    "CC",
                    "(CC",
                    "(N",
                    ")",
                    "CC",
                    "(=",
                    "O",
                    ")",
                    "N",
                    "CCCCCC",
                    "N",
                    "(C",
                    ")",
                    "CC",
                    "(=",
                    "O",
                    ")",
                    "N",
                    ")",
                    "CCCC",
                    "O",
                    "<|eot_id|>"
                ],
                "token_ids": [
                    46,
                    3791,
                    75171,
                    8368,
                    8,
                    3791,
                    121110,
                    46,
                    8,
                    45,
                    92543,
                    45,
                    3100,
                    8,
                    3791,
                    121110,
                    46,
                    8,
                    45,
                    8,
                    49032,
                    46,
                    128009
                ],
                "raw_logprob": -26.89772605895996,
                "cons_logprob": -26.834510803222656
            },
            "acceptance_prob": 1,