{
    "steps": [
        {
            "current": {
                "tokens": [
                    "CC",
                    "CO",
                    "CC",
                    "CO",
                    "<|eot_id|>"
                ],
                "token_ids": [
                    3791,
                    8445,
                    3791,
                    8445,
                    128009
                ],
                "raw_logprob": -8.28579330444336,
                "cons_logprob": -8.257050514221191
            },
            "proposal": {
                "tokens": [
                    "CC",
                    "O",
                    "CC",
                    "(C",
                    ")",
                    "CN",
                    "<|eot_id|>"
                ],
                "token_ids": [
                    3791,
                    46,
                    3791,
                    3100,
                    8,
                    29768,
                    128009
                ],
                "raw_logprob": -13.823564529418945,
                "cons_logprob": -13.764083862304688
            },
            "acceptance_prob": 0.9697297283348115,
            "accepted": true
        },
        {
            "current": {
                "tokens": [
                    "CC",
                    "O",
                    "CC",
                    "(C",
                    ")",
                    "CN",
                    "<|eot_id|>"
                ],
                "token_ids": [
                    3791,
                    46,
                    3791,
                    3100,
                    8,
                    29768,
                    128009
                ],
                "raw_logprob": -13.823564529418945,
                "cons_logprob": -13.764083862304688
            },
            "proposal": {
                "tokens": [
                    "O",
                    "CC",
                    "1",
                    "CC",
                    "O",
                    "CC",
                    "1",
                    "<|eot_id|>"
                ],
                "token_ids": [
                    46,
                    3791,
                    16,
                    3791,
                    46,
                    3791,
                    16,
                    128009
                ],
                "raw_logprob": -11.114522933959961,
                "cons_logprob": -10.820791244506836
            },
            "acceptance_prob": 0.7911631913323117,
            "accepted": true
        },
        {
            "current": {
                "tokens": [
                    "O",
                    "CC",
                    "1",
                    "CC",
                    "O",
                    "CC",
                    "1",
                    "<|eot_id|>"
                ],
                "token_ids": [
                    46,
                    3791,
                    16,
                    3791,
                    46,
                    3791,
                    16,
                    128009
                ],
                "raw_logprob": -11.114522933959961,
                "cons_logprob": -10.820791244506836
            },
            "proposal": {
                "tokens": [
                    "CC",
                    "OC",
                    "(=",
                    "O",
                    ")",
                    "C",
                    "(O",
                    ")",
                    "C",
                    "(N",
                    ")",
                    "CCCCCC",
                    "N",
                    "<|eot_id|>"
                ],
                "token_ids": [
                    3791,
                    7767,
                    121110,
                    46,
                    8,
                    34,
                    19792,
                    8,
                    34,
                    8368,
                    8,
                    92543,
                    45,
                    128009
                ],
                "raw_logprob": -16.710304260253906,
                "cons_logprob": -16.641023635864258
            },
            "acceptance_prob": 1,
            "accepted": true
        },
        {
            "current": {
                "tokens": [
                    "CC",
                    "OC",
                    "(=",
                    "O",
                    ")",
                    "C",
                    "(O",
                    ")",
                    "C",
                    "(N",
                    ")",
                    "CCCCCC",
                    "N",
                    "<|eot_id|>"
                ],
                "token_ids": [
                    3791,
                    7767,
                    121110,
                    46,
                    8,
                    34,
                    19792,
                    8,
                    34,
                    8368,
                    8,
                    92543,
                    45,
                    128009
                ],
                "raw_logprob": -16.710304260253906,
                "cons_logprob": -16.641023635864258
            },
            "proposal": {
                "tokens": [
                    "CC",
                    "(=",
                    "O",
                    ")",
                    "N",
                    "CCC",
                    "(=",
                    "O",
                    ")",
                    "O",
                    "CC",
                    "(=",
                    "O",
                    ")",
                    "CCCC",
                    "<|eot_id|>"
                ],
                "token_ids": [
                    3791,
                    121110,
                    46,
                    8,
                    45,
                    54973,
                    121110,
                    46,
                    8,
                    46,
                    3791,
                    121110,
                    46,
                    8,
                    49032,
                    128009
                ],
                "raw_logprob": -12.644256591796875,
                "cons_logprob": -12.576789855957031
            },
            "acceptance_prob": 1,
            "accepted": true
        },
        {
            "current": {
                "tokens": [
                    "CC",
                    "(=",
                    "O",
                    ")",
                    "N",
                    "CCC",
                    "(=",
                    "O",
                    ")",
                    "O",
                    "CC",
                    "(=",
                    "O",
                    ")",
                    "CCCC",
                    "<|eot_id|>"
                ],
                "token_ids": [
                    3791,
                    121110,
                    46,
                    8,
                    45,
                    54973,
                    121110,
                    46,
                    8,
                    46,
                    3791,
                    121110,
                    46,
                    8,
                    49032,
                    128009
                ],
                "raw_logprob": -12.644256591796875,
                "cons_logprob": -12.576789855957031
            },
            "proposal": {
                "tokens": [
                    "CC",
                    "(=",
                    "O",
                    ")",
                    "CCC",
                    "(=",
                    "O",
                    ")",
                    "CCC",
                    "(=",
                    "O",
                    ")",
                    "CC",
                    "<|eot_id|>"
                ],