{
    "steps": [
        {
            "current": {
                "tokens": [
                    "OC",
                    "(=",
                    "O",
                    ")",
                    "CCC",
                    "(C",
                    "(=",
                    "O",
                    "))",
                    "CCCC",
                    "(=",
                    "O",
                    ")",
                    "CC",
                    "O",
                    "<|eot_id|>"
                ],
                "token_ids": [
                    7767,
                    121110,
                    46,
                    8,
                    54973,
                    3100,
                    121110,
                    46,
                    595,
                    49032,
                    121110,
                    46,
                    8,
                    3791,
                    46,
                    128009
                ],
                "raw_logprob": -14.406227111816406,
                "cons_logprob": -14.357498168945312
            },
            "proposal": {
                "tokens": [
                    "O",
                    "CC",
                    "CO",
                    "<|eot_id|>"
                ],
                "token_ids": [
                    46,
                    3791,
                    8445,
                    128009
                ],
                "raw_logprob": -6.472316741943359,
                "cons_logprob": -6.450303077697754
            },
            "acceptance_prob": 1,
            "accepted": true
        },
        {
            "current": {
                "tokens": [
                    "O",
                    "CC",
                    "CO",
                    "<|eot_id|>"
                ],
                "token_ids": [
                    46,
                    3791,
                    8445,
                    128009
                ],
                "raw_logprob": -6.472316741943359,
                "cons_logprob": -6.450303077697754
            },
            "proposal": {
                "tokens": [
                    "CC",
                    "(=",
                    "O",
                    ")",
                    "N",
                    "1",
                    "CCCC",
                    "CN",
                    "(C",
                    "1",
                    "=",
                    "O",
                    ")",
                    "<|eot_id|>"
                ],
                "token_ids": [
                    3791,
                    121110,
                    46,
                    8,
                    45,
                    16,
                    49032,
                    29768,
                    3100,
                    16,
                    28,
                    46,
                    8,
                    128009
                ],
                "raw_logprob": -13.713781356811523,
                "cons_logprob": -13.595417022705078
            },
            "acceptance_prob": 0.9081455009687002,
            "accepted": false
        },
        {
            "current": {
                "tokens": [
                    "O",
                    "CC",
                    "CO",
                    "<|eot_id|>"
                ],
                "token_ids": [
                    46,
                    3791,
                    8445,
                    128009
                ],
                "raw_logprob": -6.472316741943359,
                "cons_logprob": -6.450303077697754
            },
            "proposal": {
                "tokens": [
                    "O",
                    "CC",
                    "CCCC",
                    "(=",
                    "O",
                    ")",
                    "N",
                    "<|eot_id|>"
                ],
                "token_ids": [
                    46,
                    3791,
                    49032,
                    121110,
                    46,
                    8,
                    45,
                    128009
                ],
                "raw_logprob": -14.278276443481445,
                "cons_logprob": -14.24889850616455
            },
            "acceptance_prob": 0.9926627767461683,
            "accepted": true
        },
        {
            "current": {
                "tokens": [
                    "O",
                    "CC",
                    "CCCC",
                    "(=",
                    "O",
                    ")",
                    "N",
                    "<|eot_id|>"
                ],
                "token_ids": [
                    46,
                    3791,
                    49032,
                    121110,
                    46,
                    8,
                    45,
                    128009
                ],
                "raw_logprob": -14.278276443481445,
                "cons_logprob": -14.24889850616455
            },
            "proposal": {
                "tokens": [
                    "CCC",
                    "(=",
                    "O",
                    ")",
                    "N",
                    "CC",
                    "(O",
                    ")",
                    "CN",
                    "<|eot_id|>"
                ],
                "token_ids": [
                    54973,
                    121110,
                    46,
                    8,
                    45,
                    3791,
                    19792,
                    8,
                    29768,
                    128009
                ],
                "raw_logprob": -14.14324951171875,
                "cons_logprob": -14.096233367919922
            },
            "acceptance_prob": 0.9825164361410211,
            "accepted": true
        },
        {
            "current": {
                "tokens": [
                    "CCC",
                    "(=",
                    "O",
                    ")",
                    "N",
                    "CC",
                    "(O",
                    ")",
                    "CN",
                    "<|eot_id|>"
                ],
                "token_ids": [
                    54973,
                    121110,
                    46,
                    8,
                    45,
                    3791,
                    19792,
                    8,
                    29768,
                    128009
                ],
                "raw_logprob": -14.14324951171875,
                "cons_logprob": -14.096233367919922
            },
            "proposal": {
                "tokens": [
                    "OC",
                    "(=",
                    "O",
                    ")",
                    "CC",
                    "N",
                    "CCC",
                    "(=",
                    "O",
                    ")",
                    "O",
                    "<|eot_id|>"
                ],
                "token_ids": [
                    7767,
                    121110,
                    46,
                    8,
                    3791,
                    45,
                    54973,
                    121110,
                    46,
                    8,
                    46,
                    128009
                ],
                "raw_logprob": -10.12141227722168,
                "cons_logprob": -10.079910278320312
            },
            "acceptance_prob": 1,
            "accepted": true
        },
        {
            "current": {
                "tokens": [
                    "OC",
                    "(=",
                    "O",
                    ")",
                    "CC",
                    "N",
                    "CCC",
                    "(=",
                    "O",
                    ")",
                    "O",
                    "<|eot_id|>"
                ],