{
    "steps": [
        {
            "current": {
                "tokens": [
                    "O",
                    "CC",
                    "(N",
                    ")",
                    "CCC",
                    "(=",
                    "O",
                    ")",
                    "NN",
                    "CCCC",
                    "(=",
                    "O",
                    ")",
                    "N",
                    "CC",
                    "O",
                    "<|eot_id|>"
                ],
                "token_ids": [
                    46,
                    3791,
                    8368,
                    8,
                    54973,
                    121110,
                    46,
                    8,
                    9944,
                    49032,
                    121110,
                    46,
                    8,
                    45,
                    3791,
                    46,
                    128009
                ],
                "raw_logprob": -18.645751953125,
                "cons_logprob": -18.596904754638672
            },
            "proposal": {
                "tokens": [
                    "CC",
                    "(=",
                    "O",
                    ")",
                    "OC",
                    "1",
                    "CCCC",
                    "C",
                    "1",
                    "<|eot_id|>"
                ],
                "token_ids": [
                    3791,
                    121110,
                    46,
                    8,
                    7767,
                    16,
                    49032,
                    34,
                    16,
                    128009
                ],
                "raw_logprob": -7.7802581787109375,
                "cons_logprob": -7.644894599914551
            },
            "acceptance_prob": 0.9171205259430906,
            "accepted": false
        },
        {
            "current": {
                "tokens": [
                    "O",
                    "CC",
                    "(N",
                    ")",
                    "CCC",
                    "(=",
                    "O",
                    ")",
                    "NN",
                    "CCCC",
                    "(=",
                    "O",
                    ")",
                    "N",
                    "CC",
                    "O",
                    "<|eot_id|>"
                ],
                "token_ids": [
                    46,
                    3791,
                    8368,
                    8,
                    54973,
                    121110,
                    46,
                    8,
                    9944,
                    49032,
                    121110,
                    46,
                    8,
                    45,
                    3791,
                    46,
                    128009
                ],
                "raw_logprob": -18.645751953125,
                "cons_logprob": -18.596904754638672
            },
            "proposal": {
                "tokens": [
                    "CC",
                    "(=",
                    "O",
                    ")",
                    "O",
                    "CCC",
                    "(=",
                    "O",
                    ")",
                    "CCC",
                    "(=",
                    "O",
                    ")",
                    "O",
                    "<|eot_id|>"
                ],
                "token_ids": [
                    3791,
                    121110,
                    46,
                    8,
                    46,
                    54973,
                    121110,
                    46,
                    8,
                    54973,
                    121110,
                    46,
                    8,
                    46,
                    128009
                ],
                "raw_logprob": -7.334408760070801,
                "cons_logprob": -7.300546646118164
            },
            "acceptance_prob": 1,
            "accepted": true
        },
        {
            "current": {
                "tokens": [
                    "CC",
                    "(=",
                    "O",
                    ")",
                    "O",
                    "CCC",
                    "(=",
                    "O",
                    ")",
                    "CCC",
                    "(=",
                    "O",
                    ")",
                    "O",
                    "<|eot_id|>"
                ],
                "token_ids": [
                    3791,
                    121110,
                    46,
                    8,
                    46,
                    54973,
                    121110,
                    46,
                    8,
                    54973,
                    121110,
                    46,
                    8,
                    46,
                    128009
                ],
                "raw_logprob": -7.334408760070801,
                "cons_logprob": -7.300546646118164
            },
            "proposal": {
                "tokens": [
                    "OC",
                    "(=",
                    "O",
                    ")",
                    "N",
                    "CCCC",
                    "N",
                    "CC",
                    "O",
                    "<|eot_id|>"
                ],
                "token_ids": [
                    7767,
                    121110,
                    46,
                    8,
                    45,
                    49032,
                    45,
                    3791,
                    46,
                    128009
                ],
                "raw_logprob": -10.397339820861816,
                "cons_logprob": -10.359445571899414
            },
            "acceptance_prob": 0.99597598313179,
            "accepted": true
        },
        {
            "current": {
                "tokens": [
                    "OC",
                    "(=",
                    "O",
                    ")",
                    "N",
                    "CCCC",
                    "N",
                    "CC",
                    "O",
                    "<|eot_id|>"
                ],
                "token_ids": [
                    7767,
                    121110,
                    46,
                    8,
                    45,
                    49032,
                    45,
                    3791,
                    46,
                    128009
                ],
                "raw_logprob": -10.397339820861816,
                "cons_logprob": -10.359445571899414
            },
            "proposal": {
                "tokens": [
                    "CC",
                    "(=",
                    "O",
                    ")",
                    "CCCC",
                    "(=",
                    "O",
                    ")",
                    "N",
                    "1",
                    "CCCC",
                    "N",
                    "1",
                    "<|eot_id|>"
                ],
                "token_ids": [
                    3791,
                    121110,
                    46,
                    8,
                    49032,
                    121110,
                    46,
                    8,
                    45,
                    16,
                    49032,
                    45,
                    16,
                    128009
                ],
                "raw_logprob": -13.905224800109863,
                "cons_logprob": -13.866859436035156
            },
            "acceptance_prob": 0.9995289958449945,