{
    "steps": [
        {
            "current": {
                "tokens": [
                    "OC",
                    "(=",
                    "O",
                    ")",
                    "CC",
                    "CN",
                    "(O",
                    ")",
                    "CCCC",
                    "N",
                    "<|eot_id|>"
                ],
                "token_ids": [
                    7767,
                    121110,
                    46,
                    8,
                    3791,
                    29768,
                    19792,
                    8,
                    49032,
                    45,
                    128009
                ],
                "raw_logprob": -12.511103630065918,
                "cons_logprob": -12.468454360961914
            },
            "proposal": {
                "tokens": [
                    "CC",
                    "N",
                    "CCCCCC",
                    "O",
                    "<|eot_id|>"
                ],
                "token_ids": [
                    3791,
                    45,
                    92543,
                    46,
                    128009
                ],
                "raw_logprob": -7.403071403503418,
                "cons_logprob": -7.375958442687988
            },
            "acceptance_prob": 1,
            "accepted": true
        },
        {
            "current": {
                "tokens": [
                    "CC",
                    "N",
                    "CCCCCC",
                    "O",
                    "<|eot_id|>"
                ],
                "token_ids": [
                    3791,
                    45,
                    92543,
                    46,
                    128009
                ],
                "raw_logprob": -7.403071403503418,
                "cons_logprob": -7.375958442687988
            },
            "proposal": {
                "tokens": [
                    "CC",
                    "(C",
                    ")",
                    "CCC",
                    "(=",
                    "O",
                    ")",
                    "C",
                    "1",
                    "CCCC",
                    "(=",
                    "O",
                    ")",
                    "N",
                    "1",
                    "<|eot_id|>"
                ],
                "token_ids": [
                    3791,
                    3100,
                    8,
                    54973,
                    121110,
                    46,
                    8,
                    34,
                    16,
                    49032,
                    121110,
                    46,
                    8,
                    45,
                    16,
                    128009
                ],
                "raw_logprob": -18.243345260620117,
                "cons_logprob": -17.936290740966797
            },
            "acceptance_prob": 0.755827911626545,
            "accepted": true
        },
        {
            "current": {
                "tokens": [
                    "CC",
                    "(C",
                    ")",
                    "CCC",
                    "(=",
                    "O",
                    ")",
                    "C",
                    "1",
                    "CCCC",
                    "(=",
                    "O",
                    ")",
                    "N",
                    "1",
                    "<|eot_id|>"
                ],
                "token_ids": [
                    3791,
                    3100,
                    8,
                    54973,
                    121110,
                    46,
                    8,
                    34,
                    16,
                    49032,
                    121110,
                    46,
                    8,
                    45,
                    16,
                    128009
                ],
                "raw_logprob": -18.243345260620117,
                "cons_logprob": -17.936290740966797
            },
            "proposal": {
                "tokens": [
                    "CN",
                    "1",
                    "CCC",
                    "2",
                    "NC",
                    "1",
                    "CCCC",
                    "C",
                    "2",
                    "=",
                    "O",
                    "<|eot_id|>"
                ],
                "token_ids": [
                    29768,
                    16,
                    54973,
                    17,
                    10153,
                    16,
                    49032,
                    34,
                    17,
                    28,
                    46,
                    128009
                ],
                "raw_logprob": -17.945907592773438,
                "cons_logprob": -16.969322204589844
            },
            "acceptance_prob": 0.511948692702039,
            "accepted": true
        },
        {
            "current": {
                "tokens": [
                    "CN",
                    "1",
                    "CCC",
                    "2",
                    "NC",
                    "1",
                    "CCCC",
                    "C",
                    "2",
                    "=",
                    "O",
                    "<|eot_id|>"
                ],
                "token_ids": [
                    29768,
                    16,
                    54973,
                    17,
                    10153,
                    16,
                    49032,
                    34,
                    17,
                    28,
                    46,
                    128009
                ],
                "raw_logprob": -17.945907592773438,
                "cons_logprob": -16.969322204589844
            },
            "proposal": {
                "tokens": [
                    "CC",
                    "(=",
                    "O",
                    ")",
                    "CCC",
                    "(O",
                    ")",
                    "CC",
                    "(=",
                    "O",
                    ")",
                    "CNN",
                    "<|eot_id|>"
                ],
                "token_ids": [
                    3791,
                    121110,
                    46,
                    8,
                    54973,
                    19792,
                    8,
                    3791,
                    121110,
                    46,
                    8,
                    56555,
                    128009
                ],
                "raw_logprob": -17.916683197021484,
                "cons_logprob": -17.879655838012695
            },
            "acceptance_prob": 1,
            "accepted": true
        },
        {
            "current": {
                "tokens": [
                    "CC",
                    "(=",
                    "O",
                    ")",
                    "CCC",
                    "(O",
                    ")",
                    "CC",
                    "(=",
                    "O",
                    ")",
                    "CNN",
                    "<|eot_id|>"
                ],
                "token_ids": [
                    3791,
                    121110,
                    46,
                    8,
                    54973,
                    19792,
                    8,
                    3791,
                    121110,
                    46,
                    8,
                    56555,
                    128009
                ],
                "raw_logprob": -17.916683197021484,
                "cons_logprob": -17.879655838012695
            },