{
    "steps": [
        {
            "current": {
                "tokens": [
                    "CC",
                    "(=",
                    "O",
                    ")",
                    "CCC",
                    "(=",
                    "O",
                    ")",
                    "CCC",
                    "(=",
                    "O",
                    ")",
                    "CC",
                    "O",
                    "<|eot_id|>"
                ],
                "token_ids": [
                    3791,
                    121110,
                    46,
                    8,
                    54973,
                    121110,
                    46,
                    8,
                    54973,
                    121110,
                    46,
                    8,
                    3791,
                    46,
                    128009
                ],
                "raw_logprob": -9.988823890686035,
                "cons_logprob": -9.946575164794922
            },
            "proposal": {
                "tokens": [
                    "CC",
                    "(N",
                    ")",
                    "O",
                    "CCC",
                    "OC",
                    "(=",
                    "O",
                    ")",
                    "CC",
                    "N",
                    "<|eot_id|>"
                ],
                "token_ids": [
                    3791,
                    8368,
                    8,
                    46,
                    54973,
                    7767,
                    121110,
                    46,
                    8,
                    3791,
                    45,
                    128009
                ],
                "raw_logprob": -14.85129451751709,
                "cons_logprob": -14.802589416503906
            },
            "acceptance_prob": 0.9935644224846665,
            "accepted": true
        },
        {
            "current": {
                "tokens": [
                    "CC",
                    "(N",
                    ")",
                    "O",
                    "CCC",
                    "OC",
                    "(=",
                    "O",
                    ")",
                    "CC",
                    "N",
                    "<|eot_id|>"
                ],
                "token_ids": [
                    3791,
                    8368,
                    8,
                    46,
                    54973,
                    7767,
                    121110,
                    46,
                    8,
                    3791,
                    45,
                    128009
                ],
                "raw_logprob": -14.85129451751709,
                "cons_logprob": -14.802589416503906
            },
            "proposal": {
                "tokens": [
                    "CCCCCC",
                    "OC",
                    "(=",
                    "O",
                    ")",
                    "C",
                    "1",
                    "CCC",
                    "(C",
                    "(C",
                    "1",
                    ")",
                    "C",
                    "(=",
                    "O",
                    ")",
                    "O",
                    ")",
                    "N",
                    "<|eot_id|>"
                ],
                "token_ids": [
                    92543,
                    7767,
                    121110,
                    46,
                    8,
                    34,
                    16,
                    54973,
                    3100,
                    3100,
                    16,
                    8,
                    34,
                    121110,
                    46,
                    8,
                    46,
                    8,
                    45,
                    128009
                ],
                "raw_logprob": -24.728321075439453,
                "cons_logprob": -24.325199127197266
            },
            "acceptance_prob": 0.7015824536911356,
            "accepted": true
        },
        {
            "current": {
                "tokens": [
                    "CCCCCC",
                    "OC",
                    "(=",
                    "O",
                    ")",
                    "C",
                    "1",
                    "CCC",
                    "(C",
                    "(C",
                    "1",
                    ")",
                    "C",
                    "(=",
                    "O",
                    ")",
                    "O",
                    ")",
                    "N",
                    "<|eot_id|>"
                ],
                "token_ids": [
                    92543,
                    7767,
                    121110,
                    46,
                    8,
                    34,
                    16,
                    54973,
                    3100,
                    3100,
                    16,
                    8,
                    34,
                    121110,
                    46,
                    8,
                    46,
                    8,
                    45,
                    128009
                ],
                "raw_logprob": -24.728321075439453,
                "cons_logprob": -24.325199127197266
            },
            "proposal": {
                "tokens": [
                    "CC",
                    "(=",
                    "O",
                    ")",
                    "CCCCCC",
                    "O",
                    "<|eot_id|>"
                ],
                "token_ids": [
                    3791,
                    121110,
                    46,
                    8,
                    92543,
                    46,
                    128009
                ],
                "raw_logprob": -8.25416374206543,
                "cons_logprob": -8.238533020019531
            },
            "acceptance_prob": 1,
            "accepted": true
        },
        {
            "current": {
                "tokens": [
                    "CC",
                    "(=",
                    "O",
                    ")",
                    "CCCCCC",
                    "O",
                    "<|eot_id|>"
                ],
                "token_ids": [
                    3791,
                    121110,
                    46,
                    8,
                    92543,
                    46,
                    128009
                ],
                "raw_logprob": -8.25416374206543,
                "cons_logprob": -8.238533020019531
            },
            "proposal": {
                "tokens": [
                    "OC",
                    "(C",
                    ")",
                    "CCCCCC",
                    "CN",
                    "<|eot_id|>"
                ],
                "token_ids": [
                    7767,
                    3100,
                    8,
                    92543,
                    29768,
                    128009
                ],
                "raw_logprob": -12.842977523803711,
                "cons_logprob": -12.810564041137695
            },
            "acceptance_prob": 0.9833572853596999,
            "accepted": true
        },
        {
            "current": {
                "tokens": [
                    "OC",
                    "(C",
                    ")",
                    "CCCCCC",
                    "CN",
                    "<|eot_id|>"
                ],
                "token_ids": [
                    7767,
                    3100,
                    8,
                    92543,
                    29768,
                    128009
                ],
                "raw_logprob": -12.842977523803711,