{
    "steps": [
        {
            "current": {
                "tokens": [
                    "OC",
                    "(=",
                    "O",
                    ")",
                    "CC",
                    "(O",
                    ")",
                    "C",
                    "(C",
                    ")",
                    "O",
                    "<|eot_id|>"
                ],
                "token_ids": [
                    7767,
                    121110,
                    46,
                    8,
                    3791,
                    19792,
                    8,
                    34,
                    3100,
                    8,
                    46,
                    128009
                ],
                "raw_logprob": -14.558541297912598,
                "cons_logprob": -14.511262893676758
            },
            "proposal": {
                "tokens": [
                    "OC",
                    "1",
                    "=",
                    "CC",
                    "=",
                    "CC",
                    "=C",
                    "1",
                    "CCCC",
                    "(=",
                    "O",
                    ")",
                    "N",
                    "1",
                    "CCCC",
                    "C",
                    "1",
                    "=",
                    "O",
                    "<|eot_id|>"
                ],
                "token_ids": [
                    7767,
                    16,
                    28,
                    3791,
                    28,
                    3791,
                    42017,
                    16,
                    49032,
                    121110,
                    46,
                    8,
                    45,
                    16,
                    49032,
                    34,
                    16,
                    28,
                    46,
                    128009
                ],
                "raw_logprob": -16.23265838623047,
                "cons_logprob": -16.052820205688477
            },
            "acceptance_prob": 0.8758505774291143,
            "accepted": true
        },
        {
            "current": {
                "tokens": [
                    "OC",
                    "1",
                    "=",
                    "CC",
                    "=",
                    "CC",
                    "=C",
                    "1",
                    "CCCC",
                    "(=",
                    "O",
                    ")",
                    "N",
                    "1",
                    "CCCC",
                    "C",
                    "1",
                    "=",
                    "O",
                    "<|eot_id|>"
                ],
                "token_ids": [
                    7767,
                    16,
                    28,
                    3791,
                    28,
                    3791,
                    42017,
                    16,
                    49032,
                    121110,
                    46,
                    8,
                    45,
                    16,
                    49032,
                    34,
                    16,
                    28,
                    46,
                    128009
                ],
                "raw_logprob": -16.23265838623047,
                "cons_logprob": -16.052820205688477
            },
            "proposal": {
                "tokens": [
                    "CC",
                    "N",
                    "CC",
                    "(=",
                    "O",
                    ")",
                    "N",
                    "CC",
                    "NC",
                    "(=",
                    "O",
                    ")",
                    "N",
                    "CC",
                    "O",
                    "<|eot_id|>"
                ],
                "token_ids": [
                    3791,
                    45,
                    3791,
                    121110,
                    46,
                    8,
                    45,
                    3791,
                    10153,
                    121110,
                    46,
                    8,
                    45,
                    3791,
                    46,
                    128009
                ],
                "raw_logprob": -12.703878402709961,
                "cons_logprob": -12.649482727050781
            },
            "acceptance_prob": 1,
            "accepted": true
        },
        {
            "current": {
                "tokens": [
                    "CC",
                    "N",
                    "CC",
                    "(=",
                    "O",
                    ")",
                    "N",
                    "CC",
                    "NC",
                    "(=",
                    "O",
                    ")",
                    "N",
                    "CC",
                    "O",
                    "<|eot_id|>"
                ],
                "token_ids": [
                    3791,
                    45,
                    3791,
                    121110,
                    46,
                    8,
                    45,
                    3791,
                    10153,
                    121110,
                    46,
                    8,
                    45,
                    3791,
                    46,
                    128009
                ],
                "raw_logprob": -12.703878402709961,
                "cons_logprob": -12.649482727050781
            },
            "proposal": {
                "tokens": [
                    "O",
                    "CC",
                    "(=",
                    "N",
                    ")",
                    "N",
                    "CCC",
                    "(=",
                    "O",
                    ")",
                    "N",
                    "CC",
                    "O",
                    "<|eot_id|>"
                ],
                "token_ids": [
                    46,
                    3791,
                    121110,
                    45,
                    8,
                    45,
                    54973,
                    121110,
                    46,
                    8,
                    45,
                    3791,
                    46,
                    128009
                ],
                "raw_logprob": -13.847421646118164,
                "cons_logprob": -13.801824569702148
            },
            "acceptance_prob": 1,
            "accepted": true
        },
        {
            "current": {
                "tokens": [
                    "O",
                    "CC",
                    "(=",
                    "N",
                    ")",
                    "N",
                    "CCC",
                    "(=",
                    "O",
                    ")",
                    "N",
                    "CC",
                    "O",
                    "<|eot_id|>"
                ],
                "token_ids": [
                    46,
                    3791,
                    121110,
                    45,
                    8,
                    45,
                    54973,
                    121110,
                    46,
                    8,
                    45,
                    3791,
                    46,
                    128009
                ],
                "raw_logprob": -13.847421646118164,
                "cons_logprob": -13.801824569702148
            },