{
    "steps": [
        {
            "current": {
                "tokens": [
                    "OC",
                    "(CC",
                    ")",
                    "CCC",
                    "(=",
                    "O",
                    ")",
                    "O",
                    "CC",
                    "CO",
                    "<|eot_id|>"
                ],
                "token_ids": [
                    7767,
                    75171,
                    8,
                    54973,
                    121110,
                    46,
                    8,
                    46,
                    3791,
                    8445,
                    128009
                ],
                "raw_logprob": -14.241948127746582,
                "cons_logprob": -14.205111503601074
            },
            "proposal": {
                "tokens": [
                    "OC",
                    "(=",
                    "O",
                    ")",
                    "CC",
                    "CN",
                    "1",
                    "CCCC",
                    "(O",
                    "1",
                    ")",
                    "C",
                    "2",
                    "=",
                    "CC",
                    "=",
                    "CC",
                    "=C",
                    "2",
                    "<|eot_id|>"
                ],
                "token_ids": [
                    7767,
                    121110,
                    46,
                    8,
                    3791,
                    29768,
                    16,
                    49032,
                    19792,
                    16,
                    8,
                    34,
                    17,
                    28,
                    3791,
                    28,
                    3791,
                    42017,
                    17,
                    128009
                ],
                "raw_logprob": -24.48552131652832,
                "cons_logprob": -24.393726348876953
            },
            "acceptance_prob": 0.9465245760277158,
            "accepted": true
        },
        {
            "current": {
                "tokens": [
                    "OC",
                    "(=",
                    "O",
                    ")",
                    "CC",
                    "CN",
                    "1",
                    "CCCC",
                    "(O",
                    "1",
                    ")",
                    "C",
                    "2",
                    "=",
                    "CC",
                    "=",
                    "CC",
                    "=C",
                    "2",
                    "<|eot_id|>"
                ],
                "token_ids": [
                    7767,
                    121110,
                    46,
                    8,
                    3791,
                    29768,
                    16,
                    49032,
                    19792,
                    16,
                    8,
                    34,
                    17,
                    28,
                    3791,
                    28,
                    3791,
                    42017,
                    17,
                    128009
                ],
                "raw_logprob": -24.48552131652832,
                "cons_logprob": -24.393726348876953
            },
            "proposal": {
                "tokens": [
                    "OC",
                    "(=",
                    "O",
                    ")",
                    "CCC",
                    "(=",
                    "O",
                    ")",
                    "N",
                    "CCCCCC",
                    "<|eot_id|>"
                ],
                "token_ids": [
                    7767,
                    121110,
                    46,
                    8,
                    54973,
                    121110,
                    46,
                    8,
                    45,
                    92543,
                    128009
                ],
                "raw_logprob": -11.573294639587402,
                "cons_logprob": -11.538312911987305
            },
            "acceptance_prob": 1,
            "accepted": true
        },
        {
            "current": {
                "tokens": [
                    "OC",
                    "(=",
                    "O",
                    ")",
                    "CCC",
                    "(=",
                    "O",
                    ")",
                    "N",
                    "CCCCCC",
                    "<|eot_id|>"
                ],
                "token_ids": [
                    7767,
                    121110,
                    46,
                    8,
                    54973,
                    121110,
                    46,
                    8,
                    45,
                    92543,
                    128009
                ],
                "raw_logprob": -11.573294639587402,
                "cons_logprob": -11.538312911987305
            },
            "proposal": {
                "tokens": [
                    "CC",
                    "(=",
                    "O",
                    ")",
                    "CCC",
                    "(=",
                    "O",
                    ")",
                    "C",
                    "<|eot_id|>"
                ],
                "token_ids": [
                    3791,
                    121110,
                    46,
                    8,
                    54973,
                    121110,
                    46,
                    8,
                    34,
                    128009
                ],
                "raw_logprob": -6.745788097381592,
                "cons_logprob": -6.704875469207764
            },
            "acceptance_prob": 0.9940866524980917,
            "accepted": true
        },
        {
            "current": {
                "tokens": [
                    "CC",
                    "(=",
                    "O",
                    ")",
                    "CCC",
                    "(=",
                    "O",
                    ")",
                    "C",
                    "<|eot_id|>"
                ],
                "token_ids": [
                    3791,
                    121110,
                    46,
                    8,
                    54973,
                    121110,
                    46,
                    8,
                    34,
                    128009
                ],
                "raw_logprob": -6.745788097381592,
                "cons_logprob": -6.704875469207764
            },
            "proposal": {
                "tokens": [
                    "CC",
                    "CN",
                    "CCC",
                    "(=",
                    "O",
                    ")",
                    "N",
                    "<|eot_id|>"
                ],
                "token_ids": [
                    3791,
                    29768,
                    54973,
                    121110,
                    46,
                    8,
                    45,
                    128009
                ],
                "raw_logprob": -7.524787902832031,
                "cons_logprob": -7.489845275878906
            },
            "acceptance_prob": 1,
            "accepted": true
        },
        {
            "current": {
                "tokens": [
                    "CC",
                    "CN",
                    "CCC",
                    "(=",
                    "O",
                    ")",
                    "N",
                    "<|eot_id|>"
                ],