{
    "steps": [
        {
            "current": {
                "tokens": [
                    "OC",
                    "(C",
                    "CCCC",
                    "N",
                    ")",
                    "CC",
                    "O",
                    "<|eot_id|>"
                ],
                "token_ids": [
                    7767,
                    3100,
                    49032,
                    45,
                    8,
                    3791,
                    46,
                    128009
                ],
                "raw_logprob": -12.507655143737793,
                "cons_logprob": -12.483592987060547
            },
            "proposal": {
                "tokens": [
                    "O",
                    "(C",
                    "(=",
                    "O",
                    ")",
                    "N",
                    "CCCCCC",
                    "(=",
                    "O",
                    ")",
                    "N",
                    ")",
                    "CCCCCC",
                    "(=",
                    "O",
                    ")",
                    "N",
                    "<|eot_id|>"
                ],
                "token_ids": [
                    46,
                    3100,
                    121110,
                    46,
                    8,
                    45,
                    92543,
                    121110,
                    46,
                    8,
                    45,
                    8,
                    92543,
                    121110,
                    46,
                    8,
                    45,
                    128009
                ],
                "raw_logprob": -15.25340747833252,
                "cons_logprob": -15.200807571411133
            },
            "acceptance_prob": 0.9718656052897627,
            "accepted": true
        },
        {
            "current": {
                "tokens": [
                    "O",
                    "(C",
                    "(=",
                    "O",
                    ")",
                    "N",
                    "CCCCCC",
                    "(=",
                    "O",
                    ")",
                    "N",
                    ")",
                    "CCCCCC",
                    "(=",
                    "O",
                    ")",
                    "N",
                    "<|eot_id|>"
                ],
                "token_ids": [
                    46,
                    3100,
                    121110,
                    46,
                    8,
                    45,
                    92543,
                    121110,
                    46,
                    8,
                    45,
                    8,
                    92543,
                    121110,
                    46,
                    8,
                    45,
                    128009
                ],
                "raw_logprob": -15.25340747833252,
                "cons_logprob": -15.200807571411133
            },
            "proposal": {
                "tokens": [
                    "CC",
                    "(N",
                    "CCCCCC",
                    "=",
                    "O",
                    ")",
                    "CC",
                    "=",
                    "O",
                    "<|eot_id|>"
                ],
                "token_ids": [
                    3791,
                    8368,
                    92543,
                    28,
                    46,
                    8,
                    3791,
                    28,
                    46,
                    128009
                ],
                "raw_logprob": -19.38517189025879,
                "cons_logprob": -19.35260009765625
            },
            "acceptance_prob": 1,
            "accepted": true
        },
        {
            "current": {
                "tokens": [
                    "CC",
                    "(N",
                    "CCCCCC",
                    "=",
                    "O",
                    ")",
                    "CC",
                    "=",
                    "O",
                    "<|eot_id|>"
                ],
                "token_ids": [
                    3791,
                    8368,
                    92543,
                    28,
                    46,
                    8,
                    3791,
                    28,
                    46,
                    128009
                ],
                "raw_logprob": -19.38517189025879,
                "cons_logprob": -19.35260009765625
            },
            "proposal": {
                "tokens": [
                    "CCCC",
                    "(=",
                    "O",
                    ")",
                    "O",
                    "CC",
                    "O",
                    "<|eot_id|>"
                ],
                "token_ids": [
                    49032,
                    121110,
                    46,
                    8,
                    46,
                    3791,
                    46,
                    128009
                ],
                "raw_logprob": -8.159839630126953,
                "cons_logprob": -8.13888168334961
            },
            "acceptance_prob": 1,
            "accepted": true
        },
        {
            "current": {
                "tokens": [
                    "CCCC",
                    "(=",
                    "O",
                    ")",
                    "O",
                    "CC",
                    "O",
                    "<|eot_id|>"
                ],
                "token_ids": [
                    49032,
                    121110,
                    46,
                    8,
                    46,
                    3791,
                    46,
                    128009
                ],
                "raw_logprob": -8.159839630126953,
                "cons_logprob": -8.13888168334961
            },
            "proposal": {
                "tokens": [
                    "CC",
                    "(=",
                    "O",
                    ")",
                    "N",
                    "CCCCCC",
                    "(=",
                    "O",
                    ")",
                    "N",
                    "CCC",
                    "(=",
                    "O",
                    ")",
                    "N",
                    "<|eot_id|>"
                ],
                "token_ids": [
                    3791,
                    121110,
                    46,
                    8,
                    45,
                    92543,
                    121110,
                    46,
                    8,
                    45,
                    54973,
                    121110,
                    46,
                    8,
                    45,
                    128009
                ],
                "raw_logprob": -8.721363067626953,
                "cons_logprob": -8.662178039550781
            },
            "acceptance_prob": 0.962494351605892,
            "accepted": true
        },
        {
            "current": {
                "tokens": [
                    "CC",
                    "(=",
                    "O",
                    ")",
                    "N",
                    "CCCCCC",
                    "(=",
                    "O",
                    ")",
                    "N",
                    "CCC",
                    "(=",
                    "O",
                    ")",
                    "N",
                    "<|eot_id|>"
                ],