{
    "steps": [
        {
            "current": {
                "tokens": [
                    "CN",
                    "(C",
                    ")",
                    "CC",
                    "OC",
                    "(=",
                    "O",
                    ")",
                    "CC",
                    "CN",
                    "<|eot_id|>"
                ],
                "token_ids": [
                    29768,
                    3100,
                    8,
                    3791,
                    7767,
                    121110,
                    46,
                    8,
                    3791,
                    29768,
                    128009
                ],
                "raw_logprob": -12.240446090698242,
                "cons_logprob": -12.199053764343262
            },
            "proposal": {
                "tokens": [
                    "CC",
                    "(=",
                    "O",
                    ")",
                    "N",
                    "CCCCCC",
                    "OC",
                    "(=",
                    "O",
                    ")",
                    "C",
                    "NC",
                    "1",
                    "CCCC",
                    "CCCCCC",
                    "1",
                    "=",
                    "O",
                    "<|eot_id|>"
                ],
                "token_ids": [
                    3791,
                    121110,
                    46,
                    8,
                    45,
                    92543,
                    7767,
                    121110,
                    46,
                    8,
                    34,
                    10153,
                    16,
                    49032,
                    92543,
                    16,
                    28,
                    46,
                    128009
                ],
                "raw_logprob": -22.91221809387207,
                "cons_logprob": -22.810264587402344
            },
            "acceptance_prob": 0.9412361823192057,
            "accepted": true
        },
        {
            "current": {
                "tokens": [
                    "CC",
                    "(=",
                    "O",
                    ")",
                    "N",
                    "CCCCCC",
                    "OC",
                    "(=",
                    "O",
                    ")",
                    "C",
                    "NC",
                    "1",
                    "CCCC",
                    "CCCCCC",
                    "1",
                    "=",
                    "O",
                    "<|eot_id|>"
                ],
                "token_ids": [
                    3791,
                    121110,
                    46,
                    8,
                    45,
                    92543,
                    7767,
                    121110,
                    46,
                    8,
                    34,
                    10153,
                    16,
                    49032,
                    92543,
                    16,
                    28,
                    46,
                    128009
                ],
                "raw_logprob": -22.91221809387207,
                "cons_logprob": -22.810264587402344
            },
            "proposal": {
                "tokens": [
                    "OC",
                    "(=",
                    "O",
                    ")",
                    "CCCC",
                    "NC",
                    "(=",
                    "O",
                    ")",
                    "N",
                    "<|eot_id|>"
                ],
                "token_ids": [
                    7767,
                    121110,
                    46,
                    8,
                    49032,
                    10153,
                    121110,
                    46,
                    8,
                    45,
                    128009
                ],
                "raw_logprob": -9.996586799621582,
                "cons_logprob": -9.970311164855957
            },
            "acceptance_prob": 1,
            "accepted": true
        },
        {
            "current": {
                "tokens": [
                    "OC",
                    "(=",
                    "O",
                    ")",
                    "CCCC",
                    "NC",
                    "(=",
                    "O",
                    ")",
                    "N",
                    "<|eot_id|>"
                ],
                "token_ids": [
                    7767,
                    121110,
                    46,
                    8,
                    49032,
                    10153,
                    121110,
                    46,
                    8,
                    45,
                    128009
                ],
                "raw_logprob": -9.996586799621582,
                "cons_logprob": -9.970311164855957
            },
            "proposal": {
                "tokens": [
                    "CC",
                    "OC",
                    "(=",
                    "O",
                    ")",
                    "N",
                    "<|eot_id|>"
                ],
                "token_ids": [
                    3791,
                    7767,
                    121110,
                    46,
                    8,
                    45,
                    128009
                ],
                "raw_logprob": -7.52130651473999,
                "cons_logprob": -7.507473468780518
            },
            "acceptance_prob": 1,
            "accepted": true
        },
        {
            "current": {
                "tokens": [
                    "CC",
                    "OC",
                    "(=",
                    "O",
                    ")",
                    "N",
                    "<|eot_id|>"
                ],
                "token_ids": [
                    3791,
                    7767,
                    121110,
                    46,
                    8,
                    45,
                    128009
                ],
                "raw_logprob": -7.52130651473999,
                "cons_logprob": -7.507473468780518
            },
            "proposal": {
                "tokens": [
                    "OC",
                    "(=",
                    "O",
                    ")",
                    "CN",
                    "CCC",
                    "(=",
                    "O",
                    ")",
                    "O",
                    "<|eot_id|>"
                ],
                "token_ids": [
                    7767,
                    121110,
                    46,
                    8,
                    29768,
                    54973,
                    121110,
                    46,
                    8,
                    46,
                    128009
                ],
                "raw_logprob": -8.043660163879395,
                "cons_logprob": -8.008940696716309
            },
            "acceptance_prob": 0.9793301893971259,
            "accepted": true
        },
        {
            "current": {
                "tokens": [
                    "OC",
                    "(=",
                    "O",
                    ")",
                    "CN",
                    "CCC",
                    "(=",
                    "O",
                    ")",
                    "O",
                    "<|eot_id|>"
                ],
                "token_ids": [
                    7767,
                    121110,
                    46,
                    8,
                    29768,
                    54973,
                    121110,
                    46,
                    8,
                    46,
                    128009
                ],