{
    "steps": [
        {
            "current": {
                "tokens": [
                    "OC",
                    "(C",
                    ")",
                    "POP",
                    "CC",
                    "O",
                    "<|eot_id|>"
                ],
                "token_ids": [
                    7767,
                    3100,
                    8,
                    48362,
                    3791,
                    46,
                    128009
                ],
                "raw_logprob": -20.25773811340332,
                "cons_logprob": -20.208885192871094
            },
            "proposal": {
                "tokens": [
                    "CC",
                    "CN",
                    "1",
                    "C",
                    "(=",
                    "O",
                    ")",
                    "CCC",
                    "(C",
                    "(=",
                    "O",
                    ")",
                    "O",
                    ")",
                    "N",
                    "1",
                    "<|eot_id|>"
                ],
                "token_ids": [
                    3791,
                    29768,
                    16,
                    34,
                    121110,
                    46,
                    8,
                    54973,
                    3100,
                    121110,
                    46,
                    8,
                    46,
                    8,
                    45,
                    16,
                    128009
                ],
                "raw_logprob": -20.637470245361328,
                "cons_logprob": -20.592029571533203
            },
            "acceptance_prob": 1,
            "accepted": true
        },
        {
            "current": {
                "tokens": [
                    "CC",
                    "CN",
                    "1",
                    "C",
                    "(=",
                    "O",
                    ")",
                    "CCC",
                    "(C",
                    "(=",
                    "O",
                    ")",
                    "O",
                    ")",
                    "N",
                    "1",
                    "<|eot_id|>"
                ],
                "token_ids": [
                    3791,
                    29768,
                    16,
                    34,
                    121110,
                    46,
                    8,
                    54973,
                    3100,
                    121110,
                    46,
                    8,
                    46,
                    8,
                    45,
                    16,
                    128009
                ],
                "raw_logprob": -20.637470245361328,
                "cons_logprob": -20.592029571533203
            },
            "proposal": {
                "tokens": [
                    "OC",
                    "1",
                    "CCCC",
                    "CCC",
                    "1",
                    "N",
                    "<|eot_id|>"
                ],
                "token_ids": [
                    7767,
                    16,
                    49032,
                    54973,
                    16,
                    45,
                    128009
                ],
                "raw_logprob": -12.402484893798828,
                "cons_logprob": -12.165878295898438
            },
            "acceptance_prob": 0.8259955242393522,
            "accepted": true
        },
        {
            "current": {
                "tokens": [
                    "OC",
                    "1",
                    "CCCC",
                    "CCC",
                    "1",
                    "N",
                    "<|eot_id|>"
                ],
                "token_ids": [
                    7767,
                    16,
                    49032,
                    54973,
                    16,
                    45,
                    128009
                ],
                "raw_logprob": -12.402484893798828,
                "cons_logprob": -12.165878295898438
            },
            "proposal": {
                "tokens": [
                    "CC",
                    "(=",
                    "O",
                    ")",
                    "C",
                    "(C",
                    "(C",
                    "(N",
                    ")",
                    "CC",
                    "=C",
                    ")",
                    "N",
                    "(C",
                    "))",
                    "CN",
                    "<|eot_id|>"
                ],
                "token_ids": [
                    3791,
                    121110,
                    46,
                    8,
                    34,
                    3100,
                    3100,
                    8368,
                    8,
                    3791,
                    42017,
                    8,
                    45,
                    3100,
                    595,
                    29768,
                    128009
                ],
                "raw_logprob": -34.18450164794922,
                "cons_logprob": -34.11061096191406
            },
            "acceptance_prob": 1,
            "accepted": true
        },
        {
            "current": {
                "tokens": [
                    "CC",
                    "(=",
                    "O",
                    ")",
                    "C",
                    "(C",
                    "(C",
                    "(N",
                    ")",
                    "CC",
                    "=C",
                    ")",
                    "N",
                    "(C",
                    "))",
                    "CN",
                    "<|eot_id|>"
                ],
                "token_ids": [
                    3791,
                    121110,
                    46,
                    8,
                    34,
                    3100,
                    3100,
                    8368,
                    8,
                    3791,
                    42017,
                    8,
                    45,
                    3100,
                    595,
                    29768,
                    128009
                ],
                "raw_logprob": -34.18450164794922,
                "cons_logprob": -34.11061096191406
            },
            "proposal": {
                "tokens": [
                    "CC",
                    "(N",
                    "C",
                    "(=",
                    "O",
                    ")",
                    "NC",
                    "(=",
                    "O",
                    ")",
                    "N",
                    ")",
                    "Cc",
                    "1",
                    "cc",
                    "ccc",
                    "1",
                    "<|eot_id|>"
                ],
                "token_ids": [
                    3791,
                    8368,
                    34,
                    121110,
                    46,
                    8,
                    10153,
                    121110,
                    46,
                    8,
                    45,
                    8,
                    98854,
                    16,
                    641,
                    38154,
                    16,
                    128009
                ],
                "raw_logprob": -19.993728637695312,
                "cons_logprob": -19.961959838867188
            },
            "acceptance_prob": 1,