{
    "steps": [
        {
            "current": {
                "tokens": [
                    "OC",
                    "(=",
                    "O",
                    ")",
                    "C",
                    "(O",
                    ")",
                    "C",
                    "(O",
                    ")",
                    "CCC",
                    "(=",
                    "O",
                    ")",
                    "O",
                    "<|eot_id|>"
                ],
                "token_ids": [
                    7767,
                    121110,
                    46,
                    8,
                    34,
                    19792,
                    8,
                    34,
                    19792,
                    8,
                    54973,
                    121110,
                    46,
                    8,
                    46,
                    128009
                ],
                "raw_logprob": -13.693883895874023,
                "cons_logprob": -13.64777946472168
            },
            "proposal": {
                "tokens": [
                    "CC",
                    "(=",
                    "O",
                    ")",
                    "OC",
                    "(C",
                    ")",
                    "CC",
                    "O",
                    "<|eot_id|>"
                ],
                "token_ids": [
                    3791,
                    121110,
                    46,
                    8,
                    7767,
                    3100,
                    8,
                    3791,
                    46,
                    128009
                ],
                "raw_logprob": -8.784048080444336,
                "cons_logprob": -8.745667457580566
            },
            "acceptance_prob": 1,
            "accepted": true
        },
        {
            "current": {
                "tokens": [
                    "CC",
                    "(=",
                    "O",
                    ")",
                    "OC",
                    "(C",
                    ")",
                    "CC",
                    "O",
                    "<|eot_id|>"
                ],
                "token_ids": [
                    3791,
                    121110,
                    46,
                    8,
                    7767,
                    3100,
                    8,
                    3791,
                    46,
                    128009
                ],
                "raw_logprob": -8.784048080444336,
                "cons_logprob": -8.745667457580566
            },
            "proposal": {
                "tokens": [
                    "OC",
                    "(=",
                    "O",
                    ")",
                    "C",
                    "(N",
                    ")",
                    "CCCC",
                    "N",
                    "CC",
                    "O",
                    "<|eot_id|>"
                ],
                "token_ids": [
                    7767,
                    121110,
                    46,
                    8,
                    34,
                    8368,
                    8,
                    49032,
                    45,
                    3791,
                    46,
                    128009
                ],
                "raw_logprob": -8.004838943481445,
                "cons_logprob": -7.953094005584717
            },
            "acceptance_prob": 0.9867245909287399,
            "accepted": true
        },
        {
            "current": {
                "tokens": [
                    "OC",
                    "(=",
                    "O",
                    ")",
                    "C",
                    "(N",
                    ")",
                    "CCCC",
                    "N",
                    "CC",
                    "O",
                    "<|eot_id|>"
                ],
                "token_ids": [
                    7767,
                    121110,
                    46,
                    8,
                    34,
                    8368,
                    8,
                    49032,
                    45,
                    3791,
                    46,
                    128009
                ],
                "raw_logprob": -8.004838943481445,
                "cons_logprob": -7.953094005584717
            },
            "proposal": {
                "tokens": [
                    "O",
                    "CC",
                    "12",
                    "CC",
                    "13",
                    "CC",
                    "(C",
                    "(C",
                    "(C",
                    "(C",
                    "3",
                    ")",
                    "C",
                    "4",
                    ")(",
                    "O",
                    "4",
                    "))",
                    "C",
                    "2",
                    ")",
                    "C",
                    "1",
                    "<|eot_id|>"
                ],
                "token_ids": [
                    46,
                    3791,
                    717,
                    3791,
                    1032,
                    3791,
                    3100,
                    3100,
                    3100,
                    3100,
                    18,
                    8,
                    34,
                    19,
                    2432,
                    46,
                    19,
                    595,
                    34,
                    17,
                    8,
                    34,
                    16,
                    128009
                ],
                "raw_logprob": -36.3077392578125,
                "cons_logprob": -35.92113494873047
            },
            "acceptance_prob": 0.7154386905735118,
            "accepted": true
        },
        {
            "current": {
                "tokens": [
                    "O",
                    "CC",
                    "12",
                    "CC",
                    "13",
                    "CC",
                    "(C",
                    "(C",
                    "(C",
                    "(C",
                    "3",
                    ")",
                    "C",
                    "4",
                    ")(",
                    "O",
                    "4",
                    "))",
                    "C",
                    "2",
                    ")",
                    "C",
                    "1",
                    "<|eot_id|>"
                ],
                "token_ids": [
                    46,
                    3791,
                    717,
                    3791,
                    1032,
                    3791,
                    3100,
                    3100,
                    3100,
                    3100,
                    18,
                    8,
                    34,
                    19,
                    2432,
                    46,
                    19,
                    595,
                    34,
                    17,
                    8,
                    34,
                    16,
                    128009
                ],
                "raw_logprob": -36.3077392578125,
                "cons_logprob": -35.92113494873047
            },
            "proposal": {
                "tokens": [
                    "CC",
                    "(=",
                    "O",
                    ")",
                    "N",
                    "CC",
                    "O",
                    "<|eot_id|>"
                ],