{
    "steps": [
        {
            "current": {
                "tokens": [
                    "CC",
                    "CN",
                    "(=",
                    "O",
                    ")",
                    "N",
                    "CCCCCC",
                    "NC",
                    "(=",
                    "O",
                    ")",
                    "N",
                    "CO",
                    "<|eot_id|>"
                ],
                "token_ids": [
                    3791,
                    29768,
                    121110,
                    46,
                    8,
                    45,
                    92543,
                    10153,
                    121110,
                    46,
                    8,
                    45,
                    8445,
                    128009
                ],
                "raw_logprob": -13.251106262207031,
                "cons_logprob": -13.195756912231445
            },
            "proposal": {
                "tokens": [
                    "OC",
                    "(=",
                    "O",
                    ")",
                    "CCC",
                    "(=",
                    "O",
                    ")",
                    "O",
                    "<|eot_id|>"
                ],
                "token_ids": [
                    7767,
                    121110,
                    46,
                    8,
                    54973,
                    121110,
                    46,
                    8,
                    46,
                    128009
                ],
                "raw_logprob": -7.104032039642334,
                "cons_logprob": -7.082577705383301
            },
            "acceptance_prob": 1,
            "accepted": true
        },
        {
            "current": {
                "tokens": [
                    "OC",
                    "(=",
                    "O",
                    ")",
                    "CCC",
                    "(=",
                    "O",
                    ")",
                    "O",
                    "<|eot_id|>"
                ],
                "token_ids": [
                    7767,
                    121110,
                    46,
                    8,
                    54973,
                    121110,
                    46,
                    8,
                    46,
                    128009
                ],
                "raw_logprob": -7.104032039642334,
                "cons_logprob": -7.082577705383301
            },
            "proposal": {
                "tokens": [
                    "CC",
                    "(=",
                    "O",
                    ")",
                    "N",
                    "CC",
                    "(=",
                    "O",
                    ")",
                    "N",
                    "CONN",
                    "<|eot_id|>"
                ],
                "token_ids": [
                    3791,
                    121110,
                    46,
                    8,
                    45,
                    3791,
                    121110,
                    46,
                    8,
                    45,
                    74667,
                    128009
                ],
                "raw_logprob": -16.426067352294922,
                "cons_logprob": -16.379329681396484
            },
            "acceptance_prob": 0.9750336101405535,
            "accepted": true
        },
        {
            "current": {
                "tokens": [
                    "CC",
                    "(=",
                    "O",
                    ")",
                    "N",
                    "CC",
                    "(=",
                    "O",
                    ")",
                    "N",
                    "CONN",
                    "<|eot_id|>"
                ],
                "token_ids": [
                    3791,
                    121110,
                    46,
                    8,
                    45,
                    3791,
                    121110,
                    46,
                    8,
                    45,
                    74667,
                    128009
                ],
                "raw_logprob": -16.426067352294922,
                "cons_logprob": -16.379329681396484
            },
            "proposal": {
                "tokens": [
                    "CC",
                    "(=",
                    "O",
                    ")",
                    "CN",
                    "CO",
                    "<|eot_id|>"
                ],
                "token_ids": [
                    3791,
                    121110,
                    46,
                    8,
                    29768,
                    8445,
                    128009
                ],
                "raw_logprob": -12.57475471496582,
                "cons_logprob": -12.552573204040527
            },
            "acceptance_prob": 1,
            "accepted": true
        },
        {
            "current": {
                "tokens": [
                    "CC",
                    "(=",
                    "O",
                    ")",
                    "CN",
                    "CO",
                    "<|eot_id|>"
                ],
                "token_ids": [
                    3791,
                    121110,
                    46,
                    8,
                    29768,
                    8445,
                    128009
                ],
                "raw_logprob": -12.57475471496582,
                "cons_logprob": -12.552573204040527
            },
            "proposal": {
                "tokens": [
                    "CC",
                    "(=",
                    "O",
                    ")",
                    "OC",
                    "1",
                    "CCCC",
                    "CCCC",
                    "1",
                    "<|eot_id|>"
                ],
                "token_ids": [
                    3791,
                    121110,
                    46,
                    8,
                    7767,
                    16,
                    49032,
                    49032,
                    16,
                    128009
                ],
                "raw_logprob": -11.37378215789795,
                "cons_logprob": -11.243203163146973
            },
            "acceptance_prob": 0.8972708748795866,
            "accepted": true
        },
        {
            "current": {
                "tokens": [
                    "CC",
                    "(=",
                    "O",
                    ")",
                    "OC",
                    "1",
                    "CCCC",
                    "CCCC",
                    "1",
                    "<|eot_id|>"
                ],
                "token_ids": [
                    3791,
                    121110,
                    46,
                    8,
                    7767,
                    16,
                    49032,
                    49032,
                    16,
                    128009
                ],
                "raw_logprob": -11.37378215789795,
                "cons_logprob": -11.243203163146973
            },
            "proposal": {
                "tokens": [
                    "CC",
                    "(=",
                    "O",
                    ")",
                    "N",
                    "CCC",
                    "(=",
                    "O",
                    ")",
                    "O",
                    "<|eot_id|>"
                ],