{
    "steps": [
        {
            "current": {
                "tokens": [
                    "CC",
                    "(=",
                    "O",
                    ")",
                    "N",
                    "(C",
                    "CCC",
                    ")(",
                    "CCCC",
                    ")",
                    "N",
                    "<|eot_id|>"
                ],
                "token_ids": [
                    3791,
                    121110,
                    46,
                    8,
                    45,
                    3100,
                    54973,
                    2432,
                    49032,
                    8,
                    45,
                    128009
                ],
                "raw_logprob": -16.520919799804688,
                "cons_logprob": -16.476076126098633
            },
            "proposal": {
                "tokens": [
                    "OC",
                    "(=",
                    "O",
                    ")",
                    "CN",
                    "CCCC",
                    "ON",
                    "<|eot_id|>"
                ],
                "token_ids": [
                    7767,
                    121110,
                    46,
                    8,
                    29768,
                    49032,
                    715,
                    128009
                ],
                "raw_logprob": -13.138555526733398,
                "cons_logprob": -13.111223220825195
            },
            "acceptance_prob": 1,
            "accepted": true
        },
        {
            "current": {
                "tokens": [
                    "OC",
                    "(=",
                    "O",
                    ")",
                    "CN",
                    "CCCC",
                    "ON",
                    "<|eot_id|>"
                ],
                "token_ids": [
                    7767,
                    121110,
                    46,
                    8,
                    29768,
                    49032,
                    715,
                    128009
                ],
                "raw_logprob": -13.138555526733398,
                "cons_logprob": -13.111223220825195
            },
            "proposal": {
                "tokens": [
                    "CC",
                    "(=",
                    "O",
                    ")",
                    "N",
                    "CCCC",
                    "(=",
                    "O",
                    ")",
                    "CC",
                    "N",
                    "<|eot_id|>"
                ],
                "token_ids": [
                    3791,
                    121110,
                    46,
                    8,
                    45,
                    49032,
                    121110,
                    46,
                    8,
                    3791,
                    45,
                    128009
                ],
                "raw_logprob": -10.688688278198242,
                "cons_logprob": -10.634632110595703
            },
            "acceptance_prob": 0.9736300609623343,
            "accepted": true
        },
        {
            "current": {
                "tokens": [
                    "CC",
                    "(=",
                    "O",
                    ")",
                    "N",
                    "CCCC",
                    "(=",
                    "O",
                    ")",
                    "CC",
                    "N",
                    "<|eot_id|>"
                ],
                "token_ids": [
                    3791,
                    121110,
                    46,
                    8,
                    45,
                    49032,
                    121110,
                    46,
                    8,
                    3791,
                    45,
                    128009
                ],
                "raw_logprob": -10.688688278198242,
                "cons_logprob": -10.634632110595703
            },
            "proposal": {
                "tokens": [
                    "OC",
                    "(=",
                    "O",
                    ")",
                    "N",
                    "CCCC",
                    "(=",
                    "O",
                    ")",
                    "N",
                    "<|eot_id|>"
                ],
                "token_ids": [
                    7767,
                    121110,
                    46,
                    8,
                    45,
                    49032,
                    121110,
                    46,
                    8,
                    45,
                    128009
                ],
                "raw_logprob": -8.655790328979492,
                "cons_logprob": -8.627883911132812
            },
            "acceptance_prob": 1,
            "accepted": true
        },
        {
            "current": {
                "tokens": [
                    "OC",
                    "(=",
                    "O",
                    ")",
                    "N",
                    "CCCC",
                    "(=",
                    "O",
                    ")",
                    "N",
                    "<|eot_id|>"
                ],
                "token_ids": [
                    7767,
                    121110,
                    46,
                    8,
                    45,
                    49032,
                    121110,
                    46,
                    8,
                    45,
                    128009
                ],
                "raw_logprob": -8.655790328979492,
                "cons_logprob": -8.627883911132812
            },
            "proposal": {
                "tokens": [
                    "OC",
                    "(=",
                    "O",
                    ")",
                    "CN",
                    "CCCCCC",
                    "NC",
                    "(=",
                    "O",
                    ")",
                    "N",
                    "CC",
                    "O",
                    "<|eot_id|>"
                ],
                "token_ids": [
                    7767,
                    121110,
                    46,
                    8,
                    29768,
                    92543,
                    10153,
                    121110,
                    46,
                    8,
                    45,
                    3791,
                    46,
                    128009
                ],
                "raw_logprob": -9.469346046447754,
                "cons_logprob": -9.429603576660156
            },
            "acceptance_prob": 0.9882337185813869,
            "accepted": true
        },
        {
            "current": {
                "tokens": [
                    "OC",
                    "(=",
                    "O",
                    ")",
                    "CN",
                    "CCCCCC",
                    "NC",
                    "(=",
                    "O",
                    ")",
                    "N",
                    "CC",
                    "O",
                    "<|eot_id|>"
                ],
                "token_ids": [
                    7767,
                    121110,
                    46,
                    8,
                    29768,
                    92543,
                    10153,
                    121110,
                    46,
                    8,
                    45,
                    3791,
                    46,
                    128009
                ],
                "raw_logprob": -9.469346046447754,
                "cons_logprob": -9.429603576660156
            },