{
    "steps": [
        {
            "current": {
                "tokens": [
                    "CC",
                    "(O",
                    ")",
                    "C",
                    "1",
                    "CCC",
                    "(C",
                    "1",
                    ")",
                    "N",
                    "CC",
                    "(O",
                    ")",
                    "CCCCCC",
                    "NC",
                    "(=",
                    "O",
                    ")",
                    "N",
                    "CC",
                    "O",
                    "<|eot_id|>"
                ],
                "token_ids": [
                    3791,
                    19792,
                    8,
                    34,
                    16,
                    54973,
                    3100,
                    16,
                    8,
                    45,
                    3791,
                    19792,
                    8,
                    92543,
                    10153,
                    121110,
                    46,
                    8,
                    45,
                    3791,
                    46,
                    128009
                ],
                "raw_logprob": -32.699951171875,
                "cons_logprob": -32.31824493408203
            },
            "proposal": {
                "tokens": [
                    "CC",
                    "(=",
                    "O",
                    ")",
                    "CC",
                    "CN",
                    "<|eot_id|>"
                ],
                "token_ids": [
                    3791,
                    121110,
                    46,
                    8,
                    3791,
                    29768,
                    128009
                ],
                "raw_logprob": -7.849991321563721,
                "cons_logprob": -7.830709457397461
            },
            "acceptance_prob": 1,
            "accepted": true
        },
        {
            "current": {
                "tokens": [
                    "CC",
                    "(=",
                    "O",
                    ")",
                    "CC",
                    "CN",
                    "<|eot_id|>"
                ],
                "token_ids": [
                    3791,
                    121110,
                    46,
                    8,
                    3791,
                    29768,
                    128009
                ],
                "raw_logprob": -7.849991321563721,
                "cons_logprob": -7.830709457397461
            },
            "proposal": {
                "tokens": [
                    "CC",
                    "(=",
                    "O",
                    ")",
                    "CCC",
                    "OC",
                    "(=",
                    "O",
                    ")",
                    "CC",
                    "(=",
                    "O",
                    ")",
                    "CCCCCC",
                    "<|eot_id|>"
                ],
                "token_ids": [
                    3791,
                    121110,
                    46,
                    8,
                    54973,
                    7767,
                    121110,
                    46,
                    8,
                    3791,
                    121110,
                    46,
                    8,
                    92543,
                    128009
                ],
                "raw_logprob": -15.120874404907227,
                "cons_logprob": -15.070560455322266
            },
            "acceptance_prob": 0.9694444675453628,
            "accepted": true
        },
        {
            "current": {
                "tokens": [
                    "CC",
                    "(=",
                    "O",
                    ")",
                    "CCC",
                    "OC",
                    "(=",
                    "O",
                    ")",
                    "CC",
                    "(=",
                    "O",
                    ")",
                    "CCCCCC",
                    "<|eot_id|>"
                ],
                "token_ids": [
                    3791,
                    121110,
                    46,
                    8,
                    54973,
                    7767,
                    121110,
                    46,
                    8,
                    3791,
                    121110,
                    46,
                    8,
                    92543,
                    128009
                ],
                "raw_logprob": -15.120874404907227,
                "cons_logprob": -15.070560455322266
            },
            "proposal": {
                "tokens": [
                    "CN",
                    "(C",
                    "CCC",
                    "(C",
                    "(N",
                    ")",
                    "OC",
                    "(=",
                    "O",
                    ")",
                    "C",
                    "(N",
                    ")",
                    "C",
                    "1",
                    "CC",
                    "CN",
                    "1",
                    ")",
                    "CC",
                    "(=",
                    "O",
                    ")",
                    "N",
                    ")",
                    "CCC",
                    "(=",
                    "O",
                    ")",
                    "NC",
                    "<|eot_id|>"
                ],
                "token_ids": [
                    29768,
                    3100,
                    54973,
                    3100,
                    8368,
                    8,
                    7767,
                    121110,
                    46,
                    8,
                    34,
                    8368,
                    8,
                    34,
                    16,
                    3791,
                    29768,
                    16,
                    8,
                    3791,
                    121110,
                    46,
                    8,
                    45,
                    8,
                    54973,
                    121110,
                    46,
                    8,
                    10153,
                    128009
                ],
                "raw_logprob": -36.52664566040039,
                "cons_logprob": -36.3724479675293
            },
            "acceptance_prob": 0.9013300770032839,
            "accepted": true
        },
        {
            "current": {
                "tokens": [
                    "CN",
                    "(C",
                    "CCC",
                    "(C",
                    "(N",
                    ")",
                    "OC",
                    "(=",
                    "O",
                    ")",
                    "C",
                    "(N",
                    ")",
                    "C",
                    "1",
                    "CC",
                    "CN",
                    "1",
                    ")",
                    "CC",
                    "(=",
                    "O",
                    ")",
                    "N",
                    ")",
                    "CCC",
                    "(=",
                    "O",
                    ")",
                    "NC",
                    "<|eot_id|>"
                ],