{
    "steps": [
        {
            "current": {
                "tokens": [
                    "C",
                    "1",
                    "CCC",
                    "(=",
                    "O",
                    ")",
                    "CC",
                    "1",
                    "CO",
                    "<|eot_id|>"
                ],
                "token_ids": [
                    34,
                    16,
                    54973,
                    121110,
                    46,
                    8,
                    3791,
                    16,
                    8445,
                    128009
                ],
                "raw_logprob": -12.260354042053223,
                "cons_logprob": -12.156242370605469
            },
            "proposal": {
                "tokens": [
                    "CC",
                    "(=",
                    "O",
                    ")",
                    "N",
                    "CCC",
                    "(=",
                    "O",
                    ")",
                    "O",
                    "<|eot_id|>"
                ],
                "token_ids": [
                    3791,
                    121110,
                    46,
                    8,
                    45,
                    54973,
                    121110,
                    46,
                    8,
                    46,
                    128009
                ],
                "raw_logprob": -5.676852226257324,
                "cons_logprob": -5.646737098693848
            },
            "acceptance_prob": 1,
            "accepted": true
        },
        {
            "current": {
                "tokens": [
                    "CC",
                    "(=",
                    "O",
                    ")",
                    "N",
                    "CCC",
                    "(=",
                    "O",
                    ")",
                    "O",
                    "<|eot_id|>"
                ],
                "token_ids": [
                    3791,
                    121110,
                    46,
                    8,
                    45,
                    54973,
                    121110,
                    46,
                    8,
                    46,
                    128009
                ],
                "raw_logprob": -5.676852226257324,
                "cons_logprob": -5.646737098693848
            },
            "proposal": {
                "tokens": [
                    "OC",
                    "1",
                    "CCCC",
                    "C",
                    "1",
                    "CCC",
                    "(=",
                    "O",
                    ")",
                    "O",
                    "<|eot_id|>"
                ],
                "token_ids": [
                    7767,
                    16,
                    49032,
                    34,
                    16,
                    54973,
                    121110,
                    46,
                    8,
                    46,
                    128009
                ],
                "raw_logprob": -10.38922119140625,
                "cons_logprob": -10.138982772827148
            },
            "acceptance_prob": 0.8024198607039824,
            "accepted": true
        },
        {
            "current": {
                "tokens": [
                    "OC",
                    "1",
                    "CCCC",
                    "C",
                    "1",
                    "CCC",
                    "(=",
                    "O",
                    ")",
                    "O",
                    "<|eot_id|>"
                ],
                "token_ids": [
                    7767,
                    16,
                    49032,
                    34,
                    16,
                    54973,
                    121110,
                    46,
                    8,
                    46,
                    128009
                ],
                "raw_logprob": -10.38922119140625,
                "cons_logprob": -10.138982772827148
            },
            "proposal": {
                "tokens": [
                    "CC",
                    "(C",
                    "(=",
                    "O",
                    ")",
                    "O",
                    ")",
                    "CCC",
                    "(=",
                    "O",
                    ")",
                    "O",
                    "CC",
                    "(C",
                    "(=",
                    "O",
                    ")",
                    "O",
                    ")",
                    "C",
                    "<|eot_id|>"
                ],
                "token_ids": [
                    3791,
                    3100,
                    121110,
                    46,
                    8,
                    46,
                    8,
                    54973,
                    121110,
                    46,
                    8,
                    46,
                    3791,
                    3100,
                    121110,
                    46,
                    8,
                    46,
                    8,
                    34,
                    128009
                ],
                "raw_logprob": -11.309052467346191,
                "cons_logprob": -11.26934814453125
            },
            "acceptance_prob": 1,
            "accepted": true
        },
        {
            "current": {
                "tokens": [
                    "CC",
                    "(C",
                    "(=",
                    "O",
                    ")",
                    "O",
                    ")",
                    "CCC",
                    "(=",
                    "O",
                    ")",
                    "O",
                    "CC",
                    "(C",
                    "(=",
                    "O",
                    ")",
                    "O",
                    ")",
                    "C",
                    "<|eot_id|>"
                ],
                "token_ids": [
                    3791,
                    3100,
                    121110,
                    46,
                    8,
                    46,
                    8,
                    54973,
                    121110,
                    46,
                    8,
                    46,
                    3791,
                    3100,
                    121110,
                    46,
                    8,
                    46,
                    8,
                    34,
                    128009
                ],
                "raw_logprob": -11.309052467346191,
                "cons_logprob": -11.26934814453125
            },
            "proposal": {
                "tokens": [
                    "O",
                    "CCCC",
                    "CN",
                    "CCCC",
                    "N",
                    "<|eot_id|>"
                ],
                "token_ids": [
                    46,
                    49032,
                    29768,
                    49032,
                    45,
                    128009
                ],
                "raw_logprob": -13.222443580627441,
                "cons_logprob": -13.172675132751465
            },
            "acceptance_prob": 0.9899863487786615,
            "accepted": true
        },
        {
            "current": {
                "tokens": [
                    "O",
                    "CCCC",
                    "CN",
                    "CCCC",
                    "N",
                    "<|eot_id|>"
                ],