{
    "steps": [
        {
            "current": {
                "tokens": [
                    "CC",
                    "(=",
                    "O",
                    ")",
                    "N",
                    "CCCCCC",
                    "(=",
                    "O",
                    ")",
                    "O",
                    "<|eot_id|>"
                ],
                "token_ids": [
                    3791,
                    121110,
                    46,
                    8,
                    45,
                    92543,
                    121110,
                    46,
                    8,
                    46,
                    128009
                ],
                "raw_logprob": -7.305840015411377,
                "cons_logprob": -7.269701957702637
            },
            "proposal": {
                "tokens": [
                    "CC",
                    "(=",
                    "O",
                    ")",
                    "N",
                    "CC",
                    "O",
                    "CC",
                    "(=",
                    "O",
                    ")",
                    "NC",
                    "<|eot_id|>"
                ],
                "token_ids": [
                    3791,
                    121110,
                    46,
                    8,
                    45,
                    3791,
                    46,
                    3791,
                    121110,
                    46,
                    8,
                    10153,
                    128009
                ],
                "raw_logprob": -12.712210655212402,
                "cons_logprob": -12.66067123413086
            },
            "acceptance_prob": 0.9847166310888814,
            "accepted": true
        },
        {
            "current": {
                "tokens": [
                    "CC",
                    "(=",
                    "O",
                    ")",
                    "N",
                    "CC",
                    "O",
                    "CC",
                    "(=",
                    "O",
                    ")",
                    "NC",
                    "<|eot_id|>"
                ],
                "token_ids": [
                    3791,
                    121110,
                    46,
                    8,
                    45,
                    3791,
                    46,
                    3791,
                    121110,
                    46,
                    8,
                    10153,
                    128009
                ],
                "raw_logprob": -12.712210655212402,
                "cons_logprob": -12.66067123413086
            },
            "proposal": {
                "tokens": [
                    "OC",
                    "(N",
                    ")c",
                    "1",
                    "ccc",
                    "(cc",
                    "1",
                    ")",
                    "CCC",
                    "(=",
                    "O",
                    ")",
                    "OC",
                    "<|eot_id|>"
                ],
                "token_ids": [
                    7767,
                    8368,
                    48086,
                    16,
                    38154,
                    32524,
                    16,
                    8,
                    54973,
                    121110,
                    46,
                    8,
                    7767,
                    128009
                ],
                "raw_logprob": -14.886850357055664,
                "cons_logprob": -14.846647262573242
            },
            "acceptance_prob": 1,
            "accepted": true
        },
        {
            "current": {
                "tokens": [
                    "OC",
                    "(N",
                    ")c",
                    "1",
                    "ccc",
                    "(cc",
                    "1",
                    ")",
                    "CCC",
                    "(=",
                    "O",
                    ")",
                    "OC",
                    "<|eot_id|>"
                ],
                "token_ids": [
                    7767,
                    8368,
                    48086,
                    16,
                    38154,
                    32524,
                    16,
                    8,
                    54973,
                    121110,
                    46,
                    8,
                    7767,
                    128009
                ],
                "raw_logprob": -14.886850357055664,
                "cons_logprob": -14.846647262573242
            },
            "proposal": {
                "tokens": [
                    "CC",
                    "(=",
                    "O",
                    ")",
                    "O",
                    "CCCC",
                    "(=",
                    "O",
                    ")",
                    "N",
                    "<|eot_id|>"
                ],
                "token_ids": [
                    3791,
                    121110,
                    46,
                    8,
                    46,
                    49032,
                    121110,
                    46,
                    8,
                    45,
                    128009
                ],
                "raw_logprob": -9.024782180786133,
                "cons_logprob": -8.997736930847168
            },
            "acceptance_prob": 1,
            "accepted": true
        },
        {
            "current": {
                "tokens": [
                    "CC",
                    "(=",
                    "O",
                    ")",
                    "O",
                    "CCCC",
                    "(=",
                    "O",
                    ")",
                    "N",
                    "<|eot_id|>"
                ],
                "token_ids": [
                    3791,
                    121110,
                    46,
                    8,
                    46,
                    49032,
                    121110,
                    46,
                    8,
                    45,
                    128009
                ],
                "raw_logprob": -9.024782180786133,
                "cons_logprob": -8.997736930847168
            },
            "proposal": {
                "tokens": [
                    "C",
                    "1",
                    "CCCC",
                    "C",
                    "1",
                    "C",
                    "(=",
                    "O",
                    ")",
                    "O",
                    "CC",
                    "(=",
                    "O",
                    ")",
                    "C",
                    "1",
                    "CCC",
                    "1",
                    "<|eot_id|>"
                ],
                "token_ids": [
                    34,
                    16,
                    49032,
                    34,
                    16,
                    34,
                    121110,
                    46,
                    8,
                    46,
                    3791,
                    121110,
                    46,
                    8,
                    34,
                    16,
                    54973,
                    16,
                    128009
                ],
                "raw_logprob": -14.63590145111084,
                "cons_logprob": -14.495641708374023
            },
            "acceptance_prob": 0.8929591062762182,