{
    "steps": [
        {
            "current": {
                "tokens": [
                    "CC",
                    "O",
                    "CC",
                    "N",
                    "CC",
                    "(=",
                    "O",
                    ")",
                    "NC",
                    "1",
                    "=",
                    "CC",
                    "=",
                    "CC",
                    "=C",
                    "1",
                    "<|eot_id|>"
                ],
                "token_ids": [
                    3791,
                    46,
                    3791,
                    45,
                    3791,
                    121110,
                    46,
                    8,
                    10153,
                    16,
                    28,
                    3791,
                    28,
                    3791,
                    42017,
                    16,
                    128009
                ],
                "raw_logprob": -20.09562110900879,
                "cons_logprob": -19.939167022705078
            },
            "proposal": {
                "tokens": [
                    "CC",
                    "(N",
                    "CC",
                    "(C",
                    ")",
                    "O",
                    ")",
                    "C",
                    "(=",
                    "O",
                    ")",
                    "CCCC",
                    "=",
                    "OC",
                    "<|eot_id|>"
                ],
                "token_ids": [
                    3791,
                    8368,
                    3791,
                    3100,
                    8,
                    46,
                    8,
                    34,
                    121110,
                    46,
                    8,
                    49032,
                    28,
                    7767,
                    128009
                ],
                "raw_logprob": -31.7777099609375,
                "cons_logprob": -31.69700813293457
            },
            "acceptance_prob": 1,
            "accepted": true
        },
        {
            "current": {
                "tokens": [
                    "CC",
                    "(N",
                    "CC",
                    "(C",
                    ")",
                    "O",
                    ")",
                    "C",
                    "(=",
                    "O",
                    ")",
                    "CCCC",
                    "=",
                    "OC",
                    "<|eot_id|>"
                ],
                "token_ids": [
                    3791,
                    8368,
                    3791,
                    3100,
                    8,
                    46,
                    8,
                    34,
                    121110,
                    46,
                    8,
                    49032,
                    28,
                    7767,
                    128009
                ],
                "raw_logprob": -31.7777099609375,
                "cons_logprob": -31.69700813293457
            },
            "proposal": {
                "tokens": [
                    "CCC",
                    "(=",
                    "O",
                    ")",
                    "OC",
                    "1",
                    "CCCC",
                    "C",
                    "1",
                    "<|eot_id|>"
                ],
                "token_ids": [
                    54973,
                    121110,
                    46,
                    8,
                    7767,
                    16,
                    49032,
                    34,
                    16,
                    128009
                ],
                "raw_logprob": -9.713590621948242,
                "cons_logprob": -9.555140495300293
            },
            "acceptance_prob": 0.9251972706453677,
            "accepted": true
        },
        {
            "current": {
                "tokens": [
                    "CCC",
                    "(=",
                    "O",
                    ")",
                    "OC",
                    "1",
                    "CCCC",
                    "C",
                    "1",
                    "<|eot_id|>"
                ],
                "token_ids": [
                    54973,
                    121110,
                    46,
                    8,
                    7767,
                    16,
                    49032,
                    34,
                    16,
                    128009
                ],
                "raw_logprob": -9.713590621948242,
                "cons_logprob": -9.555140495300293
            },
            "proposal": {
                "tokens": [
                    "CC",
                    "(C",
                    ")(",
                    "CO",
                    "CC",
                    "O",
                    ")",
                    "CC",
                    "O",
                    "<|eot_id|>"
                ],
                "token_ids": [
                    3791,
                    3100,
                    2432,
                    8445,
                    3791,
                    46,
                    8,
                    3791,
                    46,
                    128009
                ],
                "raw_logprob": -17.604562759399414,
                "cons_logprob": -17.573883056640625
            },
            "acceptance_prob": 1,
            "accepted": true
        },
        {
            "current": {
                "tokens": [
                    "CC",
                    "(C",
                    ")(",
                    "CO",
                    "CC",
                    "O",
                    ")",
                    "CC",
                    "O",
                    "<|eot_id|>"
                ],
                "token_ids": [
                    3791,
                    3100,
                    2432,
                    8445,
                    3791,
                    46,
                    8,
                    3791,
                    46,
                    128009
                ],
                "raw_logprob": -17.604562759399414,
                "cons_logprob": -17.573883056640625
            },
            "proposal": {
                "tokens": [
                    "O",
                    "(C",
                    "(=",
                    "O",
                    ")",
                    "N",
                    ")",
                    "CCCC",
                    "(=",
                    "O",
                    ")",
                    "N",
                    "CC",
                    "O",
                    "<|eot_id|>"
                ],
                "token_ids": [
                    46,
                    3100,
                    121110,
                    46,
                    8,
                    45,
                    8,
                    49032,
                    121110,
                    46,
                    8,
                    45,
                    3791,
                    46,
                    128009
                ],
                "raw_logprob": -10.19756031036377,
                "cons_logprob": -10.165188789367676
            },
            "acceptance_prob": 0.9983096120804431,