{
    "steps": [
        {
            "current": {
                "tokens": [
                    "CC",
                    "(=",
                    "O",
                    ")",
                    "CCC",
                    "(=",
                    "O",
                    ")",
                    "C",
                    "<|eot_id|>"
                ],
                "token_ids": [
                    3791,
                    121110,
                    46,
                    8,
                    54973,
                    121110,
                    46,
                    8,
                    34,
                    128009
                ],
                "raw_logprob": -6.745788097381592,
                "cons_logprob": -6.704875469207764
            },
            "proposal": {
                "tokens": [
                    "CC",
                    "(=",
                    "O",
                    ")",
                    "O",
                    "CCC",
                    "1",
                    "CCCC",
                    "C",
                    "1",
                    "<|eot_id|>"
                ],
                "token_ids": [
                    3791,
                    121110,
                    46,
                    8,
                    46,
                    54973,
                    16,
                    49032,
                    34,
                    16,
                    128009
                ],
                "raw_logprob": -12.265668869018555,
                "cons_logprob": -12.079292297363281
            },
            "acceptance_prob": 0.8646210647373886,
            "accepted": true
        },
        {
            "current": {
                "tokens": [
                    "CC",
                    "(=",
                    "O",
                    ")",
                    "O",
                    "CCC",
                    "1",
                    "CCCC",
                    "C",
                    "1",
                    "<|eot_id|>"
                ],
                "token_ids": [
                    3791,
                    121110,
                    46,
                    8,
                    46,
                    54973,
                    16,
                    49032,
                    34,
                    16,
                    128009
                ],
                "raw_logprob": -12.265668869018555,
                "cons_logprob": -12.079292297363281
            },
            "proposal": {
                "tokens": [
                    "CC",
                    "(=",
                    "O",
                    ")",
                    "N",
                    "1",
                    "CCCC",
                    "C",
                    "1",
                    "<|eot_id|>"
                ],
                "token_ids": [
                    3791,
                    121110,
                    46,
                    8,
                    45,
                    16,
                    49032,
                    34,
                    16,
                    128009
                ],
                "raw_logprob": -8.551933288574219,
                "cons_logprob": -8.463922500610352
            },
            "acceptance_prob": 1,
            "accepted": true
        },
        {
            "current": {
                "tokens": [
                    "CC",
                    "(=",
                    "O",
                    ")",
                    "N",
                    "1",
                    "CCCC",
                    "C",
                    "1",
                    "<|eot_id|>"
                ],
                "token_ids": [
                    3791,
                    121110,
                    46,
                    8,
                    45,
                    16,
                    49032,
                    34,
                    16,
                    128009
                ],
                "raw_logprob": -8.551933288574219,
                "cons_logprob": -8.463922500610352
            },
            "proposal": {
                "tokens": [
                    "CC",
                    "(C",
                    "(=",
                    "O",
                    ")",
                    "N",
                    ")",
                    "CC",
                    "(=",
                    "O",
                    ")",
                    "N",
                    "<|eot_id|>"
                ],
                "token_ids": [
                    3791,
                    3100,
                    121110,
                    46,
                    8,
                    45,
                    8,
                    3791,
                    121110,
                    46,
                    8,
                    45,
                    128009
                ],
                "raw_logprob": -9.319923400878906,
                "cons_logprob": -9.294928550720215
            },
            "acceptance_prob": 1,
            "accepted": true
        },
        {
            "current": {
                "tokens": [
                    "CC",
                    "(C",
                    "(=",
                    "O",
                    ")",
                    "N",
                    ")",
                    "CC",
                    "(=",
                    "O",
                    ")",
                    "N",
                    "<|eot_id|>"
                ],
                "token_ids": [
                    3791,
                    3100,
                    121110,
                    46,
                    8,
                    45,
                    8,
                    3791,
                    121110,
                    46,
                    8,
                    45,
                    128009
                ],
                "raw_logprob": -9.319923400878906,
                "cons_logprob": -9.294928550720215
            },
            "proposal": {
                "tokens": [
                    "CC",
                    "(N",
                    ")",
                    "CCCC",
                    "N",
                    "CC",
                    "(=",
                    "O",
                    ")",
                    "CCCC",
                    "C",
                    "(=",
                    "O",
                    ")",
                    "N",
                    "<|eot_id|>"
                ],
                "token_ids": [
                    3791,
                    8368,
                    8,
                    49032,
                    45,
                    3791,
                    121110,
                    46,
                    8,
                    49032,
                    34,
                    121110,
                    46,
                    8,
                    45,
                    128009
                ],
                "raw_logprob": -17.739898681640625,
                "cons_logprob": -17.64459228515625
            },
            "acceptance_prob": 0.9321033812821586,
            "accepted": true
        },
        {
            "current": {
                "tokens": [
                    "CC",
                    "(N",
                    ")",
                    "CCCC",
                    "N",
                    "CC",
                    "(=",
                    "O",
                    ")",
                    "CCCC",
                    "C",
                    "(=",
                    "O",
                    ")",
                    "N",
                    "<|eot_id|>"
                ],