{
    "steps": [
        {
            "current": {
                "tokens": [
                    "O",
                    "CCC",
                    "(=",
                    "O",
                    ")",
                    "N",
                    "CCC",
                    "(=",
                    "O",
                    ")",
                    "O",
                    "<|eot_id|>"
                ],
                "token_ids": [
                    46,
                    54973,
                    121110,
                    46,
                    8,
                    45,
                    54973,
                    121110,
                    46,
                    8,
                    46,
                    128009
                ],
                "raw_logprob": -9.861872673034668,
                "cons_logprob": -9.831302642822266
            },
            "proposal": {
                "tokens": [
                    "CCCCCC",
                    "O",
                    "<|eot_id|>"
                ],
                "token_ids": [
                    92543,
                    46,
                    128009
                ],
                "raw_logprob": -8.402006149291992,
                "cons_logprob": -8.373751640319824
            },
            "acceptance_prob": 1,
            "accepted": true
        },
        {
            "current": {
                "tokens": [
                    "CCCCCC",
                    "O",
                    "<|eot_id|>"
                ],
                "token_ids": [
                    92543,
                    46,
                    128009
                ],
                "raw_logprob": -8.402006149291992,
                "cons_logprob": -8.373751640319824
            },
            "proposal": {
                "tokens": [
                    "CC",
                    "(N",
                    "CCCC",
                    "N",
                    ")",
                    "CCC",
                    "(=",
                    "O",
                    ")",
                    "N",
                    "<|eot_id|>"
                ],
                "token_ids": [
                    3791,
                    8368,
                    49032,
                    45,
                    8,
                    54973,
                    121110,
                    46,
                    8,
                    45,
                    128009
                ],
                "raw_logprob": -13.701457977294922,
                "cons_logprob": -13.660993576049805
            },
            "acceptance_prob": 0.9878643460073926,
            "accepted": true
        },
        {
            "current": {
                "tokens": [
                    "CC",
                    "(N",
                    "CCCC",
                    "N",
                    ")",
                    "CCC",
                    "(=",
                    "O",
                    ")",
                    "N",
                    "<|eot_id|>"
                ],
                "token_ids": [
                    3791,
                    8368,
                    49032,
                    45,
                    8,
                    54973,
                    121110,
                    46,
                    8,
                    45,
                    128009
                ],
                "raw_logprob": -13.701457977294922,
                "cons_logprob": -13.660993576049805
            },
            "proposal": {
                "tokens": [
                    "CC",
                    "(=",
                    "O",
                    ")",
                    "N",
                    "CCC",
                    "(=",
                    "O",
                    ")",
                    "C",
                    "<|eot_id|>"
                ],
                "token_ids": [
                    3791,
                    121110,
                    46,
                    8,
                    45,
                    54973,
                    121110,
                    46,
                    8,
                    34,
                    128009
                ],
                "raw_logprob": -7.177770614624023,
                "cons_logprob": -7.129905700683594
            },
            "acceptance_prob": 0.9926268036721863,
            "accepted": true
        },
        {
            "current": {
                "tokens": [
                    "CC",
                    "(=",
                    "O",
                    ")",
                    "N",
                    "CCC",
                    "(=",
                    "O",
                    ")",
                    "C",
                    "<|eot_id|>"
                ],
                "token_ids": [
                    3791,
                    121110,
                    46,
                    8,
                    45,
                    54973,
                    121110,
                    46,
                    8,
                    34,
                    128009
                ],
                "raw_logprob": -7.177770614624023,
                "cons_logprob": -7.129905700683594
            },
            "proposal": {
                "tokens": [
                    "O",
                    "CC",
                    "CC",
                    "O",
                    "<|eot_id|>"
                ],
                "token_ids": [
                    46,
                    3791,
                    3791,
                    46,
                    128009
                ],
                "raw_logprob": -10.466378211975098,
                "cons_logprob": -10.439319610595703
            },
            "acceptance_prob": 1,
            "accepted": true
        },
        {
            "current": {
                "tokens": [
                    "O",
                    "CC",
                    "CC",
                    "O",
                    "<|eot_id|>"
                ],
                "token_ids": [
                    46,
                    3791,
                    3791,
                    46,
                    128009
                ],
                "raw_logprob": -10.466378211975098,
                "cons_logprob": -10.439319610595703
            },
            "proposal": {
                "tokens": [
                    "OC",
                    "(C",
                    "(=",
                    "O",
                    ")",
                    "N",
                    ")",
                    "CCCC",
                    "(=",
                    "O",
                    ")",
                    "N",
                    "<|eot_id|>"
                ],
                "token_ids": [
                    7767,
                    3100,
                    121110,
                    46,
                    8,
                    45,
                    8,
                    49032,
                    121110,
                    46,
                    8,
                    45,
                    128009
                ],
                "raw_logprob": -9.210803985595703,
                "cons_logprob": -9.187583923339844
            },
            "acceptance_prob": 1,
            "accepted": true
        },
        {
            "current": {
                "tokens": [
                    "OC",
                    "(C",
                    "(=",
                    "O",
                    ")",
                    "N",
                    ")",
                    "CCCC",
                    "(=",
                    "O",
                    ")",
                    "N",
                    "<|eot_id|>"
                ],