{
    "steps": [
        {
            "current": {
                "tokens": [],
                "token_ids": [
                    69647,
                    2269,
                    359,
                    282,
                    1819,
                    29525,
                    935,
                    8,
                    320,
                    30306,
                    935,
                    595,
                    935,
                    320,
                    496,
                    13,
                    1044,
                    320,
                    496,
                    13,
                    1044,
                    46441,
                    330,
                    12590,
                    49293,
                    595,
                    128009
                ],
                "raw_logprob": -1.8828125,
                "cons_logprob": -1
            },
            "proposal": {
                "tokens": [],
                "token_ids": [
                    69647,
                    2269,
                    359,
                    282,
                    1819,
                    29525,
                    935,
                    8,
                    320,
                    30306,
                    935,
                    595,
                    935,
                    320,
                    496,
                    13,
                    1044,
                    320,
                    496,
                    13,
                    1044,
                    46441,
                    330,
                    12590,
                    49293,
                    595,
                    128009
                ],
                "raw_logprob": -1.8828125,
                "cons_logprob": -1
            }
        },
        {
            "current": {
                "tokens": [],
                "token_ids": [
                    69647,
                    2269,
                    359,
                    282,
                    1819,
                    29525,
                    935,
                    8,
                    320,
                    30306,
                    935,
                    595,
                    935,
                    320,
                    496,
                    13,
                    1044,
                    46441,
                    330,
                    330,
                    595,
                    128009
                ],
                "raw_logprob": -20.0,
                "cons_logprob": -1
            },
            "proposal": {
                "tokens": [],
                "token_ids": [
                    69647,
                    2269,
                    359,
                    282,
                    1819,
                    29525,
                    935,
                    8,
                    320,
                    30306,
                    935,
                    595,
                    935,
                    320,
                    496,
                    13,
                    1044,
                    46441,
                    330,
                    330,
                    595,
                    128009
                ],
                "raw_logprob": -20.0,
                "cons_logprob": -1
            }
        },
        {
            "current": {
                "tokens": [],
                "token_ids": [
                    21941,
                    483,
                    2269,
                    359,
                    282,
                    1819,
                    29525,
                    935,
                    8,
                    320,
                    30306,
                    935,
                    595,
                    935,
                    320,
                    496,
                    13,
                    1044,
                    320,
                    496,
                    13,
                    1044,
                    46441,
                    330,
                    12590,
                    49293,
                    595,
                    128009
                ],
                "raw_logprob": -12.0625,
                "cons_logprob": -1
            },
            "proposal": {
                "tokens": [],
                "token_ids": [
                    21941,
                    483,
                    2269,
                    359,
                    282,
                    1819,
                    29525,
                    935,
                    8,
                    320,
                    30306,
                    935,
                    595,
                    935,
                    320,
                    496,
                    13,
                    1044,
                    320,
                    496,
                    13,
                    1044,
                    46441,
                    330,
                    12590,
                    49293,
                    595,
                    128009
                ],
                "raw_logprob": -12.0625,
                "cons_logprob": -1
            }
        },
        {
            "current": {
                "tokens": [],
                "token_ids": [
                    69647,
                    2269,
                    359,
                    282,
                    1819,
                    29525,
                    935,
                    8,
                    320,
                    30306,
                    935,
                    595,
                    935,
                    320,
                    496,
                    13,
                    1044,
                    330,
                    330,
                    320,
                    496,
                    13,
                    1044,
                    46441,
                    49293,
                    7861,
                    128009
                ],
                "raw_logprob": -13.589593887329102,
                "cons_logprob": -1
            },
            "proposal": {
                "tokens": [],
                "token_ids": [
                    69647,
                    2269,
                    359,
                    282,
                    1819,
                    29525,
                    935,
                    8,
                    320,
                    30306,
                    935,
                    595,
                    935,
                    320,
                    496,
                    13,
                    1044,
                    330,
                    330,
                    320,
                    496,
                    13,
                    1044,
                    46441,
                    49293,
                    7861,
                    128009
                ],
                "raw_logprob": -13.589593887329102,
                "cons_logprob": -1
            }
        },
        {
            "current": {
                "tokens": [],
                "token_ids": [
                    7,
                    1312,
                    2269,
                    359,
                    282,
                    1819,
                    29525,
                    935,
                    8,
                    320,
                    30306,
                    935,
                    595,
                    935,
                    320,
                    496,
                    13,
                    1044,
                    320,
                    496,
                    13,
                    1044,
                    46441,
                    330,
                    12590,
                    49293,
                    595,
                    128009
                ],
                "raw_logprob": -11.9375,
                "cons_logprob": -1
            },
            "proposal": {
                "tokens": [],