{
    "steps": [
        {
            "current": {
                "tokens": [],
                "token_ids": [
                    58,
                    320,
                    44340,
                    11529,
                    51316,
                    320,
                    452,
                    27321,
                    1398,
                    67811,
                    883,
                    320,
                    452,
                    27321,
                    22621,
                    13,
                    883,
                    883,
                    2331,
                    128009
                ],
                "raw_logprob": -5.03125,
                "cons_logprob": -1
            },
            "proposal": {
                "tokens": [],
                "token_ids": [
                    58,
                    320,
                    44340,
                    11529,
                    51316,
                    320,
                    452,
                    27321,
                    1398,
                    67811,
                    883,
                    320,
                    452,
                    27321,
                    22621,
                    13,
                    883,
                    883,
                    2331,
                    128009
                ],
                "raw_logprob": -5.03125,
                "cons_logprob": -1
            }
        },
        {
            "current": {
                "tokens": [],
                "token_ids": [
                    58,
                    320,
                    44340,
                    11529,
                    51316,
                    320,
                    30950,
                    320,
                    2006,
                    1398,
                    67811,
                    883,
                    320,
                    45778,
                    22621,
                    13,
                    883,
                    883,
                    883,
                    2331,
                    128009
                ],
                "raw_logprob": -15.658533096313477,
                "cons_logprob": -1
            },
            "proposal": {
                "tokens": [],
                "token_ids": [
                    58,
                    320,
                    44340,
                    11529,
                    51316,
                    320,
                    30950,
                    320,
                    2006,
                    1398,
                    67811,
                    883,
                    320,
                    45778,
                    22621,
                    13,
                    883,
                    883,
                    883,
                    2331,
                    128009
                ],
                "raw_logprob": -15.658533096313477,
                "cons_logprob": -1
            }
        },
        {
            "current": {
                "tokens": [],
                "token_ids": [
                    58,
                    320,
                    44340,
                    11529,
                    51316,
                    320,
                    45778,
                    1398,
                    67811,
                    883,
                    320,
                    452,
                    27321,
                    22621,
                    13,
                    883,
                    883,
                    2331,
                    128009
                ],
                "raw_logprob": -6.71875,
                "cons_logprob": -1
            },
            "proposal": {
                "tokens": [],
                "token_ids": [
                    58,
                    320,
                    44340,
                    11529,
                    51316,
                    320,
                    45778,
                    1398,
                    67811,
                    883,
                    320,
                    452,
                    27321,
                    22621,
                    13,
                    883,
                    883,
                    2331,
                    128009
                ],
                "raw_logprob": -6.71875,
                "cons_logprob": -1
            }
        },
        {
            "current": {
                "tokens": [],
                "token_ids": [
                    58,
                    320,
                    44340,
                    320,
                    452,
                    27321,
                    1398,
                    67811,
                    883,
                    320,
                    452,
                    27321,
                    22621,
                    13,
                    883,
                    883,
                    2331,
                    128009
                ],
                "raw_logprob": -8.1875,
                "cons_logprob": -1
            },
            "proposal": {
                "tokens": [],
                "token_ids": [
                    58,
                    320,
                    44340,
                    320,
                    452,
                    27321,
                    1398,
                    67811,
                    883,
                    320,
                    452,
                    27321,
                    22621,
                    13,
                    883,
                    883,
                    2331,
                    128009
                ],
                "raw_logprob": -8.1875,
                "cons_logprob": -1
            }
        },
        {
            "current": {
                "tokens": [],
                "token_ids": [
                    58,
                    220,
                    7,
                    44340,
                    11529,
                    51316,
                    320,
                    45778,
                    1398,
                    67811,
                    883,
                    320,
                    452,
                    27321,
                    22621,
                    662,
                    883,
                    883,
                    2331,
                    128009
                ],
                "raw_logprob": -36.2867431640625,
                "cons_logprob": -1
            },
            "proposal": {
                "tokens": [],
                "token_ids": [
                    58,
                    220,
                    7,
                    44340,
                    11529,
                    51316,
                    320,
                    45778,
                    1398,
                    67811,
                    883,
                    320,
                    452,
                    27321,
                    22621,
                    662,
                    883,
                    883,
                    2331,
                    128009
                ],
                "raw_logprob": -36.2867431640625,
                "cons_logprob": -1
            }
        },
        {
            "current": {
                "tokens": [],
                "token_ids": [
                    58,
                    320,
                    44340,
                    11529,
                    51316,
                    320,
                    45778,
                    1398,
                    67811,
                    883,
                    320,
                    45778,
                    22621,
                    13,
                    883,
                    883,
                    2331,
                    128009
                ],
                "raw_logprob": -10.25,
                "cons_logprob": -1
            },
            "proposal": {
                "tokens": [],