{
    "steps": [
        {
            "current": {
                "tokens": [],
                "token_ids": [
                    58,
                    320,
                    44340,
                    11529,
                    51316,
                    320,
                    45778,
                    1398,
                    67811,
                    883,
                    320,
                    452,
                    27321,
                    22621,
                    13,
                    883,
                    883,
                    2331,
                    128009
                ],
                "raw_logprob": -6.71875,
                "cons_logprob": -1
            },
            "proposal": {
                "tokens": [],
                "token_ids": [
                    58,
                    320,
                    44340,
                    11529,
                    51316,
                    320,
                    45778,
                    1398,
                    67811,
                    883,
                    320,
                    452,
                    27321,
                    22621,
                    13,
                    883,
                    883,
                    2331,
                    128009
                ],
                "raw_logprob": -6.71875,
                "cons_logprob": -1
            }
        },
        {
            "current": {
                "tokens": [],
                "token_ids": [
                    58,
                    320,
                    44340,
                    11529,
                    51316,
                    320,
                    452,
                    27321,
                    1398,
                    67811,
                    883,
                    320,
                    452,
                    27321,
                    22621,
                    13,
                    883,
                    883,
                    2331,
                    128009
                ],
                "raw_logprob": -5.03125,
                "cons_logprob": -1
            },
            "proposal": {
                "tokens": [],
                "token_ids": [
                    58,
                    320,
                    44340,
                    11529,
                    51316,
                    320,
                    452,
                    27321,
                    1398,
                    67811,
                    883,
                    320,
                    452,
                    27321,
                    22621,
                    13,
                    883,
                    883,
                    2331,
                    128009
                ],
                "raw_logprob": -5.03125,
                "cons_logprob": -1
            }
        },
        {
            "current": {
                "tokens": [],
                "token_ids": [
                    58,
                    320,
                    44340,
                    320,
                    452,
                    27321,
                    1398,
                    67811,
                    883,
                    320,
                    452,
                    27321,
                    22621,
                    13,
                    883,
                    883,
                    2331,
                    128009
                ],
                "raw_logprob": -8.1875,
                "cons_logprob": -1
            },
            "proposal": {
                "tokens": [],
                "token_ids": [
                    58,
                    320,
                    44340,
                    320,
                    452,
                    27321,
                    1398,
                    67811,
                    883,
                    320,
                    452,
                    27321,
                    22621,
                    13,
                    883,
                    883,
                    2331,
                    128009
                ],
                "raw_logprob": -8.1875,
                "cons_logprob": -1
            }
        },
        {
            "current": {
                "tokens": [],
                "token_ids": [
                    58,
                    320,
                    44340,
                    11529,
                    51316,
                    320,
                    452,
                    27321,
                    1398,
                    67811,
                    883,
                    320,
                    452,
                    27321,
                    22621,
                    13,
                    883,
                    883,
                    220,
                    60,
                    128009
                ],
                "raw_logprob": -24.5,
                "cons_logprob": -1
            },
            "proposal": {
                "tokens": [],
                "token_ids": [
                    58,
                    320,
                    44340,
                    11529,
                    51316,
                    320,
                    452,
                    27321,
                    1398,
                    67811,
                    883,
                    320,
                    452,
                    27321,
                    22621,
                    13,
                    883,
                    883,
                    220,
                    60,
                    128009
                ],
                "raw_logprob": -24.5,
                "cons_logprob": -1
            }
        },
        {
            "current": {
                "tokens": [],
                "token_ids": [
                    58,
                    320,
                    44340,
                    320,
                    45778,
                    1398,
                    67811,
                    883,
                    320,
                    45778,
                    22621,
                    13,
                    883,
                    883,
                    2331,
                    128009
                ],
                "raw_logprob": -14.51249885559082,
                "cons_logprob": -1
            },
            "proposal": {
                "tokens": [],
                "token_ids": [
                    58,
                    320,
                    44340,
                    320,
                    45778,
                    1398,
                    67811,
                    883,
                    320,
                    45778,
                    22621,
                    13,
                    883,
                    883,
                    2331,
                    128009
                ],
                "raw_logprob": -14.51249885559082,
                "cons_logprob": -1
            }
        },
        {
            "current": {
                "tokens": [],
                "token_ids": [
                    58,
                    320,
                    44340,
                    9469,
                    13778,
                    320,
                    452,
                    27321,
                    1398,
                    67811,
                    883,
                    320,
                    452,
                    27321,
                    22621,
                    13,
                    883,
                    883,
                    2331,
                    128009
                ],
                "raw_logprob": -11.75,
                "cons_logprob": -1
            },
            "proposal": {
                "tokens": [],