{
    "steps": [
        {
            "current": {
                "tokens": [],
                "token_ids": [
                    58,
                    320,
                    44340,
                    11529,
                    51316,
                    320,
                    452,
                    27321,
                    1398,
                    67811,
                    883,
                    320,
                    452,
                    27321,
                    22621,
                    13,
                    883,
                    883,
                    2331,
                    128009
                ],
                "raw_logprob": -5.03125,
                "cons_logprob": -1
            },
            "proposal": {
                "tokens": [],
                "token_ids": [
                    58,
                    320,
                    44340,
                    11529,
                    51316,
                    320,
                    452,
                    27321,
                    1398,
                    67811,
                    883,
                    320,
                    452,
                    27321,
                    22621,
                    13,
                    883,
                    883,
                    2331,
                    128009
                ],
                "raw_logprob": -5.03125,
                "cons_logprob": -1
            }
        },
        {
            "current": {
                "tokens": [],
                "token_ids": [
                    58,
                    320,
                    44340,
                    11529,
                    51316,
                    320,
                    45778,
                    1398,
                    67811,
                    883,
                    320,
                    452,
                    27321,
                    22621,
                    13,
                    883,
                    883,
                    2331,
                    128009
                ],
                "raw_logprob": -6.71875,
                "cons_logprob": -1
            },
            "proposal": {
                "tokens": [],
                "token_ids": [
                    58,
                    320,
                    44340,
                    11529,
                    51316,
                    320,
                    45778,
                    1398,
                    67811,
                    883,
                    320,
                    452,
                    27321,
                    22621,
                    13,
                    883,
                    883,
                    2331,
                    128009
                ],
                "raw_logprob": -6.71875,
                "cons_logprob": -1
            }
        },
        {
            "current": {
                "tokens": [],
                "token_ids": [
                    58,
                    320,
                    44340,
                    11529,
                    51316,
                    320,
                    452,
                    27321,
                    1398,
                    67811,
                    883,
                    320,
                    452,
                    27321,
                    220,
                    95895,
                    13,
                    883,
                    883,
                    2331,
                    128009
                ],
                "raw_logprob": -21.125,
                "cons_logprob": -1
            },
            "proposal": {
                "tokens": [],
                "token_ids": [
                    58,
                    320,
                    44340,
                    11529,
                    51316,
                    320,
                    452,
                    27321,
                    1398,
                    67811,
                    883,
                    320,
                    452,
                    27321,
                    220,
                    95895,
                    13,
                    883,
                    883,
                    2331,
                    128009
                ],
                "raw_logprob": -21.125,
                "cons_logprob": -1
            }
        },
        {
            "current": {
                "tokens": [],
                "token_ids": [
                    58,
                    320,
                    45778,
                    1398,
                    67811,
                    883,
                    320,
                    452,
                    27321,
                    22621,
                    13,
                    883,
                    2331,
                    128009
                ],
                "raw_logprob": -12.6875,
                "cons_logprob": -1
            },
            "proposal": {
                "tokens": [],
                "token_ids": [
                    58,
                    320,
                    45778,
                    1398,
                    67811,
                    883,
                    320,
                    452,
                    27321,
                    22621,
                    13,
                    883,
                    2331,
                    128009
                ],
                "raw_logprob": -12.6875,
                "cons_logprob": -1
            }
        },
        {
            "current": {
                "tokens": [],
                "token_ids": [
                    58,
                    320,
                    44340,
                    11529,
                    51316,
                    320,
                    452,
                    27321,
                    1398,
                    67811,
                    883,
                    320,
                    45778,
                    5119,
                    22621,
                    13,
                    883,
                    883,
                    2331,
                    128009
                ],
                "raw_logprob": -9.9375,
                "cons_logprob": -1
            },
            "proposal": {
                "tokens": [],
                "token_ids": [
                    58,
                    320,
                    44340,
                    11529,
                    51316,
                    320,
                    452,
                    27321,
                    1398,
                    67811,
                    883,
                    320,
                    45778,
                    5119,
                    22621,
                    13,
                    883,
                    883,
                    2331,
                    128009
                ],
                "raw_logprob": -9.9375,
                "cons_logprob": -1
            }
        },
        {
            "current": {
                "tokens": [],
                "token_ids": [
                    58,
                    320,
                    44340,
                    11529,
                    51316,
                    220,
                    7,
                    452,
                    27321,
                    1398,
                    67811,
                    883,
                    320,
                    452,
                    27321,
                    22621,
                    13,
                    883,
                    883,
                    2331,
                    128009
                ],
                "raw_logprob": -31.125,
                "cons_logprob": -1
            },
            "proposal": {
                "tokens": [],