model,method,valid_samples,total_samples,validity,diversity,retro_score,membership,novelty,qed,lipinski,scaffold_div
qwen_25_14b,ars,100.0,125.33333333333333,0.9600000000000001,0.7308031233728038,0.6888888888888889,0.9522222222222223,0.9897689964356631,0.42940899600664073,0.9635700876322891,0.14173333720779738
qwen_25_14b,cars,100.0,115.55555555555556,0.9500000000000001,0.7255199747370147,0.7077777777777778,0.9466666666666667,0.9941694725028059,0.4336813806589613,0.9688817101538054,0.13674131344022655
qwen_25_14b,rs,100.0,425.6666666666667,0.9677777777777778,0.7257964244117358,0.7277777777777777,0.9644444444444444,0.9887922705314011,0.43931288148192416,0.9808022164764301,0.12053330681808333
qwen_25_14b,rsft,100.0,394.55555555555554,0.9655555555555555,0.7223066949432014,0.7188888888888889,0.9633333333333334,0.9944444444444444,0.43535789343936293,0.9760247066883356,0.12026413049143854
