{
    "steps": [
        {
            "current": {
                "tokens": [
                    "O",
                    "CC",
                    "O",
                    "<|im_end|>"
                ],
                "token_ids": [
                    46,
                    3706,
                    46,
                    151645
                ],
                "raw_logprob": -3.3046200275421143,
                "cons_logprob": -3.2966256141662598
            },
            "proposal": {
                "tokens": [
                    "OC",
                    "(C",
                    "O",
                    ")",
                    "CC",
                    "O",
                    "<|im_end|>"
                ],
                "token_ids": [
                    7612,
                    3025,
                    46,
                    8,
                    3706,
                    46,
                    151645
                ],
                "raw_logprob": -1.4437272548675537,
                "cons_logprob": -1.4296720027923584
            },
            "acceptance_prob": 0.9939574911334463,
            "accepted": true
        },
        {
            "current": {
                "tokens": [
                    "OC",
                    "(C",
                    "O",
                    ")",
                    "CC",
                    "O",
                    "<|im_end|>"
                ],
                "token_ids": [
                    7612,
                    3025,
                    46,
                    8,
                    3706,
                    46,
                    151645
                ],
                "raw_logprob": -1.4437272548675537,
                "cons_logprob": -1.4296720027923584
            },
            "proposal": {
                "tokens": [
                    "OC",
                    "(C",
                    ")",
                    "O",
                    "CC",
                    "O",
                    "<|im_end|>"
                ],
                "token_ids": [
                    7612,
                    3025,
                    8,
                    46,
                    3706,
                    46,
                    151645
                ],
                "raw_logprob": -3.512167453765869,
                "cons_logprob": -3.467761993408203
            },
            "acceptance_prob": 0.9701057349885808,
            "accepted": true
        },
        {
            "current": {
                "tokens": [
                    "OC",
                    "(C",
                    ")",
                    "O",
                    "CC",
                    "O",
                    "<|im_end|>"
                ],
                "token_ids": [
                    7612,
                    3025,
                    8,
                    46,
                    3706,
                    46,
                    151645
                ],
                "raw_logprob": -3.512167453765869,
                "cons_logprob": -3.467761993408203
            },
            "proposal": {
                "tokens": [
                    "OC",
                    "(C",
                    ")",
                    "CC",
                    "CO",
                    "CC",
                    "(",
                    "=",
                    "O",
                    ")",
                    "N",
                    "CC",
                    "O",
                    "<|im_end|>"
                ],
                "token_ids": [
                    7612,
                    3025,
                    8,
                    3706,
                    8281,
                    3706,
                    7,
                    28,
                    46,
                    8,
                    45,
                    3706,
                    46,
                    151645
                ],
                "raw_logprob": -8.27875804901123,
                "cons_logprob": -8.193436622619629
            },
            "acceptance_prob": 0.9599097915854438,
            "accepted": true
        },
        {
            "current": {
                "tokens": [
                    "OC",
                    "(C",
                    ")",
                    "CC",
                    "CO",
                    "CC",
                    "(",
                    "=",
                    "O",
                    ")",
                    "N",
                    "CC",
                    "O",
                    "<|im_end|>"
                ],
                "token_ids": [
                    7612,
                    3025,
                    8,
                    3706,
                    8281,
                    3706,
                    7,
                    28,
                    46,
                    8,
                    45,
                    3706,
                    46,
                    151645
                ],
                "raw_logprob": -8.27875804901123,
                "cons_logprob": -8.193436622619629
            },
            "proposal": {
                "tokens": [
                    "OC",
                    "(C",
                    "(C",
                    ")",
                    "C",
                    ")",
                    "CC",
                    "O",
                    "<|im_end|>"
                ],
                "token_ids": [
                    7612,
                    3025,
                    3025,
                    8,
                    34,
                    8,
                    3706,
                    46,
                    151645
                ],
                "raw_logprob": -4.999333381652832,
                "cons_logprob": -4.990326404571533
            },
            "acceptance_prob": 1,
            "accepted": true
        },
        {
            "current": {
                "tokens": [
                    "OC",
                    "(C",
                    "(C",
                    ")",
                    "C",
                    ")",
                    "CC",
                    "O",
                    "<|im_end|>"
                ],
                "token_ids": [
                    7612,
                    3025,
                    3025,
                    8,
                    34,
                    8,
                    3706,
                    46,
                    151645
                ],
                "raw_logprob": -4.999333381652832,
                "cons_logprob": -4.990326404571533
            },
            "proposal": {
                "tokens": [
                    "O",
                    "CC",
                    "OC",
                    "(",
                    "=",
                    "O",
                    ")",
                    "OC",
                    "OC",
                    "(",
                    "=",
                    "O",
                    ")",
                    "CO",
                    "CC",
                    "<|im_end|>"
                ],
                "token_ids": [
                    46,
                    3706,
                    7612,
                    7,
                    28,
                    46,
                    8,
                    7612,
                    7612,
                    7,
                    28,
                    46,
                    8,
                    8281,
                    3706,
                    151645
                ],
                "raw_logprob": -6.221921920776367,
                "cons_logprob": -6.08548641204834
            },
            "acceptance_prob": 0.8803563312032486,