{
    "steps": [
        {
            "current": {
                "tokens": [
                    "OC",
                    "(C",
                    ")",
                    "OC",
                    "(C",
                    ")",
                    "O",
                    "<|im_end|>"
                ],
                "token_ids": [
                    7612,
                    3025,
                    8,
                    7612,
                    3025,
                    8,
                    46,
                    151645
                ],
                "raw_logprob": -2.466379165649414,
                "cons_logprob": -2.4544880390167236
            },
            "proposal": {
                "tokens": [
                    "OC",
                    "(C",
                    "OC",
                    "(C",
                    ")",
                    "O",
                    ")",
                    "C",
                    "(C",
                    "O",
                    ")",
                    "O",
                    "<|im_end|>"
                ],
                "token_ids": [
                    7612,
                    3025,
                    7612,
                    3025,
                    8,
                    46,
                    8,
                    34,
                    3025,
                    46,
                    8,
                    46,
                    151645
                ],
                "raw_logprob": -12.274781227111816,
                "cons_logprob": -12.231156349182129
            },
            "acceptance_prob": 0.9687644800315002,
            "accepted": true
        },
        {
            "current": {
                "tokens": [
                    "OC",
                    "(C",
                    "OC",
                    "(C",
                    ")",
                    "O",
                    ")",
                    "C",
                    "(C",
                    "O",
                    ")",
                    "O",
                    "<|im_end|>"
                ],
                "token_ids": [
                    7612,
                    3025,
                    7612,
                    3025,
                    8,
                    46,
                    8,
                    34,
                    3025,
                    46,
                    8,
                    46,
                    151645
                ],
                "raw_logprob": -12.274781227111816,
                "cons_logprob": -12.231156349182129
            },
            "proposal": {
                "tokens": [
                    "OC",
                    "(C",
                    "O",
                    ")",
                    "CC",
                    "O",
                    "<|im_end|>"
                ],
                "token_ids": [
                    7612,
                    3025,
                    46,
                    8,
                    3706,
                    46,
                    151645
                ],
                "raw_logprob": -1.4437272548675537,
                "cons_logprob": -1.4296722412109375
            },
            "acceptance_prob": 1,
            "accepted": true
        },
        {
            "current": {
                "tokens": [
                    "OC",
                    "(C",
                    "O",
                    ")",
                    "CC",
                    "O",
                    "<|im_end|>"
                ],
                "token_ids": [
                    7612,
                    3025,
                    46,
                    8,
                    3706,
                    46,
                    151645
                ],
                "raw_logprob": -1.4437272548675537,
                "cons_logprob": -1.4296722412109375
            },
            "proposal": {
                "tokens": [
                    "OC",
                    "(",
                    "=",
                    "O",
                    ")",
                    "NC",
                    "(",
                    "=",
                    "O",
                    ")",
                    "N",
                    "CC",
                    "OC",
                    "(",
                    "=",
                    "O",
                    ")",
                    "NC",
                    "(",
                    "=",
                    "O",
                    ")",
                    "NC",
                    "(",
                    "=",
                    "O",
                    ")",
                    "N",
                    "CC",
                    "OC",
                    "(",
                    "=",
                    "O",
                    ")",
                    "N",
                    "<|im_end|>"
                ],
                "token_ids": [
                    7612,
                    7,
                    28,
                    46,
                    8,
                    9949,
                    7,
                    28,
                    46,
                    8,
                    45,
                    3706,
                    7612,
                    7,
                    28,
                    46,
                    8,
                    9949,
                    7,
                    28,
                    46,
                    8,
                    9949,
                    7,
                    28,
                    46,
                    8,
                    45,
                    3706,
                    7612,
                    7,
                    28,
                    46,
                    8,
                    45,
                    151645
                ],
                "raw_logprob": -9.58694839477539,
                "cons_logprob": -9.515390396118164
            },
            "acceptance_prob": 0.9441190721862093,
            "accepted": true
        },
        {
            "current": {
                "tokens": [
                    "OC",
                    "(",
                    "=",
                    "O",
                    ")",
                    "NC",
                    "(",
                    "=",
                    "O",
                    ")",
                    "N",
                    "CC",
                    "OC",
                    "(",
                    "=",
                    "O",
                    ")",
                    "NC",
                    "(",
                    "=",
                    "O",
                    ")",
                    "NC",
                    "(",
                    "=",
                    "O",
                    ")",
                    "N",
                    "CC",
                    "OC",
                    "(",
                    "=",
                    "O",
                    ")",
                    "N",
                    "<|im_end|>"
                ],
                "token_ids": [
                    7612,
                    7,
                    28,
                    46,
                    8,
                    9949,
                    7,
                    28,
                    46,
                    8,
                    45,
                    3706,
                    7612,
                    7,
                    28,
                    46,
                    8,
                    9949,
                    7,
                    28,
                    46,
                    8,
                    9949,
                    7,
                    28,
                    46,
                    8,
                    45,
                    3706,
                    7612,
                    7,
                    28,
                    46,
                    8,
                    45,
                    151645
                ],
                "raw_logprob": -9.58694839477539,