{
    "steps": [
        {
            "current": {
                "tokens": [
                    "OC",
                    "(C",
                    ")",
                    "CC",
                    "(C",
                    ")",
                    "O",
                    "<|im_end|>"
                ],
                "token_ids": [
                    7612,
                    3025,
                    8,
                    3706,
                    3025,
                    8,
                    46,
                    151645
                ],
                "raw_logprob": -5.181063652038574,
                "cons_logprob": -5.165495872497559
            },
            "proposal": {
                "tokens": [
                    "OC",
                    "(C",
                    ")",
                    "CCC",
                    "(",
                    "=",
                    "O",
                    ")",
                    "O",
                    "<|im_end|>"
                ],
                "token_ids": [
                    7612,
                    3025,
                    8,
                    53873,
                    7,
                    28,
                    46,
                    8,
                    46,
                    151645
                ],
                "raw_logprob": -5.421715259552002,
                "cons_logprob": -5.394284725189209
            },
            "acceptance_prob": 0.9882073302464622,
            "accepted": true
        },
        {
            "current": {
                "tokens": [
                    "OC",
                    "(C",
                    ")",
                    "CCC",
                    "(",
                    "=",
                    "O",
                    ")",
                    "O",
                    "<|im_end|>"
                ],
                "token_ids": [
                    7612,
                    3025,
                    8,
                    53873,
                    7,
                    28,
                    46,
                    8,
                    46,
                    151645
                ],
                "raw_logprob": -5.421715259552002,
                "cons_logprob": -5.394284725189209
            },
            "proposal": {
                "tokens": [
                    "OC",
                    "(C",
                    ")",
                    "CC",
                    "OC",
                    "(C",
                    ")",
                    "CC",
                    "O",
                    "<|im_end|>"
                ],
                "token_ids": [
                    7612,
                    3025,
                    8,
                    3706,
                    7612,
                    3025,
                    8,
                    3706,
                    46,
                    151645
                ],
                "raw_logprob": -5.06621789932251,
                "cons_logprob": -5.050041198730469
            },
            "acceptance_prob": 1,
            "accepted": true
        },
        {
            "current": {
                "tokens": [
                    "OC",
                    "(C",
                    ")",
                    "CC",
                    "OC",
                    "(C",
                    ")",
                    "CC",
                    "O",
                    "<|im_end|>"
                ],
                "token_ids": [
                    7612,
                    3025,
                    8,
                    3706,
                    7612,
                    3025,
                    8,
                    3706,
                    46,
                    151645
                ],
                "raw_logprob": -5.06621789932251,
                "cons_logprob": -5.050041198730469
            },
            "proposal": {
                "tokens": [
                    "OC",
                    "(C",
                    ")",
                    "CCC",
                    "OC",
                    "(C",
                    ")",
                    "CC",
                    "<|im_end|>"
                ],
                "token_ids": [
                    7612,
                    3025,
                    8,
                    53873,
                    7612,
                    3025,
                    8,
                    3706,
                    151645
                ],
                "raw_logprob": -9.640836715698242,
                "cons_logprob": -9.614716529846191
            },
            "acceptance_prob": 0.9901057877391974,
            "accepted": true
        },
        {
            "current": {
                "tokens": [
                    "OC",
                    "(C",
                    ")",
                    "CCC",
                    "OC",
                    "(C",
                    ")",
                    "CC",
                    "<|im_end|>"
                ],
                "token_ids": [
                    7612,
                    3025,
                    8,
                    53873,
                    7612,
                    3025,
                    8,
                    3706,
                    151645
                ],
                "raw_logprob": -9.640836715698242,
                "cons_logprob": -9.614716529846191
            },
            "proposal": {
                "tokens": [
                    "OC",
                    "(C",
                    "1",
                    "=",
                    "CC",
                    "=",
                    "CC",
                    "=C",
                    "1",
                    ")",
                    "CO",
                    "<|im_end|>"
                ],
                "token_ids": [
                    7612,
                    3025,
                    16,
                    28,
                    3706,
                    28,
                    3706,
                    40917,
                    16,
                    8,
                    8281,
                    151645
                ],
                "raw_logprob": -10.188963890075684,
                "cons_logprob": -10.14445686340332
            },
            "acceptance_prob": 0.9817811658575357,
            "accepted": true
        },
        {
            "current": {
                "tokens": [
                    "OC",
                    "(C",
                    "1",
                    "=",
                    "CC",
                    "=",
                    "CC",
                    "=C",
                    "1",
                    ")",
                    "CO",
                    "<|im_end|>"
                ],
                "token_ids": [
                    7612,
                    3025,
                    16,
                    28,
                    3706,
                    28,
                    3706,
                    40917,
                    16,
                    8,
                    8281,
                    151645
                ],
                "raw_logprob": -10.188963890075684,
                "cons_logprob": -10.14445686340332
            },
            "proposal": {
                "tokens": [
                    "O",
                    "CC",
                    "CO",
                    "CC",
                    "CO",
                    "<|im_end|>"
                ],
                "token_ids": [
                    46,
                    3706,
                    8281,
                    3706,
                    8281,
                    151645
                ],
                "raw_logprob": -5.177833557128906,
                "cons_logprob": -5.141474723815918
            },
            "acceptance_prob": 1,