{
    "steps": [
        {
            "current": {
                "tokens": [
                    "OC",
                    "(C",
                    "O",
                    ")",
                    "CC",
                    "O",
                    "<|im_end|>"
                ],
                "token_ids": [
                    7612,
                    3025,
                    46,
                    8,
                    3706,
                    46,
                    151645
                ],
                "raw_logprob": -1.4437272548675537,
                "cons_logprob": -1.429672360420227
            },
            "proposal": {
                "tokens": [
                    "OC",
                    "(C",
                    "O",
                    ")",
                    "CC",
                    "O",
                    "<|im_end|>"
                ],
                "token_ids": [
                    7612,
                    3025,
                    46,
                    8,
                    3706,
                    46,
                    151645
                ],
                "raw_logprob": -1.4437272548675537,
                "cons_logprob": -1.4296715259552002
            },
            "acceptance_prob": 1,
            "accepted": true
        },
        {
            "current": {
                "tokens": [
                    "OC",
                    "(C",
                    "O",
                    ")",
                    "CC",
                    "O",
                    "<|im_end|>"
                ],
                "token_ids": [
                    7612,
                    3025,
                    46,
                    8,
                    3706,
                    46,
                    151645
                ],
                "raw_logprob": -1.4437272548675537,
                "cons_logprob": -1.4296715259552002
            },
            "proposal": {
                "tokens": [
                    "OC",
                    "(C",
                    ")",
                    "OC",
                    "(C",
                    ")",
                    "O",
                    "<|im_end|>"
                ],
                "token_ids": [
                    7612,
                    3025,
                    8,
                    7612,
                    3025,
                    8,
                    46,
                    151645
                ],
                "raw_logprob": -2.466379165649414,
                "cons_logprob": -2.4544878005981445
            },
            "acceptance_prob": 1,
            "accepted": true
        },
        {
            "current": {
                "tokens": [
                    "OC",
                    "(C",
                    ")",
                    "OC",
                    "(C",
                    ")",
                    "O",
                    "<|im_end|>"
                ],
                "token_ids": [
                    7612,
                    3025,
                    8,
                    7612,
                    3025,
                    8,
                    46,
                    151645
                ],
                "raw_logprob": -2.466379165649414,
                "cons_logprob": -2.4544878005981445
            },
            "proposal": {
                "tokens": [
                    "O",
                    "CC",
                    "CO",
                    "<|im_end|>"
                ],
                "token_ids": [
                    46,
                    3706,
                    8281,
                    151645
                ],
                "raw_logprob": -3.4798858165740967,
                "cons_logprob": -3.448526620864868
            },
            "acceptance_prob": 0.9807204438126179,
            "accepted": true
        },
        {
            "current": {
                "tokens": [
                    "O",
                    "CC",
                    "CO",
                    "<|im_end|>"
                ],
                "token_ids": [
                    46,
                    3706,
                    8281,
                    151645
                ],
                "raw_logprob": -3.4798858165740967,
                "cons_logprob": -3.448526620864868
            },
            "proposal": {
                "tokens": [
                    "OC",
                    "(C",
                    "OO",
                    ")",
                    "CC",
                    "(O",
                    ")",
                    "CO",
                    "<|im_end|>"
                ],
                "token_ids": [
                    7612,
                    3025,
                    19499,
                    8,
                    3706,
                    19238,
                    8,
                    8281,
                    151645
                ],
                "raw_logprob": -8.808449745178223,
                "cons_logprob": -8.712413787841797
            },
            "acceptance_prob": 0.9373704084985782,
            "accepted": true
        },
        {
            "current": {
                "tokens": [
                    "OC",
                    "(C",
                    "OO",
                    ")",
                    "CC",
                    "(O",
                    ")",
                    "CO",
                    "<|im_end|>"
                ],
                "token_ids": [
                    7612,
                    3025,
                    19499,
                    8,
                    3706,
                    19238,
                    8,
                    8281,
                    151645
                ],
                "raw_logprob": -8.808449745178223,
                "cons_logprob": -8.712413787841797
            },
            "proposal": {
                "tokens": [
                    "OC",
                    "(C",
                    ")",
                    "CC",
                    "CO",
                    "CC",
                    "(",
                    "=",
                    "O",
                    ")",
                    "N",
                    "CCCC",
                    "NC",
                    "(",
                    "=",
                    "O",
                    ")",
                    "N",
                    "CC",
                    "O",
                    "<|im_end|>"
                ],
                "token_ids": [
                    7612,
                    3025,
                    8,
                    3706,
                    8281,
                    3706,
                    7,
                    28,
                    46,
                    8,
                    45,
                    47932,
                    9949,
                    7,
                    28,
                    46,
                    8,
                    45,
                    3706,
                    46,
                    151645
                ],
                "raw_logprob": -8.26457405090332,
                "cons_logprob": -8.167593002319336
            },
            "acceptance_prob": 0.9990553552105156,
            "accepted": true
        },
        {
            "current": {
                "tokens": [
                    "OC",
                    "(C",
                    ")",
                    "CC",
                    "CO",
                    "CC",
                    "(",
                    "=",
                    "O",
                    ")",
                    "N",
                    "CCCC",
                    "NC",
                    "(",
                    "=",
                    "O",
                    ")",
                    "N",
                    "CC",
                    "O",
                    "<|im_end|>"
                ],