{
    "steps": [
        {
            "current": {
                "tokens": [
                    "OC",
                    "(C",
                    "OC",
                    "(C",
                    ")",
                    "C",
                    ")",
                    "OC",
                    "(C",
                    ")",
                    "C",
                    "<|im_end|>"
                ],
                "token_ids": [
                    7612,
                    3025,
                    7612,
                    3025,
                    8,
                    34,
                    8,
                    7612,
                    3025,
                    8,
                    34,
                    151645
                ],
                "raw_logprob": -10.083083152770996,
                "cons_logprob": -10.073518753051758
            },
            "proposal": {
                "tokens": [
                    "OC",
                    "(C",
                    "O",
                    ")",
                    "CC",
                    "O",
                    "<|im_end|>"
                ],
                "token_ids": [
                    7612,
                    3025,
                    46,
                    8,
                    3706,
                    46,
                    151645
                ],
                "raw_logprob": -1.4437272548675537,
                "cons_logprob": -1.4296722412109375
            },
            "acceptance_prob": 0.9955194537936538,
            "accepted": true
        },
        {
            "current": {
                "tokens": [
                    "OC",
                    "(C",
                    "O",
                    ")",
                    "CC",
                    "O",
                    "<|im_end|>"
                ],
                "token_ids": [
                    7612,
                    3025,
                    46,
                    8,
                    3706,
                    46,
                    151645
                ],
                "raw_logprob": -1.4437272548675537,
                "cons_logprob": -1.4296722412109375
            },
            "proposal": {
                "tokens": [
                    "OC",
                    "(C",
                    "O",
                    ")",
                    "CC",
                    "OC",
                    "(O",
                    ")",
                    "<|im_end|>"
                ],
                "token_ids": [
                    7612,
                    3025,
                    46,
                    8,
                    3706,
                    7612,
                    19238,
                    8,
                    151645
                ],
                "raw_logprob": -7.337995529174805,
                "cons_logprob": -7.29335880279541
            },
            "acceptance_prob": 0.9698811771974287,
            "accepted": true
        },
        {
            "current": {
                "tokens": [
                    "OC",
                    "(C",
                    "O",
                    ")",
                    "CC",
                    "OC",
                    "(O",
                    ")",
                    "<|im_end|>"
                ],
                "token_ids": [
                    7612,
                    3025,
                    46,
                    8,
                    3706,
                    7612,
                    19238,
                    8,
                    151645
                ],
                "raw_logprob": -7.337995529174805,
                "cons_logprob": -7.29335880279541
            },
            "proposal": {
                "tokens": [
                    "OC",
                    "(C",
                    "(C",
                    ")",
                    "C",
                    ")",
                    "CC",
                    "O",
                    "<|im_end|>"
                ],
                "token_ids": [
                    7612,
                    3025,
                    3025,
                    8,
                    34,
                    8,
                    3706,
                    46,
                    151645
                ],
                "raw_logprob": -4.999333381652832,
                "cons_logprob": -4.990325927734375
            },
            "acceptance_prob": 1,
            "accepted": true
        },
        {
            "current": {
                "tokens": [
                    "OC",
                    "(C",
                    "(C",
                    ")",
                    "C",
                    ")",
                    "CC",
                    "O",
                    "<|im_end|>"
                ],
                "token_ids": [
                    7612,
                    3025,
                    3025,
                    8,
                    34,
                    8,
                    3706,
                    46,
                    151645
                ],
                "raw_logprob": -4.999333381652832,
                "cons_logprob": -4.990325927734375
            },
            "proposal": {
                "tokens": [
                    "O",
                    "CC",
                    "(O",
                    ")",
                    "C",
                    "(C",
                    ")",
                    "O",
                    "<|im_end|>"
                ],
                "token_ids": [
                    46,
                    3706,
                    19238,
                    8,
                    34,
                    3025,
                    8,
                    46,
                    151645
                ],
                "raw_logprob": -12.251022338867188,
                "cons_logprob": -12.213485717773438
            },
            "acceptance_prob": 0.9718739469149619,
            "accepted": true
        },
        {
            "current": {
                "tokens": [
                    "O",
                    "CC",
                    "(O",
                    ")",
                    "C",
                    "(C",
                    ")",
                    "O",
                    "<|im_end|>"
                ],
                "token_ids": [
                    46,
                    3706,
                    19238,
                    8,
                    34,
                    3025,
                    8,
                    46,
                    151645
                ],
                "raw_logprob": -12.251022338867188,
                "cons_logprob": -12.213485717773438
            },
            "proposal": {
                "tokens": [
                    "O",
                    "CC",
                    "O",
                    "<|im_end|>"
                ],
                "token_ids": [
                    46,
                    3706,
                    46,
                    151645
                ],
                "raw_logprob": -3.3046200275421143,
                "cons_logprob": -3.2966246604919434
            },
            "acceptance_prob": 1,
            "accepted": true
        },
        {
            "current": {
                "tokens": [
                    "O",
                    "CC",
                    "O",
                    "<|im_end|>"
                ],
                "token_ids": [
                    46,
                    3706,
                    46,
                    151645
                ],
                "raw_logprob": -3.3046200275421143,
                "cons_logprob": -3.2966246604919434
            },
            "proposal": {
                "tokens": [
                    "OC",
                    "(C",
                    "O",
                    ")",
                    "CC",
                    "O",
                    "<|im_end|>"
                ],