{
    "steps": [
        {
            "current": {
                "tokens": [
                    "OC",
                    "(C",
                    ")",
                    "CCC",
                    "(",
                    "=",
                    "O",
                    ")",
                    "O",
                    "CC",
                    "OC",
                    "(",
                    "=",
                    "O",
                    ")",
                    "CC",
                    "(C",
                    ")",
                    "CC",
                    "CO",
                    "<|im_end|>"
                ],
                "token_ids": [
                    7612,
                    3025,
                    8,
                    53873,
                    7,
                    28,
                    46,
                    8,
                    46,
                    3706,
                    7612,
                    7,
                    28,
                    46,
                    8,
                    3706,
                    3025,
                    8,
                    3706,
                    8281,
                    151645
                ],
                "raw_logprob": -14.230119705200195,
                "cons_logprob": -14.155529022216797
            },
            "proposal": {
                "tokens": [
                    "OC",
                    "(C",
                    ")",
                    "C",
                    "(C",
                    "O",
                    ")",
                    "O",
                    "<|im_end|>"
                ],
                "token_ids": [
                    7612,
                    3025,
                    8,
                    34,
                    3025,
                    46,
                    8,
                    46,
                    151645
                ],
                "raw_logprob": -10.576848030090332,
                "cons_logprob": -10.552825927734375
            },
            "acceptance_prob": 1,
            "accepted": true
        },
        {
            "current": {
                "tokens": [
                    "OC",
                    "(C",
                    ")",
                    "C",
                    "(C",
                    "O",
                    ")",
                    "O",
                    "<|im_end|>"
                ],
                "token_ids": [
                    7612,
                    3025,
                    8,
                    34,
                    3025,
                    46,
                    8,
                    46,
                    151645
                ],
                "raw_logprob": -10.576848030090332,
                "cons_logprob": -10.552825927734375
            },
            "proposal": {
                "tokens": [
                    "OC",
                    "(C",
                    ")",
                    "O",
                    "CC",
                    "<|im_end|>"
                ],
                "token_ids": [
                    7612,
                    3025,
                    8,
                    46,
                    3706,
                    151645
                ],
                "raw_logprob": -7.010584831237793,
                "cons_logprob": -6.96681022644043
            },
            "acceptance_prob": 0.9804413001088677,
            "accepted": true
        },
        {
            "current": {
                "tokens": [
                    "OC",
                    "(C",
                    ")",
                    "O",
                    "CC",
                    "<|im_end|>"
                ],
                "token_ids": [
                    7612,
                    3025,
                    8,
                    46,
                    3706,
                    151645
                ],
                "raw_logprob": -7.010584831237793,
                "cons_logprob": -6.96681022644043
            },
            "proposal": {
                "tokens": [
                    "OC",
                    "(C",
                    "O",
                    ")",
                    "CC",
                    "O",
                    "<|im_end|>"
                ],
                "token_ids": [
                    7612,
                    3025,
                    46,
                    8,
                    3706,
                    46,
                    151645
                ],
                "raw_logprob": -1.4437272548675537,
                "cons_logprob": -1.4296722412109375
            },
            "acceptance_prob": 1,
            "accepted": true
        },
        {
            "current": {
                "tokens": [
                    "OC",
                    "(C",
                    "O",
                    ")",
                    "CC",
                    "O",
                    "<|im_end|>"
                ],
                "token_ids": [
                    7612,
                    3025,
                    46,
                    8,
                    3706,
                    46,
                    151645
                ],
                "raw_logprob": -1.4437272548675537,
                "cons_logprob": -1.4296722412109375
            },
            "proposal": {
                "tokens": [
                    "O",
                    "CC",
                    "CO",
                    "CC",
                    "O",
                    "<|im_end|>"
                ],
                "token_ids": [
                    46,
                    3706,
                    8281,
                    3706,
                    46,
                    151645
                ],
                "raw_logprob": -4.427723407745361,
                "cons_logprob": -4.391422271728516
            },
            "acceptance_prob": 0.9779994978823031,
            "accepted": true
        },
        {
            "current": {
                "tokens": [
                    "O",
                    "CC",
                    "CO",
                    "CC",
                    "O",
                    "<|im_end|>"
                ],
                "token_ids": [
                    46,
                    3706,
                    8281,
                    3706,
                    46,
                    151645
                ],
                "raw_logprob": -4.427723407745361,
                "cons_logprob": -4.391422271728516
            },
            "proposal": {
                "tokens": [
                    "OC",
                    "(",
                    "=",
                    "O",
                    ")",
                    "N",
                    "CC",
                    "OC",
                    "(",
                    "=",
                    "O",
                    ")",
                    "NC",
                    "<|im_end|>"
                ],
                "token_ids": [
                    7612,
                    7,
                    28,
                    46,
                    8,
                    45,
                    3706,
                    7612,
                    7,
                    28,
                    46,
                    8,
                    9949,
                    151645
                ],
                "raw_logprob": -6.697566986083984,
                "cons_logprob": -6.641139030456543
            },
            "acceptance_prob": 0.9800743727747392,
            "accepted": true
        },
        {
            "current": {
                "tokens": [
                    "OC",
                    "(",
                    "=",
                    "O",
                    ")",
                    "N",
                    "CC",
                    "OC",
                    "(",
                    "=",
                    "O",
                    ")",
                    "NC",
                    "<|im_end|>"
                ],