{
    "steps": [
        {
            "current": {
                "tokens": [
                    "O",
                    "CC",
                    "OC",
                    "(",
                    "=",
                    "O",
                    ")",
                    "OC",
                    "OC",
                    "(",
                    "=",
                    "O",
                    ")",
                    "CO",
                    "<|im_end|>"
                ],
                "token_ids": [
                    46,
                    3706,
                    7612,
                    7,
                    28,
                    46,
                    8,
                    7612,
                    7612,
                    7,
                    28,
                    46,
                    8,
                    8281,
                    151645
                ],
                "raw_logprob": -6.192139625549316,
                "cons_logprob": -6.0599822998046875
            },
            "proposal": {
                "tokens": [
                    "OC",
                    "(C",
                    "O",
                    ")",
                    "CC",
                    "O",
                    "<|im_end|>"
                ],
                "token_ids": [
                    7612,
                    3025,
                    46,
                    8,
                    3706,
                    46,
                    151645
                ],
                "raw_logprob": -1.4437272548675537,
                "cons_logprob": -1.429672360420227
            },
            "acceptance_prob": 1,
            "accepted": true
        },
        {
            "current": {
                "tokens": [
                    "OC",
                    "(C",
                    "O",
                    ")",
                    "CC",
                    "O",
                    "<|im_end|>"
                ],
                "token_ids": [
                    7612,
                    3025,
                    46,
                    8,
                    3706,
                    46,
                    151645
                ],
                "raw_logprob": -1.4437272548675537,
                "cons_logprob": -1.429672360420227
            },
            "proposal": {
                "tokens": [
                    "O",
                    "CC",
                    "(C",
                    ")",
                    "CC",
                    "O",
                    "<|im_end|>"
                ],
                "token_ids": [
                    46,
                    3706,
                    3025,
                    8,
                    3706,
                    46,
                    151645
                ],
                "raw_logprob": -4.394164562225342,
                "cons_logprob": -4.386560440063477
            },
            "acceptance_prob": 1,
            "accepted": true
        },
        {
            "current": {
                "tokens": [
                    "O",
                    "CC",
                    "(C",
                    ")",
                    "CC",
                    "O",
                    "<|im_end|>"
                ],
                "token_ids": [
                    46,
                    3706,
                    3025,
                    8,
                    3706,
                    46,
                    151645
                ],
                "raw_logprob": -4.394164562225342,
                "cons_logprob": -4.386560440063477
            },
            "proposal": {
                "tokens": [
                    "O",
                    "CC",
                    "(N",
                    ")",
                    "CC",
                    "CO",
                    "<|im_end|>"
                ],
                "token_ids": [
                    46,
                    3706,
                    8204,
                    8,
                    3706,
                    8281,
                    151645
                ],
                "raw_logprob": -7.2463765144348145,
                "cons_logprob": -7.222011089324951
            },
            "acceptance_prob": 0.9833783861442912,
            "accepted": true
        },
        {
            "current": {
                "tokens": [
                    "O",
                    "CC",
                    "(N",
                    ")",
                    "CC",
                    "CO",
                    "<|im_end|>"
                ],
                "token_ids": [
                    46,
                    3706,
                    8204,
                    8,
                    3706,
                    8281,
                    151645
                ],
                "raw_logprob": -7.2463765144348145,
                "cons_logprob": -7.222011089324951
            },
            "proposal": {
                "tokens": [
                    "OC",
                    "(",
                    "=",
                    "O",
                    ")",
                    "N",
                    "CCCC",
                    "N",
                    "<|im_end|>"
                ],
                "token_ids": [
                    7612,
                    7,
                    28,
                    46,
                    8,
                    45,
                    47932,
                    45,
                    151645
                ],
                "raw_logprob": -7.405630111694336,
                "cons_logprob": -7.389304161071777
            },
            "acceptance_prob": 1,
            "accepted": true
        },
        {
            "current": {
                "tokens": [
                    "OC",
                    "(",
                    "=",
                    "O",
                    ")",
                    "N",
                    "CCCC",
                    "N",
                    "<|im_end|>"
                ],
                "token_ids": [
                    7612,
                    7,
                    28,
                    46,
                    8,
                    45,
                    47932,
                    45,
                    151645
                ],
                "raw_logprob": -7.405630111694336,
                "cons_logprob": -7.389304161071777
            },
            "proposal": {
                "tokens": [
                    "OC",
                    "(C",
                    "O",
                    ")",
                    "CC",
                    "<|im_end|>"
                ],
                "token_ids": [
                    7612,
                    3025,
                    46,
                    8,
                    3706,
                    151645
                ],
                "raw_logprob": -4.193394660949707,
                "cons_logprob": -4.179653167724609
            },
            "acceptance_prob": 1,
            "accepted": true
        },
        {
            "current": {
                "tokens": [
                    "OC",
                    "(C",
                    "O",
                    ")",
                    "CC",
                    "<|im_end|>"
                ],
                "token_ids": [
                    7612,
                    3025,
                    46,
                    8,
                    3706,
                    151645
                ],
                "raw_logprob": -4.193394660949707,
                "cons_logprob": -4.179653167724609
            },
            "proposal": {
                "tokens": [
                    "OC",
                    "(C",
                    "O",
                    ")",
                    "CC",
                    "O",
                    "<|im_end|>"
                ],