{
    "steps": [
        {
            "current": {
                "tokens": [
                    "OC",
                    "(C",
                    ")",
                    "O",
                    "CC",
                    "O",
                    "<|im_end|>"
                ],
                "token_ids": [
                    7612,
                    3025,
                    8,
                    46,
                    3706,
                    46,
                    151645
                ],
                "raw_logprob": -3.512167453765869,
                "cons_logprob": -3.467759847640991
            },
            "proposal": {
                "tokens": [
                    "OC",
                    "(C",
                    ")",
                    "CC",
                    "OC",
                    "(C",
                    ")",
                    "CC",
                    "<|im_end|>"
                ],
                "token_ids": [
                    7612,
                    3025,
                    8,
                    3706,
                    7612,
                    3025,
                    8,
                    3706,
                    151645
                ],
                "raw_logprob": -3.8161568641662598,
                "cons_logprob": -3.8000407218933105
            },
            "acceptance_prob": 1,
            "accepted": true
        },
        {
            "current": {
                "tokens": [
                    "OC",
                    "(C",
                    ")",
                    "CC",
                    "OC",
                    "(C",
                    ")",
                    "CC",
                    "<|im_end|>"
                ],
                "token_ids": [
                    7612,
                    3025,
                    8,
                    3706,
                    7612,
                    3025,
                    8,
                    3706,
                    151645
                ],
                "raw_logprob": -3.8161568641662598,
                "cons_logprob": -3.8000407218933105
            },
            "proposal": {
                "tokens": [
                    "OC",
                    "(C",
                    "O",
                    ")",
                    "CC",
                    "O",
                    "<|im_end|>"
                ],
                "token_ids": [
                    7612,
                    3025,
                    46,
                    8,
                    3706,
                    46,
                    151645
                ],
                "raw_logprob": -1.4437272548675537,
                "cons_logprob": -1.4296711683273315
            },
            "acceptance_prob": 1,
            "accepted": true
        },
        {
            "current": {
                "tokens": [
                    "OC",
                    "(C",
                    "O",
                    ")",
                    "CC",
                    "O",
                    "<|im_end|>"
                ],
                "token_ids": [
                    7612,
                    3025,
                    46,
                    8,
                    3706,
                    46,
                    151645
                ],
                "raw_logprob": -1.4437272548675537,
                "cons_logprob": -1.4296711683273315
            },
            "proposal": {
                "tokens": [
                    "O",
                    "CC",
                    "(C",
                    "O",
                    ")",
                    "CC",
                    "O",
                    "<|im_end|>"
                ],
                "token_ids": [
                    46,
                    3706,
                    3025,
                    46,
                    8,
                    3706,
                    46,
                    151645
                ],
                "raw_logprob": -6.682496070861816,
                "cons_logprob": -6.669498443603516
            },
            "acceptance_prob": 1,
            "accepted": true
        },
        {
            "current": {
                "tokens": [
                    "O",
                    "CC",
                    "(C",
                    "O",
                    ")",
                    "CC",
                    "O",
                    "<|im_end|>"
                ],
                "token_ids": [
                    46,
                    3706,
                    3025,
                    46,
                    8,
                    3706,
                    46,
                    151645
                ],
                "raw_logprob": -6.682496070861816,
                "cons_logprob": -6.669498443603516
            },
            "proposal": {
                "tokens": [
                    "OC",
                    "(C",
                    "OC",
                    "(C",
                    ")",
                    "O",
                    ")",
                    "CO",
                    "<|im_end|>"
                ],
                "token_ids": [
                    7612,
                    3025,
                    7612,
                    3025,
                    8,
                    46,
                    8,
                    8281,
                    151645
                ],
                "raw_logprob": -5.8847575187683105,
                "cons_logprob": -5.875624656677246
            },
            "acceptance_prob": 1,
            "accepted": true
        },
        {
            "current": {
                "tokens": [
                    "OC",
                    "(C",
                    "OC",
                    "(C",
                    ")",
                    "O",
                    ")",
                    "CO",
                    "<|im_end|>"
                ],
                "token_ids": [
                    7612,
                    3025,
                    7612,
                    3025,
                    8,
                    46,
                    8,
                    8281,
                    151645
                ],
                "raw_logprob": -5.8847575187683105,
                "cons_logprob": -5.875624656677246
            },
            "proposal": {
                "tokens": [
                    "OC",
                    "(C",
                    "O",
                    ")",
                    "CC",
                    "O",
                    "<|im_end|>"
                ],
                "token_ids": [
                    7612,
                    3025,
                    46,
                    8,
                    3706,
                    46,
                    151645
                ],
                "raw_logprob": -1.4437272548675537,
                "cons_logprob": -1.4296711683273315
            },
            "acceptance_prob": 0.9950888747564854,
            "accepted": true
        },
        {
            "current": {
                "tokens": [
                    "OC",
                    "(C",
                    "O",
                    ")",
                    "CC",
                    "O",
                    "<|im_end|>"
                ],
                "token_ids": [
                    7612,
                    3025,
                    46,
                    8,
                    3706,
                    46,
                    151645
                ],
                "raw_logprob": -1.4437272548675537,
                "cons_logprob": -1.4296711683273315
            },
            "proposal": {
                "tokens": [
                    "O",
                    "CC",
                    "CO",
                    "<|im_end|>"
                ],
                "token_ids": [
                    46,
                    3706,
                    8281,
                    151645
                ],
                "raw_logprob": -3.4798858165740967,