{
    "steps": [
        {
            "current": {
                "tokens": [
                    "OC",
                    "(C",
                    ")",
                    "O",
                    "CC",
                    "O",
                    "<|im_end|>"
                ],
                "token_ids": [
                    7612,
                    3025,
                    8,
                    46,
                    3706,
                    46,
                    151645
                ],
                "raw_logprob": -3.512167453765869,
                "cons_logprob": -3.46774959564209
            },
            "proposal": {
                "tokens": [
                    "O",
                    "CC",
                    "CO",
                    "<|im_end|>"
                ],
                "token_ids": [
                    46,
                    3706,
                    8281,
                    151645
                ],
                "raw_logprob": -3.4798858165740967,
                "cons_logprob": -3.448525905609131
            },
            "acceptance_prob": 1,
            "accepted": true
        },
        {
            "current": {
                "tokens": [
                    "O",
                    "CC",
                    "CO",
                    "<|im_end|>"
                ],
                "token_ids": [
                    46,
                    3706,
                    8281,
                    151645
                ],
                "raw_logprob": -3.4798858165740967,
                "cons_logprob": -3.448525905609131
            },
            "proposal": {
                "tokens": [
                    "OC",
                    "(C",
                    ")(",
                    "C",
                    ")",
                    "CO",
                    "<|im_end|>"
                ],
                "token_ids": [
                    7612,
                    3025,
                    2376,
                    34,
                    8,
                    8281,
                    151645
                ],
                "raw_logprob": -4.805328845977783,
                "cons_logprob": -4.796833515167236
            },
            "acceptance_prob": 1,
            "accepted": true
        },
        {
            "current": {
                "tokens": [
                    "OC",
                    "(C",
                    ")(",
                    "C",
                    ")",
                    "CO",
                    "<|im_end|>"
                ],
                "token_ids": [
                    7612,
                    3025,
                    2376,
                    34,
                    8,
                    8281,
                    151645
                ],
                "raw_logprob": -4.805328845977783,
                "cons_logprob": -4.796833515167236
            },
            "proposal": {
                "tokens": [
                    "O",
                    "CC",
                    "CO",
                    "<|im_end|>"
                ],
                "token_ids": [
                    46,
                    3706,
                    8281,
                    151645
                ],
                "raw_logprob": -3.4798858165740967,
                "cons_logprob": -3.4485251903533936
            },
            "acceptance_prob": 0.977394134382095,
            "accepted": true
        },
        {
            "current": {
                "tokens": [
                    "O",
                    "CC",
                    "CO",
                    "<|im_end|>"
                ],
                "token_ids": [
                    46,
                    3706,
                    8281,
                    151645
                ],
                "raw_logprob": -3.4798858165740967,
                "cons_logprob": -3.4485251903533936
            },
            "proposal": {
                "tokens": [
                    "OC",
                    "(C",
                    ")",
                    "OC",
                    "(C",
                    ")",
                    "O",
                    "<|im_end|>"
                ],
                "token_ids": [
                    7612,
                    3025,
                    8,
                    7612,
                    3025,
                    8,
                    46,
                    151645
                ],
                "raw_logprob": -2.466379165649414,
                "cons_logprob": -2.4544880390167236
            },
            "acceptance_prob": 1,
            "accepted": true
        },
        {
            "current": {
                "tokens": [
                    "OC",
                    "(C",
                    ")",
                    "OC",
                    "(C",
                    ")",
                    "O",
                    "<|im_end|>"
                ],
                "token_ids": [
                    7612,
                    3025,
                    8,
                    7612,
                    3025,
                    8,
                    46,
                    151645
                ],
                "raw_logprob": -2.466379165649414,
                "cons_logprob": -2.4544880390167236
            },
            "proposal": {
                "tokens": [
                    "OC",
                    "(C",
                    "O",
                    ")",
                    "CC",
                    "O",
                    "<|im_end|>"
                ],
                "token_ids": [
                    7612,
                    3025,
                    46,
                    8,
                    3706,
                    46,
                    151645
                ],
                "raw_logprob": -1.4437272548675537,
                "cons_logprob": -1.4296722412109375
            },
            "acceptance_prob": 0.9978384524918136,
            "accepted": true
        },
        {
            "current": {
                "tokens": [
                    "OC",
                    "(C",
                    "O",
                    ")",
                    "CC",
                    "O",
                    "<|im_end|>"
                ],
                "token_ids": [
                    7612,
                    3025,
                    46,
                    8,
                    3706,
                    46,
                    151645
                ],
                "raw_logprob": -1.4437272548675537,
                "cons_logprob": -1.4296722412109375
            },
            "proposal": {
                "tokens": [
                    "OC",
                    "(C",
                    ")",
                    "O",
                    "[C",
                    "]",
                    "O",
                    "<|im_end|>"
                ],
                "token_ids": [
                    7612,
                    3025,
                    8,
                    46,
                    43504,
                    60,
                    46,
                    151645
                ],
                "raw_logprob": -13.766277313232422,
                "cons_logprob": -13.677671432495117
            },
            "acceptance_prob": 0.9281602600553343,
            "accepted": false
        },
        {
            "current": {
                "tokens": [
                    "OC",
                    "(C",
                    "O",
                    ")",
                    "CC",
                    "O",
                    "<|im_end|>"
                ],
                "token_ids": [
                    7612,
                    3025,
                    46,
                    8,
                    3706,
                    46,
                    151645
                ],
                "raw_logprob": -1.4437272548675537,
                "cons_logprob": -1.4296722412109375
            },