{
    "steps": [
        {
            "current": {
                "tokens": [
                    "OC",
                    "(C",
                    ")",
                    "OC",
                    "(C",
                    ")",
                    "O",
                    "<|im_end|>"
                ],
                "token_ids": [
                    7612,
                    3025,
                    8,
                    7612,
                    3025,
                    8,
                    46,
                    151645
                ],
                "raw_logprob": -2.466379165649414,
                "cons_logprob": -2.4544880390167236
            },
            "proposal": {
                "tokens": [
                    "OC",
                    "(C",
                    ")",
                    "CC",
                    "(C",
                    ")",
                    "O",
                    "<|im_end|>"
                ],
                "token_ids": [
                    7612,
                    3025,
                    8,
                    3706,
                    3025,
                    8,
                    46,
                    151645
                ],
                "raw_logprob": -5.181063652038574,
                "cons_logprob": -5.165495872497559
            },
            "acceptance_prob": 0.996330097704225,
            "accepted": true
        },
        {
            "current": {
                "tokens": [
                    "OC",
                    "(C",
                    ")",
                    "CC",
                    "(C",
                    ")",
                    "O",
                    "<|im_end|>"
                ],
                "token_ids": [
                    7612,
                    3025,
                    8,
                    3706,
                    3025,
                    8,
                    46,
                    151645
                ],
                "raw_logprob": -5.181063652038574,
                "cons_logprob": -5.165495872497559
            },
            "proposal": {
                "tokens": [
                    "OC",
                    "(C",
                    "OC",
                    "(C",
                    "(O",
                    ")",
                    "C",
                    "(O",
                    ")",
                    "C",
                    ")",
                    "C",
                    "(O",
                    ")",
                    "C",
                    ")",
                    "C",
                    "(O",
                    ")",
                    "C",
                    "<|im_end|>"
                ],
                "token_ids": [
                    7612,
                    3025,
                    7612,
                    3025,
                    19238,
                    8,
                    34,
                    19238,
                    8,
                    34,
                    8,
                    34,
                    19238,
                    8,
                    34,
                    8,
                    34,
                    19238,
                    8,
                    34,
                    151645
                ],
                "raw_logprob": -14.396353721618652,
                "cons_logprob": -14.381399154663086
            },
            "acceptance_prob": 1,
            "accepted": true
        },
        {
            "current": {
                "tokens": [
                    "OC",
                    "(C",
                    "OC",
                    "(C",
                    "(O",
                    ")",
                    "C",
                    "(O",
                    ")",
                    "C",
                    ")",
                    "C",
                    "(O",
                    ")",
                    "C",
                    ")",
                    "C",
                    "(O",
                    ")",
                    "C",
                    "<|im_end|>"
                ],
                "token_ids": [
                    7612,
                    3025,
                    7612,
                    3025,
                    19238,
                    8,
                    34,
                    19238,
                    8,
                    34,
                    8,
                    34,
                    19238,
                    8,
                    34,
                    8,
                    34,
                    19238,
                    8,
                    34,
                    151645
                ],
                "raw_logprob": -14.396353721618652,
                "cons_logprob": -14.381399154663086
            },
            "proposal": {
                "tokens": [
                    "OC",
                    "(C",
                    ")",
                    "OC",
                    "(C",
                    ")",
                    "O",
                    "<|im_end|>"
                ],
                "token_ids": [
                    7612,
                    3025,
                    8,
                    7612,
                    3025,
                    8,
                    46,
                    151645
                ],
                "raw_logprob": -2.466379165649414,
                "cons_logprob": -2.4544880390167236
            },
            "acceptance_prob": 1,
            "accepted": true
        },
        {
            "current": {
                "tokens": [
                    "OC",
                    "(C",
                    ")",
                    "OC",
                    "(C",
                    ")",
                    "O",
                    "<|im_end|>"
                ],
                "token_ids": [
                    7612,
                    3025,
                    8,
                    7612,
                    3025,
                    8,
                    46,
                    151645
                ],
                "raw_logprob": -2.466379165649414,
                "cons_logprob": -2.4544880390167236
            },
            "proposal": {
                "tokens": [
                    "OC",
                    "(C",
                    "O",
                    ")",
                    "C",
                    "(O",
                    ")",
                    "CC",
                    "<|im_end|>"
                ],
                "token_ids": [
                    7612,
                    3025,
                    46,
                    8,
                    34,
                    19238,
                    8,
                    3706,
                    151645
                ],
                "raw_logprob": -11.227991104125977,
                "cons_logprob": -11.188633918762207
            },
            "acceptance_prob": 0.9729077037150677,
            "accepted": true
        },
        {
            "current": {
                "tokens": [
                    "OC",
                    "(C",
                    "O",
                    ")",
                    "C",
                    "(O",
                    ")",
                    "CC",
                    "<|im_end|>"
                ],
                "token_ids": [
                    7612,
                    3025,
                    46,
                    8,
                    34,
                    19238,
                    8,
                    3706,
                    151645
                ],
                "raw_logprob": -11.227991104125977,
                "cons_logprob": -11.188633918762207
            },
            "proposal": {
                "tokens": [
                    "O",
                    "CC",
                    "O",
                    "<|im_end|>"
                ],