{
    "steps": [
        {
            "current": {
                "tokens": [
                    "OC",
                    "(C",
                    "O",
                    ")",
                    "CC",
                    "O",
                    "<|im_end|>"
                ],
                "token_ids": [
                    7612,
                    3025,
                    46,
                    8,
                    3706,
                    46,
                    151645
                ],
                "raw_logprob": -1.4437272548675537,
                "cons_logprob": -1.429672122001648
            },
            "proposal": {
                "tokens": [
                    "O",
                    "CC",
                    "CO",
                    "<|im_end|>"
                ],
                "token_ids": [
                    46,
                    3706,
                    8281,
                    151645
                ],
                "raw_logprob": -3.4798858165740967,
                "cons_logprob": -3.448525905609131
            },
            "acceptance_prob": 0.982844089628921,
            "accepted": true
        },
        {
            "current": {
                "tokens": [
                    "O",
                    "CC",
                    "CO",
                    "<|im_end|>"
                ],
                "token_ids": [
                    46,
                    3706,
                    8281,
                    151645
                ],
                "raw_logprob": -3.4798858165740967,
                "cons_logprob": -3.448525905609131
            },
            "proposal": {
                "tokens": [
                    "O",
                    "CC",
                    "O",
                    "<|im_end|>"
                ],
                "token_ids": [
                    46,
                    3706,
                    46,
                    151645
                ],
                "raw_logprob": -3.3046200275421143,
                "cons_logprob": -3.2966256141662598
            },
            "acceptance_prob": 1,
            "accepted": true
        },
        {
            "current": {
                "tokens": [
                    "O",
                    "CC",
                    "O",
                    "<|im_end|>"
                ],
                "token_ids": [
                    46,
                    3706,
                    46,
                    151645
                ],
                "raw_logprob": -3.3046200275421143,
                "cons_logprob": -3.2966256141662598
            },
            "proposal": {
                "tokens": [
                    "OC",
                    "(C",
                    ")",
                    "CC",
                    "(C",
                    ")",
                    "O",
                    "<|im_end|>"
                ],
                "token_ids": [
                    7612,
                    3025,
                    8,
                    3706,
                    3025,
                    8,
                    46,
                    151645
                ],
                "raw_logprob": -5.181063652038574,
                "cons_logprob": -5.165495872497559
            },
            "acceptance_prob": 0.992455239513064,
            "accepted": true
        },
        {
            "current": {
                "tokens": [
                    "OC",
                    "(C",
                    ")",
                    "CC",
                    "(C",
                    ")",
                    "O",
                    "<|im_end|>"
                ],
                "token_ids": [
                    7612,
                    3025,
                    8,
                    3706,
                    3025,
                    8,
                    46,
                    151645
                ],
                "raw_logprob": -5.181063652038574,
                "cons_logprob": -5.165495872497559
            },
            "proposal": {
                "tokens": [
                    "OC",
                    "(C",
                    "O",
                    ")",
                    "CC",
                    "O",
                    "<|im_end|>"
                ],
                "token_ids": [
                    7612,
                    3025,
                    46,
                    8,
                    3706,
                    46,
                    151645
                ],
                "raw_logprob": -1.4437272548675537,
                "cons_logprob": -1.4296722412109375
            },
            "acceptance_prob": 1,
            "accepted": true
        },
        {
            "current": {
                "tokens": [
                    "OC",
                    "(C",
                    "O",
                    ")",
                    "CC",
                    "O",
                    "<|im_end|>"
                ],
                "token_ids": [
                    7612,
                    3025,
                    46,
                    8,
                    3706,
                    46,
                    151645
                ],
                "raw_logprob": -1.4437272548675537,
                "cons_logprob": -1.4296722412109375
            },
            "proposal": {
                "tokens": [
                    "OC",
                    "(C",
                    ")",
                    "O",
                    "<|im_end|>"
                ],
                "token_ids": [
                    7612,
                    3025,
                    8,
                    46,
                    151645
                ],
                "raw_logprob": -3.810565948486328,
                "cons_logprob": -3.76924991607666
            },
            "acceptance_prob": 0.9731072091418553,
            "accepted": true
        },
        {
            "current": {
                "tokens": [
                    "OC",
                    "(C",
                    ")",
                    "O",
                    "<|im_end|>"
                ],
                "token_ids": [
                    7612,
                    3025,
                    8,
                    46,
                    151645
                ],
                "raw_logprob": -3.810565948486328,
                "cons_logprob": -3.76924991607666
            },
            "proposal": {
                "tokens": [
                    "OC",
                    "(C",
                    ")",
                    "CC",
                    "(C",
                    "O",
                    ")",
                    "O",
                    "<|im_end|>"
                ],
                "token_ids": [
                    7612,
                    3025,
                    8,
                    3706,
                    3025,
                    46,
                    8,
                    46,
                    151645
                ],
                "raw_logprob": -6.5863847732543945,
                "cons_logprob": -6.5616326332092285
            },
            "acceptance_prob": 1,
            "accepted": true
        },
        {
            "current": {
                "tokens": [
                    "OC",
                    "(C",
                    ")",
                    "CC",
                    "(C",
                    "O",
                    ")",
                    "O",
                    "<|im_end|>"
                ],
                "token_ids": [
                    7612,
                    3025,
                    8,
                    3706,
                    3025,
                    46,
                    8,
                    46,
                    151645
                ],
                "raw_logprob": -6.5863847732543945,
                "cons_logprob": -6.5616326332092285
            },