{
    "steps": [
        {
            "current": {
                "tokens": [
                    "OC",
                    "(C",
                    ")(",
                    "C",
                    ")",
                    "CO",
                    "<|im_end|>"
                ],
                "token_ids": [
                    7612,
                    3025,
                    2376,
                    34,
                    8,
                    8281,
                    151645
                ],
                "raw_logprob": -4.805328845977783,
                "cons_logprob": -4.796833515167236
            },
            "proposal": {
                "tokens": [
                    "OC",
                    "(C",
                    "O",
                    ")",
                    "CC",
                    "O",
                    "<|im_end|>"
                ],
                "token_ids": [
                    7612,
                    3025,
                    46,
                    8,
                    3706,
                    46,
                    151645
                ],
                "raw_logprob": -1.4437272548675537,
                "cons_logprob": -1.4296722412109375
            },
            "acceptance_prob": 0.9944557435886698,
            "accepted": true
        },
        {
            "current": {
                "tokens": [
                    "OC",
                    "(C",
                    "O",
                    ")",
                    "CC",
                    "O",
                    "<|im_end|>"
                ],
                "token_ids": [
                    7612,
                    3025,
                    46,
                    8,
                    3706,
                    46,
                    151645
                ],
                "raw_logprob": -1.4437272548675537,
                "cons_logprob": -1.4296722412109375
            },
            "proposal": {
                "tokens": [
                    "OC",
                    "(C",
                    "(O",
                    ")",
                    "C",
                    "(C",
                    "(O",
                    ")",
                    "C",
                    "(C",
                    "(O",
                    ")",
                    "C",
                    "(C",
                    "(O",
                    ")",
                    "C",
                    "(C",
                    "(O",
                    ")",
                    "C",
                    "(O",
                    ")",
                    "C",
                    "(O",
                    ")",
                    "C",
                    "(O",
                    ")",
                    "C",
                    "(O",
                    ")",
                    "C",
                    ")",
                    "C",
                    ")",
                    "C",
                    ")",
                    "C",
                    ")",
                    "C",
                    ")",
                    "C",
                    "<|im_end|>"
                ],
                "token_ids": [
                    7612,
                    3025,
                    19238,
                    8,
                    34,
                    3025,
                    19238,
                    8,
                    34,
                    3025,
                    19238,
                    8,
                    34,
                    3025,
                    19238,
                    8,
                    34,
                    3025,
                    19238,
                    8,
                    34,
                    19238,
                    8,
                    34,
                    19238,
                    8,
                    34,
                    19238,
                    8,
                    34,
                    19238,
                    8,
                    34,
                    8,
                    34,
                    8,
                    34,
                    8,
                    34,
                    8,
                    34,
                    8,
                    34,
                    151645
                ],
                "raw_logprob": -28.03231430053711,
                "cons_logprob": -22.234907150268555
            },
            "acceptance_prob": 0.0030783789465279048,
            "accepted": false
        },
        {
            "current": {
                "tokens": [
                    "OC",
                    "(C",
                    "O",
                    ")",
                    "CC",
                    "O",
                    "<|im_end|>"
                ],
                "token_ids": [
                    7612,
                    3025,
                    46,
                    8,
                    3706,
                    46,
                    151645
                ],
                "raw_logprob": -1.4437272548675537,
                "cons_logprob": -1.4296722412109375
            },
            "proposal": {
                "tokens": [
                    "O",
                    "CC",
                    "CO",
                    "<|im_end|>"
                ],
                "token_ids": [
                    46,
                    3706,
                    8281,
                    151645
                ],
                "raw_logprob": -3.4798858165740967,
                "cons_logprob": -3.4485251903533936
            },
            "acceptance_prob": 0.9828432694802436,
            "accepted": true
        },
        {
            "current": {
                "tokens": [
                    "O",
                    "CC",
                    "CO",
                    "<|im_end|>"
                ],
                "token_ids": [
                    46,
                    3706,
                    8281,
                    151645
                ],
                "raw_logprob": -3.4798858165740967,
                "cons_logprob": -3.4485251903533936
            },
            "proposal": {
                "tokens": [
                    "OC",
                    "(C",
                    ")",
                    "O",
                    "CC",
                    "O",
                    "<|im_end|>"
                ],
                "token_ids": [
                    7612,
                    3025,
                    8,
                    46,
                    3706,
                    46,
                    151645
                ],
                "raw_logprob": -3.512167453765869,
                "cons_logprob": -3.467759609222412
            },
            "acceptance_prob": 0.9870375276633842,
            "accepted": true
        },
        {
            "current": {
                "tokens": [
                    "OC",
                    "(C",
                    ")",
                    "O",
                    "CC",
                    "O",
                    "<|im_end|>"
                ],
                "token_ids": [
                    7612,
                    3025,
                    8,
                    46,
                    3706,
                    46,
                    151645
                ],
                "raw_logprob": -3.512167453765869,
                "cons_logprob": -3.467759609222412
            },
            "proposal": {
                "tokens": [
                    "OC",
                    "(C",
                    ")",
                    "C",
                    "OC",
                    "(C",
                    ")",
                    "C",
                    "<|im_end|>"
                ],
                "token_ids": [
                    7612,
                    3025,
                    8,
                    34,
                    7612,
                    3025,
                    8,
                    34,
                    151645
                ],