{
    "steps": [
        {
            "current": {
                "tokens": [
                    "O",
                    "CC",
                    "NC",
                    "(",
                    "=",
                    "O",
                    ")",
                    "N",
                    "CC",
                    "O",
                    "<|im_end|>"
                ],
                "token_ids": [
                    46,
                    3706,
                    9949,
                    7,
                    28,
                    46,
                    8,
                    45,
                    3706,
                    46,
                    151645
                ],
                "raw_logprob": -3.9421396255493164,
                "cons_logprob": -3.9412741661071777
            },
            "proposal": {
                "tokens": [
                    "O",
                    "CC",
                    "N",
                    "CCCCCC",
                    "N",
                    "CO",
                    "<|im_end|>"
                ],
                "token_ids": [
                    46,
                    3706,
                    45,
                    91443,
                    45,
                    8281,
                    151645
                ],
                "raw_logprob": -5.033390045166016,
                "cons_logprob": -5.028580665588379
            },
            "acceptance_prob": 0.9960638469033043,
            "accepted": true
        },
        {
            "current": {
                "tokens": [
                    "O",
                    "CC",
                    "N",
                    "CCCCCC",
                    "N",
                    "CO",
                    "<|im_end|>"
                ],
                "token_ids": [
                    46,
                    3706,
                    45,
                    91443,
                    45,
                    8281,
                    151645
                ],
                "raw_logprob": -5.033390045166016,
                "cons_logprob": -5.028580665588379
            },
            "proposal": {
                "tokens": [
                    "OC",
                    "(C",
                    ")",
                    "C",
                    "OC",
                    "(",
                    "=",
                    "O",
                    ")",
                    "C",
                    "(N",
                    ")",
                    "CCCC",
                    "N",
                    "<|im_end|>"
                ],
                "token_ids": [
                    7612,
                    3025,
                    8,
                    34,
                    7612,
                    7,
                    28,
                    46,
                    8,
                    34,
                    8204,
                    8,
                    47932,
                    45,
                    151645
                ],
                "raw_logprob": -8.06180477142334,
                "cons_logprob": -8.061334609985352
            },
            "acceptance_prob": 1,
            "accepted": true
        },
        {
            "current": {
                "tokens": [
                    "OC",
                    "(C",
                    ")",
                    "C",
                    "OC",
                    "(",
                    "=",
                    "O",
                    ")",
                    "C",
                    "(N",
                    ")",
                    "CCCC",
                    "N",
                    "<|im_end|>"
                ],
                "token_ids": [
                    7612,
                    3025,
                    8,
                    34,
                    7612,
                    7,
                    28,
                    46,
                    8,
                    34,
                    8204,
                    8,
                    47932,
                    45,
                    151645
                ],
                "raw_logprob": -8.06180477142334,
                "cons_logprob": -8.061334609985352
            },
            "proposal": {
                "tokens": [
                    "OC",
                    "(",
                    "=",
                    "O",
                    ")",
                    "C",
                    "(N",
                    ")",
                    "CC",
                    "CN",
                    "CCCCCC",
                    "O",
                    "<|im_end|>"
                ],
                "token_ids": [
                    7612,
                    7,
                    28,
                    46,
                    8,
                    34,
                    8204,
                    8,
                    3706,
                    28668,
                    91443,
                    46,
                    151645
                ],
                "raw_logprob": -3.5193488597869873,
                "cons_logprob": -3.514756441116333
            },
            "acceptance_prob": 0.9958862276067793,
            "accepted": true
        },
        {
            "current": {
                "tokens": [
                    "OC",
                    "(",
                    "=",
                    "O",
                    ")",
                    "C",
                    "(N",
                    ")",
                    "CC",
                    "CN",
                    "CCCCCC",
                    "O",
                    "<|im_end|>"
                ],
                "token_ids": [
                    7612,
                    7,
                    28,
                    46,
                    8,
                    34,
                    8204,
                    8,
                    3706,
                    28668,
                    91443,
                    46,
                    151645
                ],
                "raw_logprob": -3.5193488597869873,
                "cons_logprob": -3.514756441116333
            },
            "proposal": {
                "tokens": [
                    "OC",
                    "(",
                    "=",
                    "O",
                    ")",
                    "C",
                    "(N",
                    ")",
                    "CCC",
                    "NC",
                    "(",
                    "=",
                    "O",
                    ")",
                    "O",
                    "<|im_end|>"
                ],
                "token_ids": [
                    7612,
                    7,
                    28,
                    46,
                    8,
                    34,
                    8204,
                    8,
                    53873,
                    9949,
                    7,
                    28,
                    46,
                    8,
                    46,
                    151645
                ],
                "raw_logprob": -3.60624361038208,
                "cons_logprob": -3.6030585765838623
            },
            "acceptance_prob": 1,
            "accepted": true
        },
        {
            "current": {
                "tokens": [
                    "OC",
                    "(",
                    "=",
                    "O",
                    ")",
                    "C",
                    "(N",
                    ")",
                    "CCC",
                    "NC",
                    "(",
                    "=",
                    "O",
                    ")",
                    "O",
                    "<|im_end|>"
                ],