{
    "steps": [
        {
            "current": {
                "tokens": [
                    "OC",
                    "(",
                    "=",
                    "O",
                    ")",
                    "C",
                    "(N",
                    ")",
                    "C",
                    "NC",
                    "(",
                    "=",
                    "O",
                    ")",
                    "OC",
                    "<|im_end|>"
                ],
                "token_ids": [
                    7612,
                    7,
                    28,
                    46,
                    8,
                    34,
                    8204,
                    8,
                    34,
                    9949,
                    7,
                    28,
                    46,
                    8,
                    7612,
                    151645
                ],
                "raw_logprob": -5.611785888671875,
                "cons_logprob": -5.538849830627441
            },
            "proposal": {
                "tokens": [
                    "OC",
                    "(",
                    "=",
                    "O",
                    ")",
                    "CCCCCC",
                    "O",
                    "<|im_end|>"
                ],
                "token_ids": [
                    7612,
                    7,
                    28,
                    46,
                    8,
                    91443,
                    46,
                    151645
                ],
                "raw_logprob": -6.674682140350342,
                "cons_logprob": -6.673869609832764
            },
            "acceptance_prob": 1,
            "accepted": true
        },
        {
            "current": {
                "tokens": [
                    "OC",
                    "(",
                    "=",
                    "O",
                    ")",
                    "CCCCCC",
                    "O",
                    "<|im_end|>"
                ],
                "token_ids": [
                    7612,
                    7,
                    28,
                    46,
                    8,
                    91443,
                    46,
                    151645
                ],
                "raw_logprob": -6.674682140350342,
                "cons_logprob": -6.673869609832764
            },
            "proposal": {
                "tokens": [
                    "OC",
                    "(",
                    "=",
                    "O",
                    ")",
                    "C",
                    "(N",
                    ")",
                    "CC",
                    "CN",
                    "1",
                    "CC",
                    "O",
                    "1",
                    "<|im_end|>"
                ],
                "token_ids": [
                    7612,
                    7,
                    28,
                    46,
                    8,
                    34,
                    8204,
                    8,
                    3706,
                    28668,
                    16,
                    3706,
                    46,
                    16,
                    151645
                ],
                "raw_logprob": -5.801043510437012,
                "cons_logprob": -5.796467304229736
            },
            "acceptance_prob": 0.9962433980604348,
            "accepted": true
        },
        {
            "current": {
                "tokens": [
                    "OC",
                    "(",
                    "=",
                    "O",
                    ")",
                    "C",
                    "(N",
                    ")",
                    "CC",
                    "CN",
                    "1",
                    "CC",
                    "O",
                    "1",
                    "<|im_end|>"
                ],
                "token_ids": [
                    7612,
                    7,
                    28,
                    46,
                    8,
                    34,
                    8204,
                    8,
                    3706,
                    28668,
                    16,
                    3706,
                    46,
                    16,
                    151645
                ],
                "raw_logprob": -5.801043510437012,
                "cons_logprob": -5.796467304229736
            },
            "proposal": {
                "tokens": [
                    "OC",
                    "(",
                    "=",
                    "O",
                    ")",
                    "C",
                    "(N",
                    ")",
                    "CC",
                    "O",
                    "CC",
                    "N",
                    "<|im_end|>"
                ],
                "token_ids": [
                    7612,
                    7,
                    28,
                    46,
                    8,
                    34,
                    8204,
                    8,
                    3706,
                    46,
                    3706,
                    45,
                    151645
                ],
                "raw_logprob": -3.61092472076416,
                "cons_logprob": -3.6012513637542725
            },
            "acceptance_prob": 0.9949158176271699,
            "accepted": true
        },
        {
            "current": {
                "tokens": [
                    "OC",
                    "(",
                    "=",
                    "O",
                    ")",
                    "C",
                    "(N",
                    ")",
                    "CC",
                    "O",
                    "CC",
                    "N",
                    "<|im_end|>"
                ],
                "token_ids": [
                    7612,
                    7,
                    28,
                    46,
                    8,
                    34,
                    8204,
                    8,
                    3706,
                    46,
                    3706,
                    45,
                    151645
                ],
                "raw_logprob": -3.61092472076416,
                "cons_logprob": -3.6012513637542725
            },
            "proposal": {
                "tokens": [
                    "OC",
                    "(C",
                    ")",
                    "CN",
                    "CC",
                    "O",
                    "<|im_end|>"
                ],
                "token_ids": [
                    7612,
                    3025,
                    8,
                    28668,
                    3706,
                    46,
                    151645
                ],
                "raw_logprob": -10.973031997680664,
                "cons_logprob": -10.972330093383789
            },
            "acceptance_prob": 1,
            "accepted": true
        },
        {
            "current": {
                "tokens": [
                    "OC",
                    "(C",
                    ")",
                    "CN",
                    "CC",
                    "O",
                    "<|im_end|>"
                ],
                "token_ids": [
                    7612,
                    3025,
                    8,
                    28668,
                    3706,
                    46,
                    151645
                ],
                "raw_logprob": -10.973031997680664,
                "cons_logprob": -10.972330093383789
            },