{
    "steps": [
        {
            "current": {
                "tokens": [
                    "O",
                    "CC",
                    "NC",
                    "(",
                    "=",
                    "O",
                    ")",
                    "N",
                    "CCCCCC",
                    "N",
                    "(",
                    "=",
                    "O",
                    ")",
                    "O",
                    "CCCCCC",
                    "O",
                    "<|im_end|>"
                ],
                "token_ids": [
                    46,
                    3706,
                    9949,
                    7,
                    28,
                    46,
                    8,
                    45,
                    91443,
                    45,
                    7,
                    28,
                    46,
                    8,
                    46,
                    91443,
                    46,
                    151645
                ],
                "raw_logprob": -4.6651153564453125,
                "cons_logprob": -4.604889869689941
            },
            "proposal": {
                "tokens": [
                    "OC",
                    "(",
                    "=",
                    "O",
                    ")",
                    "C",
                    "(N",
                    ")",
                    "C",
                    "(C",
                    ")",
                    "CC",
                    "N",
                    "<|im_end|>"
                ],
                "token_ids": [
                    7612,
                    7,
                    28,
                    46,
                    8,
                    34,
                    8204,
                    8,
                    34,
                    3025,
                    8,
                    3706,
                    45,
                    151645
                ],
                "raw_logprob": -2.6959807872772217,
                "cons_logprob": -2.662428379058838
            },
            "acceptance_prob": 1,
            "accepted": true
        },
        {
            "current": {
                "tokens": [
                    "OC",
                    "(",
                    "=",
                    "O",
                    ")",
                    "C",
                    "(N",
                    ")",
                    "C",
                    "(C",
                    ")",
                    "CC",
                    "N",
                    "<|im_end|>"
                ],
                "token_ids": [
                    7612,
                    7,
                    28,
                    46,
                    8,
                    34,
                    8204,
                    8,
                    34,
                    3025,
                    8,
                    3706,
                    45,
                    151645
                ],
                "raw_logprob": -2.6959807872772217,
                "cons_logprob": -2.662428379058838
            },
            "proposal": {
                "tokens": [
                    "O",
                    "CC",
                    "NC",
                    "(",
                    "=",
                    "O",
                    ")",
                    "N",
                    "CCC",
                    "(O",
                    ")",
                    "CO",
                    "<|im_end|>"
                ],
                "token_ids": [
                    46,
                    3706,
                    9949,
                    7,
                    28,
                    46,
                    8,
                    45,
                    53873,
                    19238,
                    8,
                    8281,
                    151645
                ],
                "raw_logprob": -8.362215042114258,
                "cons_logprob": -8.361563682556152
            },
            "acceptance_prob": 1,
            "accepted": true
        },
        {
            "current": {
                "tokens": [
                    "O",
                    "CC",
                    "NC",
                    "(",
                    "=",
                    "O",
                    ")",
                    "N",
                    "CCC",
                    "(O",
                    ")",
                    "CO",
                    "<|im_end|>"
                ],
                "token_ids": [
                    46,
                    3706,
                    9949,
                    7,
                    28,
                    46,
                    8,
                    45,
                    53873,
                    19238,
                    8,
                    8281,
                    151645
                ],
                "raw_logprob": -8.362215042114258,
                "cons_logprob": -8.361563682556152
            },
            "proposal": {
                "tokens": [
                    "OC",
                    "(C",
                    ")",
                    "C",
                    "(",
                    "=",
                    "O",
                    ")",
                    "N",
                    "CCCCCC",
                    "N",
                    "CCCCCC",
                    "O",
                    "<|im_end|>"
                ],
                "token_ids": [
                    7612,
                    3025,
                    8,
                    34,
                    7,
                    28,
                    46,
                    8,
                    45,
                    91443,
                    45,
                    91443,
                    46,
                    151645
                ],
                "raw_logprob": -8.119616508483887,
                "cons_logprob": -8.11400318145752
            },
            "acceptance_prob": 0.9950503227560159,
            "accepted": true
        },
        {
            "current": {
                "tokens": [
                    "OC",
                    "(C",
                    ")",
                    "C",
                    "(",
                    "=",
                    "O",
                    ")",
                    "N",
                    "CCCCCC",
                    "N",
                    "CCCCCC",
                    "O",
                    "<|im_end|>"
                ],
                "token_ids": [
                    7612,
                    3025,
                    8,
                    34,
                    7,
                    28,
                    46,
                    8,
                    45,
                    91443,
                    45,
                    91443,
                    46,
                    151645
                ],
                "raw_logprob": -8.119616508483887,
                "cons_logprob": -8.11400318145752
            },
            "proposal": {
                "tokens": [
                    "OC",
                    "(",
                    "=",
                    "O",
                    ")",
                    "C",
                    "(N",
                    ")",
                    "CCCC",
                    "CN",
                    "<|im_end|>"
                ],
                "token_ids": [
                    7612,
                    7,
                    28,
                    46,
                    8,
                    34,
                    8204,
                    8,
                    47932,
                    28668,
                    151645
                ],
                "raw_logprob": -4.623672962188721,
                "cons_logprob": -4.610527992248535
            },
            "acceptance_prob": 0.9924966488363285,