{
    "steps": [
        {
            "current": {
                "tokens": [
                    "OC",
                    "(",
                    "=",
                    "O",
                    ")",
                    "C",
                    "(N",
                    ")",
                    "CCC",
                    "NC",
                    "(",
                    "=",
                    "O",
                    ")",
                    "O",
                    "<|im_end|>"
                ],
                "token_ids": [
                    7612,
                    7,
                    28,
                    46,
                    8,
                    34,
                    8204,
                    8,
                    53873,
                    9949,
                    7,
                    28,
                    46,
                    8,
                    46,
                    151645
                ],
                "raw_logprob": -3.60624361038208,
                "cons_logprob": -3.6030585765838623
            },
            "proposal": {
                "tokens": [
                    "OC",
                    "(",
                    "=",
                    "O",
                    ")",
                    "CCCC",
                    "CN",
                    "<|im_end|>"
                ],
                "token_ids": [
                    7612,
                    7,
                    28,
                    46,
                    8,
                    47932,
                    28668,
                    151645
                ],
                "raw_logprob": -4.135798454284668,
                "cons_logprob": -4.118711948394775
            },
            "acceptance_prob": 0.9861947071778535,
            "accepted": true
        },
        {
            "current": {
                "tokens": [
                    "OC",
                    "(",
                    "=",
                    "O",
                    ")",
                    "CCCC",
                    "CN",
                    "<|im_end|>"
                ],
                "token_ids": [
                    7612,
                    7,
                    28,
                    46,
                    8,
                    47932,
                    28668,
                    151645
                ],
                "raw_logprob": -4.135798454284668,
                "cons_logprob": -4.118711948394775
            },
            "proposal": {
                "tokens": [
                    "OC",
                    "(",
                    "=",
                    "O",
                    ")",
                    "C",
                    "(N",
                    ")",
                    "C",
                    "(C",
                    ")",
                    "CC",
                    "N",
                    "<|im_end|>"
                ],
                "token_ids": [
                    7612,
                    7,
                    28,
                    46,
                    8,
                    34,
                    8204,
                    8,
                    34,
                    3025,
                    8,
                    3706,
                    45,
                    151645
                ],
                "raw_logprob": -2.6959807872772217,
                "cons_logprob": -2.662428379058838
            },
            "acceptance_prob": 0.9836689196385422,
            "accepted": true
        },
        {
            "current": {
                "tokens": [
                    "OC",
                    "(",
                    "=",
                    "O",
                    ")",
                    "C",
                    "(N",
                    ")",
                    "C",
                    "(C",
                    ")",
                    "CC",
                    "N",
                    "<|im_end|>"
                ],
                "token_ids": [
                    7612,
                    7,
                    28,
                    46,
                    8,
                    34,
                    8204,
                    8,
                    34,
                    3025,
                    8,
                    3706,
                    45,
                    151645
                ],
                "raw_logprob": -2.6959807872772217,
                "cons_logprob": -2.662428379058838
            },
            "proposal": {
                "tokens": [
                    "O",
                    "CC",
                    "NC",
                    "(",
                    "=",
                    "O",
                    ")",
                    "N",
                    "CCCC",
                    "O",
                    "<|im_end|>"
                ],
                "token_ids": [
                    46,
                    3706,
                    9949,
                    7,
                    28,
                    46,
                    8,
                    45,
                    47932,
                    46,
                    151645
                ],
                "raw_logprob": -3.1574089527130127,
                "cons_logprob": -3.1567437648773193
            },
            "acceptance_prob": 1,
            "accepted": true
        },
        {
            "current": {
                "tokens": [
                    "O",
                    "CC",
                    "NC",
                    "(",
                    "=",
                    "O",
                    ")",
                    "N",
                    "CCCC",
                    "O",
                    "<|im_end|>"
                ],
                "token_ids": [
                    46,
                    3706,
                    9949,
                    7,
                    28,
                    46,
                    8,
                    45,
                    47932,
                    46,
                    151645
                ],
                "raw_logprob": -3.1574089527130127,
                "cons_logprob": -3.1567437648773193
            },
            "proposal": {
                "tokens": [
                    "OC",
                    "(",
                    "=",
                    "O",
                    ")",
                    "C",
                    "(N",
                    ")",
                    "CC",
                    "CN",
                    "(",
                    "=",
                    "O",
                    ")",
                    "O",
                    "CCCCCC",
                    "O",
                    "<|im_end|>"
                ],
                "token_ids": [
                    7612,
                    7,
                    28,
                    46,
                    8,
                    34,
                    8204,
                    8,
                    3706,
                    28668,
                    7,
                    28,
                    46,
                    8,
                    46,
                    91443,
                    46,
                    151645
                ],
                "raw_logprob": -5.393429279327393,
                "cons_logprob": -5.384530544281006
            },
            "acceptance_prob": 0.9918002556031685,
            "accepted": true
        },
        {
            "current": {
                "tokens": [
                    "OC",
                    "(",
                    "=",
                    "O",
                    ")",
                    "C",
                    "(N",
                    ")",
                    "CC",
                    "CN",
                    "(",
                    "=",
                    "O",
                    ")",
                    "O",
                    "CCCCCC",
                    "O",
                    "<|im_end|>"
                ],