{
    "steps": [
        {
            "current": {
                "tokens": [
                    "O",
                    "CC",
                    "NC",
                    "(",
                    "=",
                    "O",
                    ")",
                    "N",
                    "CCCC",
                    "O",
                    "<|im_end|>"
                ],
                "token_ids": [
                    46,
                    3706,
                    9949,
                    7,
                    28,
                    46,
                    8,
                    45,
                    47932,
                    46,
                    151645
                ],
                "raw_logprob": -3.1574089527130127,
                "cons_logprob": -3.1567437648773193
            },
            "proposal": {
                "tokens": [
                    "OC",
                    "(",
                    "=",
                    "O",
                    ")",
                    "C",
                    "NC",
                    "(",
                    "=",
                    "O",
                    ")",
                    "NC",
                    "(O",
                    ")",
                    "CCCC",
                    "O",
                    "<|im_end|>"
                ],
                "token_ids": [
                    7612,
                    7,
                    28,
                    46,
                    8,
                    34,
                    9949,
                    7,
                    28,
                    46,
                    8,
                    9949,
                    19238,
                    8,
                    47932,
                    46,
                    151645
                ],
                "raw_logprob": -13.187827110290527,
                "cons_logprob": -13.13357162475586
            },
            "acceptance_prob": 0.947820351142828,
            "accepted": true
        },
        {
            "current": {
                "tokens": [
                    "OC",
                    "(",
                    "=",
                    "O",
                    ")",
                    "C",
                    "NC",
                    "(",
                    "=",
                    "O",
                    ")",
                    "NC",
                    "(O",
                    ")",
                    "CCCC",
                    "O",
                    "<|im_end|>"
                ],
                "token_ids": [
                    7612,
                    7,
                    28,
                    46,
                    8,
                    34,
                    9949,
                    7,
                    28,
                    46,
                    8,
                    9949,
                    19238,
                    8,
                    47932,
                    46,
                    151645
                ],
                "raw_logprob": -13.187827110290527,
                "cons_logprob": -13.13357162475586
            },
            "proposal": {
                "tokens": [
                    "OC",
                    "(",
                    "=",
                    "O",
                    ")",
                    "C",
                    "(N",
                    ")",
                    "CC",
                    "CN",
                    "(O",
                    ")",
                    "Cc",
                    "1",
                    "cc",
                    "ccc",
                    "1",
                    "<|im_end|>"
                ],
                "token_ids": [
                    7612,
                    7,
                    28,
                    46,
                    8,
                    34,
                    8204,
                    8,
                    3706,
                    28668,
                    19238,
                    8,
                    97754,
                    16,
                    638,
                    37054,
                    16,
                    151645
                ],
                "raw_logprob": -6.276226997375488,
                "cons_logprob": -6.262544631958008
            },
            "acceptance_prob": 1,
            "accepted": true
        },
        {
            "current": {
                "tokens": [
                    "OC",
                    "(",
                    "=",
                    "O",
                    ")",
                    "C",
                    "(N",
                    ")",
                    "CC",
                    "CN",
                    "(O",
                    ")",
                    "Cc",
                    "1",
                    "cc",
                    "ccc",
                    "1",
                    "<|im_end|>"
                ],
                "token_ids": [
                    7612,
                    7,
                    28,
                    46,
                    8,
                    34,
                    8204,
                    8,
                    3706,
                    28668,
                    19238,
                    8,
                    97754,
                    16,
                    638,
                    37054,
                    16,
                    151645
                ],
                "raw_logprob": -6.276226997375488,
                "cons_logprob": -6.262544631958008
            },
            "proposal": {
                "tokens": [
                    "OC",
                    "(",
                    "=",
                    "O",
                    ")",
                    "C",
                    "(N",
                    ")",
                    "CC",
                    "CN",
                    "CO",
                    "<|im_end|>"
                ],
                "token_ids": [
                    7612,
                    7,
                    28,
                    46,
                    8,
                    34,
                    8204,
                    8,
                    3706,
                    28668,
                    8281,
                    151645
                ],
                "raw_logprob": -4.01460075378418,
                "cons_logprob": -4.009587287902832
            },
            "acceptance_prob": 1,
            "accepted": true
        },
        {
            "current": {
                "tokens": [
                    "OC",
                    "(",
                    "=",
                    "O",
                    ")",
                    "C",
                    "(N",
                    ")",
                    "CC",
                    "CN",
                    "CO",
                    "<|im_end|>"
                ],
                "token_ids": [
                    7612,
                    7,
                    28,
                    46,
                    8,
                    34,
                    8204,
                    8,
                    3706,
                    28668,
                    8281,
                    151645
                ],
                "raw_logprob": -4.01460075378418,
                "cons_logprob": -4.009587287902832
            },
            "proposal": {
                "tokens": [
                    "OC",
                    "(",
                    "=",
                    "O",
                    ")",
                    "C",
                    "(N",
                    ")",
                    "C",
                    "(C",
                    ")",
                    "CCCC",
                    "N",
                    "<|im_end|>"
                ],