{
    "steps": [
        {
            "current": {
                "tokens": [
                    "[",
                    " (",
                    " S",
                    " (",
                    " NP",
                    "-S",
                    "BJ",
                    " (",
                    " DT",
                    "enegro",
                    "<|eot_id|>"
                ],
                "token_ids": [
                    58,
                    320,
                    328,
                    320,
                    44340,
                    6354,
                    15327,
                    320,
                    26065,
                    88921,
                    128009
                ],
                "raw_logprob": -48.5,
                "cons_logprob": -17.902130126953125
            },
            "proposal": {
                "tokens": [
                    "[",
                    " (",
                    " S",
                    " (",
                    " NP",
                    "-S",
                    "BJ",
                    " (",
                    " DT",
                    " Dummy",
                    "<|eot_id|>"
                ],
                "token_ids": [
                    58,
                    320,
                    328,
                    320,
                    44340,
                    6354,
                    15327,
                    320,
                    26065,
                    51667,
                    128009
                ],
                "raw_logprob": -51.5,
                "cons_logprob": -17.902130126953125
            },
            "acceptance_prob": 0.049787068367863944,
            "accepted": false
        },
        {
            "current": {
                "tokens": [
                    "[",
                    " (",
                    " S",
                    " (",
                    " NP",
                    "-S",
                    "BJ",
                    " (",
                    " DT",
                    "enegro",
                    "<|eot_id|>"
                ],
                "token_ids": [
                    58,
                    320,
                    328,
                    320,
                    44340,
                    6354,
                    15327,
                    320,
                    26065,
                    88921,
                    128009
                ],
                "raw_logprob": -48.5,
                "cons_logprob": -17.902130126953125
            },
            "proposal": {
                "tokens": [
                    "[",
                    " (",
                    " S",
                    " (",
                    " NP",
                    "-S",
                    "BJ",
                    " (",
                    " DT",
                    " optional",
                    "<|eot_id|>"
                ],
                "token_ids": [
                    58,
                    320,
                    328,
                    320,
                    44340,
                    6354,
                    15327,
                    320,
                    26065,
                    10309,
                    128009
                ],
                "raw_logprob": -49.75,
                "cons_logprob": -17.902130126953125
            },
            "acceptance_prob": 0.2865047968601901,
            "accepted": true
        },
        {
            "current": {
                "tokens": [
                    "[",
                    " (",
                    " S",
                    " (",
                    " NP",
                    "-S",
                    "BJ",
                    " (",
                    " DT",
                    " optional",
                    "<|eot_id|>"
                ],
                "token_ids": [
                    58,
                    320,
                    328,
                    320,
                    44340,
                    6354,
                    15327,
                    320,
                    26065,
                    10309,
                    128009
                ],
                "raw_logprob": -49.75,
                "cons_logprob": -17.902130126953125
            },
            "proposal": {
                "tokens": [
                    "[",
                    " (",
                    " S",
                    " (",
                    " NP",
                    "-S",
                    "BJ",
                    " (",
                    " DT",
                    " \u0627\u0644\u0645\u0648\u0633",
                    "<|eot_id|>"
                ],
                "token_ids": [
                    58,
                    320,
                    328,
                    320,
                    44340,
                    6354,
                    15327,
                    320,
                    26065,
                    121094,
                    128009
                ],
                "raw_logprob": -48.5,
                "cons_logprob": -17.902130126953125
            },
            "acceptance_prob": 1,
            "accepted": true
        },
        {
            "current": {
                "tokens": [
                    "[",
                    " (",
                    " S",
                    " (",
                    " NP",
                    "-S",
                    "BJ",
                    " (",
                    " DT",
                    " \u0627\u0644\u0645\u0648\u0633",
                    "<|eot_id|>"
                ],
                "token_ids": [
                    58,
                    320,
                    328,
                    320,
                    44340,
                    6354,
                    15327,
                    320,
                    26065,
                    121094,
                    128009
                ],
                "raw_logprob": -48.5,
                "cons_logprob": -17.902130126953125
            },
            "proposal": {
                "tokens": [
                    "[",
                    " (",
                    " S",
                    " (",
                    " NP",
                    "-S",
                    "BJ",
                    " (",
                    " DT",
                    "\u012b",
                    "<|eot_id|>"
                ],
                "token_ids": [
                    58,
                    320,
                    328,
                    320,
                    44340,
                    6354,
                    15327,
                    320,
                    26065,
                    61711,
                    128009
                ],
                "raw_logprob": -50.5,
                "cons_logprob": -17.902130126953125
            },
            "acceptance_prob": 0.1353352832366127,
            "accepted": false
        },
        {
            "current": {
                "tokens": [
                    "[",
                    " (",
                    " S",
                    " (",
                    " NP",
                    "-S",
                    "BJ",
                    " (",
                    " DT",
                    " \u0627\u0644\u0645\u0648\u0633",
                    "<|eot_id|>"
                ],
                "token_ids": [
                    58,
                    320,
                    328,
                    320,
                    44340,
                    6354,
                    15327,
                    320,
                    26065,
                    121094,
                    128009
                ],
                "raw_logprob": -48.5,
                "cons_logprob": -17.902130126953125
            },