{
    "steps": [
        {
            "tokens": [
                "(p",
                "ick",
                "-up",
                " e",
                ")",
                " (",
                "stack",
                " e",
                " b",
                ")",
                " (",
                "pick",
                "-up",
                " a",
                ")",
                " (",
                "stack",
                " a",
                " e",
                ")",
                " (",
                "pick",
                "-up",
                " d",
                ")",
                " (",
                "stack",
                " d",
                " b",
                ")",
                " (",
                "pick",
                "-up",
                " c",
                ")",
                " (",
                "stack",
                " c",
                " d",
                ")",
                "<|eot_id|>"
            ],
            "token_ids": [
                1319,
                875,
                5352,
                384,
                8,
                320,
                7848,
                384,
                293,
                8,
                320,
                30345,
                5352,
                264,
                8,
                320,
                7848,
                264,
                384,
                8,
                320,
                30345,
                5352,
                294,
                8,
                320,
                7848,
                294,
                293,
                8,
                320,
                30345,
                5352,
                272,
                8,
                320,
                7848,
                272,
                294,
                8,
                128009
            ],
            "raw_logprob": -19.79109001159668,
            "cons_logprob": -14.379707336425781
        },
        {
            "tokens": [
                "(p",
                "ick",
                "-up",
                " b",
                ")",
                " (",
                "pick",
                "-up",
                " e",
                ")",
                " (",
                "stack",
                " e",
                " b",
                ")",
                " (",
                "pick",
                "-up",
                " c",
                ")",
                " (",
                "stack",
                " c",
                " e",
                ")",
                " (",
                "pick",
                "-up",
                " d",
                ")",
                " (",
                "stack",
                " d",
                " c",
                ")",
                "<|eot_id|>"
            ],
            "token_ids": [
                1319,
                875,
                5352,
                293,
                8,
                320,
                30345,
                5352,
                384,
                8,
                320,
                7848,
                384,
                293,
                8,
                320,
                30345,
                5352,
                272,
                8,
                320,
                7848,
                272,
                384,
                8,
                320,
                30345,
                5352,
                294,
                8,
                320,
                7848,
                294,
                272,
                8,
                128009
            ],
            "raw_logprob": -19.453765869140625,
            "cons_logprob": -13.488113403320312
        },
        {
            "tokens": [
                "(p",
                "ick",
                "-up",
                " c",
                ")",
                " (",
                "stack",
                " c",
                " a",
                ")",
                " (",
                "pick",
                "-up",
                " d",
                ")",
                " (",
                "stack",
                " d",
                " c",
                ")",
                "<|eot_id|>"
            ],
            "token_ids": [
                1319,
                875,
                5352,
                272,
                8,
                320,
                7848,
                272,
                264,
                8,
                320,
                30345,
                5352,
                294,
                8,
                320,
                7848,
                294,
                272,
                8,
                128009
            ],
            "raw_logprob": -17.17169761657715,
            "cons_logprob": -10.893880844116211
        }
    ],