{
    "steps": [
        {
            "current": {
                "tokens": [
                    "[",
                    " (",
                    " NP",
                    " (",
                    " N",
                    "NP",
                    "S",
                    "\\xb",
                    "<|eot_id|>"
                ],
                "token_ids": [
                    58,
                    320,
                    44340,
                    320,
                    452,
                    27321,
                    50,
                    48859,
                    128009
                ],
                "raw_logprob": -57.0,
                "cons_logprob": -15.019111633300781
            },
            "proposal": {
                "tokens": [
                    "[",
                    " (",
                    " NP",
                    " (",
                    " N",
                    "NP",
                    "S",
                    " \u0e1e\u0e24\u0e28\u0e08",
                    "<|eot_id|>"
                ],
                "token_ids": [
                    58,
                    320,
                    44340,
                    320,
                    452,
                    27321,
                    50,
                    123897,
                    128009
                ],
                "raw_logprob": -57.75,
                "cons_logprob": -15.019111633300781
            },
            "acceptance_prob": 0.4723665527410122,
            "accepted": true
        },
        {
            "current": {
                "tokens": [
                    "[",
                    " (",
                    " NP",
                    " (",
                    " N",
                    "NP",
                    "S",
                    " \u0e1e\u0e24\u0e28\u0e08",
                    "<|eot_id|>"
                ],
                "token_ids": [
                    58,
                    320,
                    44340,
                    320,
                    452,
                    27321,
                    50,
                    123897,
                    128009
                ],
                "raw_logprob": -57.75,
                "cons_logprob": -15.019111633300781
            },
            "proposal": {
                "tokens": [
                    "[",
                    " (",
                    " NP",
                    " (",
                    " N",
                    "NP",
                    "S",
                    "-about",
                    "<|eot_id|>"
                ],
                "token_ids": [
                    58,
                    320,
                    44340,
                    320,
                    452,
                    27321,
                    50,
                    69205,
                    128009
                ],
                "raw_logprob": -61.5,
                "cons_logprob": -15.019111633300781
            },
            "acceptance_prob": 0.023517745856008982,
            "accepted": false
        },
        {
            "current": {
                "tokens": [
                    "[",
                    " (",
                    " NP",
                    " (",
                    " N",
                    "NP",
                    "S",
                    " \u0e1e\u0e24\u0e28\u0e08",
                    "<|eot_id|>"
                ],
                "token_ids": [
                    58,
                    320,
                    44340,
                    320,
                    452,
                    27321,
                    50,
                    123897,
                    128009
                ],
                "raw_logprob": -57.75,
                "cons_logprob": -15.019111633300781
            },
            "proposal": {
                "tokens": [
                    "[",
                    " (",
                    " NP",
                    " (",
                    " N",
                    "NP",
                    "S",
                    " chaired",
                    "<|eot_id|>"
                ],
                "token_ids": [
                    58,
                    320,
                    44340,
                    320,
                    452,
                    27321,
                    50,
                    99206,
                    128009
                ],
                "raw_logprob": -65.0,
                "cons_logprob": -15.019111633300781
            },
            "acceptance_prob": 0.0007101743888425452,
            "accepted": false
        },
        {
            "current": {
                "tokens": [
                    "[",
                    " (",
                    " NP",
                    " (",
                    " N",
                    "NP",
                    "S",
                    " \u0e1e\u0e24\u0e28\u0e08",
                    "<|eot_id|>"
                ],
                "token_ids": [
                    58,
                    320,
                    44340,
                    320,
                    452,
                    27321,
                    50,
                    123897,
                    128009
                ],
                "raw_logprob": -57.75,
                "cons_logprob": -15.019111633300781
            },
            "proposal": {
                "tokens": [
                    "[",
                    " (",
                    " NP",
                    " (",
                    " N",
                    "NP",
                    "S",
                    "croll",
                    "<|eot_id|>"
                ],
                "token_ids": [
                    58,
                    320,
                    44340,
                    320,
                    452,
                    27321,
                    50,
                    15598,
                    128009
                ],
                "raw_logprob": -62.75,
                "cons_logprob": -15.019111633300781
            },
            "acceptance_prob": 0.0067379469990854314,
            "accepted": false
        },
        {
            "current": {
                "tokens": [
                    "[",
                    " (",
                    " NP",
                    " (",
                    " N",
                    "NP",
                    "S",
                    " \u0e1e\u0e24\u0e28\u0e08",
                    "<|eot_id|>"
                ],
                "token_ids": [
                    58,
                    320,
                    44340,
                    320,
                    452,
                    27321,
                    50,
                    123897,
                    128009
                ],
                "raw_logprob": -57.75,
                "cons_logprob": -15.019111633300781
            },
            "proposal": {
                "tokens": [
                    "[",
                    " (",
                    " NP",
                    " (",
                    " N",
                    "NP",
                    "S",
                    " compiling",
                    "<|eot_id|>"
                ],
                "token_ids": [
                    58,
                    320,
                    44340,
                    320,
                    452,
                    27321,
                    50,
                    55320,
                    128009
                ],
                "raw_logprob": -63.5,
                "cons_logprob": -15.019111633300781
            },
            "acceptance_prob": 0.00318278079650965,