{
    "steps": [
        {
            "current": {
                "tokens": [
                    "[",
                    " (",
                    " NN",
                    " Pl",
                    "unge",
                    " )",
                    " ]",
                    "<|eot_id|>"
                ],
                "token_ids": [
                    58,
                    320,
                    45778,
                    1856,
                    14208,
                    883,
                    2331,
                    128009
                ],
                "raw_logprob": -8.5,
                "cons_logprob": -0.9418982267379761
            },
            "proposal": {
                "tokens": [
                    "[",
                    " (",
                    " NP",
                    "-H",
                    "LN",
                    " (",
                    " NN",
                    "P",
                    "S",
                    ".files",
                    "<|eot_id|>"
                ],
                "token_ids": [
                    58,
                    320,
                    44340,
                    11529,
                    51316,
                    320,
                    45778,
                    47,
                    50,
                    20881,
                    128009
                ],
                "raw_logprob": -75.0,
                "cons_logprob": -12.821423530578613
            },
            "acceptance_prob": 2.042671789962677e-29,
            "accepted": false
        },
        {
            "current": {
                "tokens": [
                    "[",
                    " (",
                    " NN",
                    " Pl",
                    "unge",
                    " )",
                    " ]",
                    "<|eot_id|>"
                ],
                "token_ids": [
                    58,
                    320,
                    45778,
                    1856,
                    14208,
                    883,
                    2331,
                    128009
                ],
                "raw_logprob": -8.5,
                "cons_logprob": -0.9418982267379761
            },
            "proposal": {
                "tokens": [
                    "[",
                    " (",
                    " NN",
                    " Pl",
                    "unge",
                    " )",
                    " ]",
                    "<|eot_id|>"
                ],
                "token_ids": [
                    58,
                    320,
                    45778,
                    1856,
                    14208,
                    883,
                    2331,
                    128009
                ],
                "raw_logprob": -8.5,
                "cons_logprob": -0.945557177066803
            },
            "acceptance_prob": 1,
            "accepted": true
        },
        {
            "current": {
                "tokens": [
                    "[",
                    " (",
                    " NN",
                    " Pl",
                    "unge",
                    " )",
                    " ]",
                    "<|eot_id|>"
                ],
                "token_ids": [
                    58,
                    320,
                    45778,
                    1856,
                    14208,
                    883,
                    2331,
                    128009
                ],
                "raw_logprob": -8.5,
                "cons_logprob": -0.945557177066803
            },
            "proposal": {
                "tokens": [
                    "[",
                    " (",
                    " NP",
                    "-H",
                    "LN",
                    " (",
                    " NN",
                    "S",
                    "upt",
                    "<|eot_id|>"
                ],
                "token_ids": [
                    58,
                    320,
                    44340,
                    11529,
                    51316,
                    320,
                    45778,
                    50,
                    7717,
                    128009
                ],
                "raw_logprob": -57.25,
                "cons_logprob": -15.290173530578613
            },
            "acceptance_prob": 1.2361410975210446e-20,
            "accepted": false
        },
        {
            "current": {
                "tokens": [
                    "[",
                    " (",
                    " NN",
                    " Pl",
                    "unge",
                    " )",
                    " ]",
                    "<|eot_id|>"
                ],
                "token_ids": [
                    58,
                    320,
                    45778,
                    1856,
                    14208,
                    883,
                    2331,
                    128009
                ],
                "raw_logprob": -8.5,
                "cons_logprob": -0.945557177066803
            },
            "proposal": {
                "tokens": [
                    "[",
                    " (",
                    " NP",
                    "-H",
                    "LN",
                    " (",
                    " NN",
                    "P",
                    "S",
                    "PointSize",
                    "<|eot_id|>"
                ],
                "token_ids": [
                    58,
                    320,
                    44340,
                    11529,
                    51316,
                    320,
                    45778,
                    47,
                    50,
                    99211,
                    128009
                ],
                "raw_logprob": -69.0,
                "cons_logprob": -12.821423530578613
            },
            "acceptance_prob": 8.259302885486937e-27,
            "accepted": false
        },
        {
            "current": {
                "tokens": [
                    "[",
                    " (",
                    " NN",
                    " Pl",
                    "unge",
                    " )",
                    " ]",
                    "<|eot_id|>"
                ],
                "token_ids": [
                    58,
                    320,
                    45778,
                    1856,
                    14208,
                    883,
                    2331,
                    128009
                ],
                "raw_logprob": -8.5,
                "cons_logprob": -0.945557177066803
            },
            "proposal": {
                "tokens": [
                    "[",
                    " (",
                    " NN",
                    " Pl",
                    "unge",
                    " )",
                    " ]",
                    "<|eot_id|>"
                ],
                "token_ids": [
                    58,
                    320,
                    45778,
                    1856,
                    14208,
                    883,
                    2331,
                    128009
                ],
                "raw_logprob": -8.5,
                "cons_logprob": -0.945557177066803
            },
            "acceptance_prob": 1,
            "accepted": true
        },
        {
            "current": {
                "tokens": [
                    "[",
                    " (",
                    " NN",
                    " Pl",
                    "unge",
                    " )",
                    " ]",
                    "<|eot_id|>"
                ],
                "token_ids": [
                    58,
                    320,
                    45778,
                    1856,
                    14208,
                    883,
                    2331,
                    128009
                ],