{
    "steps": [
        {
            "current": {
                "tokens": [
                    "[",
                    " (",
                    " NP",
                    " (",
                    " DT",
                    "_proto",
                    "<|eot_id|>"
                ],
                "token_ids": [
                    58,
                    320,
                    44340,
                    320,
                    26065,
                    38789,
                    128009
                ],
                "raw_logprob": -54.0,
                "cons_logprob": -18.008058547973633
            },
            "proposal": {
                "tokens": [
                    "[",
                    " (",
                    " NP",
                    " (",
                    " DT",
                    "\u040e",
                    "<|eot_id|>"
                ],
                "token_ids": [
                    58,
                    320,
                    44340,
                    320,
                    26065,
                    116072,
                    128009
                ],
                "raw_logprob": -43.0,
                "cons_logprob": -18.008058547973633
            },
            "acceptance_prob": 1,
            "accepted": true
        },
        {
            "current": {
                "tokens": [
                    "[",
                    " (",
                    " NP",
                    " (",
                    " DT",
                    "\u040e",
                    "<|eot_id|>"
                ],
                "token_ids": [
                    58,
                    320,
                    44340,
                    320,
                    26065,
                    116072,
                    128009
                ],
                "raw_logprob": -43.0,
                "cons_logprob": -18.008058547973633
            },
            "proposal": {
                "tokens": [
                    "[",
                    " (",
                    " NP",
                    " (",
                    " DT",
                    " Symptoms",
                    "<|eot_id|>"
                ],
                "token_ids": [
                    58,
                    320,
                    44340,
                    320,
                    26065,
                    77417,
                    128009
                ],
                "raw_logprob": -48.75,
                "cons_logprob": -18.008058547973633
            },
            "acceptance_prob": 0.0031827807965096612,
            "accepted": false
        },
        {
            "current": {
                "tokens": [
                    "[",
                    " (",
                    " NP",
                    " (",
                    " DT",
                    "\u040e",
                    "<|eot_id|>"
                ],
                "token_ids": [
                    58,
                    320,
                    44340,
                    320,
                    26065,
                    116072,
                    128009
                ],
                "raw_logprob": -43.0,
                "cons_logprob": -18.008058547973633
            },
            "proposal": {
                "tokens": [
                    "[",
                    " (",
                    " NP",
                    " (",
                    " DT",
                    " refute",
                    "<|eot_id|>"
                ],
                "token_ids": [
                    58,
                    320,
                    44340,
                    320,
                    26065,
                    84277,
                    128009
                ],
                "raw_logprob": -49.0,
                "cons_logprob": -18.008058547973633
            },
            "acceptance_prob": 0.002478752176666354,
            "accepted": false
        },
        {
            "current": {
                "tokens": [
                    "[",
                    " (",
                    " NP",
                    " (",
                    " DT",
                    "\u040e",
                    "<|eot_id|>"
                ],
                "token_ids": [
                    58,
                    320,
                    44340,
                    320,
                    26065,
                    116072,
                    128009
                ],
                "raw_logprob": -43.0,
                "cons_logprob": -18.008058547973633
            },
            "proposal": {
                "tokens": [
                    "[",
                    " (",
                    " NP",
                    " (",
                    " DT",
                    "$t",
                    "<|eot_id|>"
                ],
                "token_ids": [
                    58,
                    320,
                    44340,
                    320,
                    26065,
                    34218,
                    128009
                ],
                "raw_logprob": -45.75,
                "cons_logprob": -18.008058547973633
            },
            "acceptance_prob": 0.06392786120670746,
            "accepted": false
        },
        {
            "current": {
                "tokens": [
                    "[",
                    " (",
                    " NP",
                    " (",
                    " DT",
                    "\u040e",
                    "<|eot_id|>"
                ],
                "token_ids": [
                    58,
                    320,
                    44340,
                    320,
                    26065,
                    116072,
                    128009
                ],
                "raw_logprob": -43.0,
                "cons_logprob": -18.008058547973633
            },
            "proposal": {
                "tokens": [
                    "[",
                    " (",
                    " NP",
                    " (",
                    " DT",
                    " najle",
                    "<|eot_id|>"
                ],
                "token_ids": [
                    58,
                    320,
                    44340,
                    320,
                    26065,
                    94107,
                    128009
                ],
                "raw_logprob": -42.0,
                "cons_logprob": -18.008058547973633
            },
            "acceptance_prob": 1,
            "accepted": true
        },
        {
            "current": {
                "tokens": [
                    "[",
                    " (",
                    " NP",
                    " (",
                    " DT",
                    " najle",
                    "<|eot_id|>"
                ],
                "token_ids": [
                    58,
                    320,
                    44340,
                    320,
                    26065,
                    94107,
                    128009
                ],
                "raw_logprob": -42.0,
                "cons_logprob": -18.008058547973633
            },
            "proposal": {
                "tokens": [
                    "[",
                    " (",
                    " NP",
                    " (",
                    " DT",
                    " amac",
                    "<|eot_id|>"
                ],
                "token_ids": [
                    58,
                    320,
                    44340,
                    320,
                    26065,
                    111539,
                    128009
                ],
                "raw_logprob": -49.5,
                "cons_logprob": -18.008058547973633
            },
            "acceptance_prob": 0.0005530843701478327,