{
    "steps": [
        {
            "current": {
                "tokens": [
                    "[",
                    " (",
                    " NP",
                    "-H",
                    "LN",
                    " (",
                    " JJ",
                    "R",
                    ".ttf",
                    "<|eot_id|>"
                ],
                "token_ids": [
                    58,
                    320,
                    44340,
                    11529,
                    51316,
                    320,
                    71140,
                    49,
                    46292,
                    128009
                ],
                "raw_logprob": -52.75,
                "cons_logprob": -16.559478759765625
            },
            "proposal": {
                "tokens": [
                    "[",
                    " (",
                    " NP",
                    "-H",
                    "LN",
                    " (",
                    " JJ",
                    "R",
                    ".getWidth",
                    "<|eot_id|>"
                ],
                "token_ids": [
                    58,
                    320,
                    44340,
                    11529,
                    51316,
                    320,
                    71140,
                    49,
                    31897,
                    128009
                ],
                "raw_logprob": -53.75,
                "cons_logprob": -16.559478759765625
            },
            "acceptance_prob": 0.36787944117144167,
            "accepted": true
        },
        {
            "current": {
                "tokens": [
                    "[",
                    " (",
                    " NP",
                    "-H",
                    "LN",
                    " (",
                    " JJ",
                    "R",
                    ".getWidth",
                    "<|eot_id|>"
                ],
                "token_ids": [
                    58,
                    320,
                    44340,
                    11529,
                    51316,
                    320,
                    71140,
                    49,
                    31897,
                    128009
                ],
                "raw_logprob": -53.75,
                "cons_logprob": -16.559478759765625
            },
            "proposal": {
                "tokens": [
                    "[",
                    " (",
                    " NP",
                    "-H",
                    "LN",
                    " (",
                    " JJ",
                    "R",
                    "-live",
                    "<|eot_id|>"
                ],
                "token_ids": [
                    58,
                    320,
                    44340,
                    11529,
                    51316,
                    320,
                    71140,
                    49,
                    74551,
                    128009
                ],
                "raw_logprob": -54.75,
                "cons_logprob": -16.559478759765625
            },
            "acceptance_prob": 0.36787944117144167,
            "accepted": false
        },
        {
            "current": {
                "tokens": [
                    "[",
                    " (",
                    " NP",
                    "-H",
                    "LN",
                    " (",
                    " JJ",
                    "R",
                    ".getWidth",
                    "<|eot_id|>"
                ],
                "token_ids": [
                    58,
                    320,
                    44340,
                    11529,
                    51316,
                    320,
                    71140,
                    49,
                    31897,
                    128009
                ],
                "raw_logprob": -53.75,
                "cons_logprob": -16.559478759765625
            },
            "proposal": {
                "tokens": [
                    "[",
                    " (",
                    " NP",
                    "-H",
                    "LN",
                    " (",
                    " JJ",
                    "R",
                    ".poi",
                    "<|eot_id|>"
                ],
                "token_ids": [
                    58,
                    320,
                    44340,
                    11529,
                    51316,
                    320,
                    71140,
                    49,
                    59444,
                    128009
                ],
                "raw_logprob": -61.0,
                "cons_logprob": -16.559478759765625
            },
            "acceptance_prob": 0.0007101743888425478,
            "accepted": false
        },
        {
            "current": {
                "tokens": [
                    "[",
                    " (",
                    " NP",
                    "-H",
                    "LN",
                    " (",
                    " JJ",
                    "R",
                    ".getWidth",
                    "<|eot_id|>"
                ],
                "token_ids": [
                    58,
                    320,
                    44340,
                    11529,
                    51316,
                    320,
                    71140,
                    49,
                    31897,
                    128009
                ],
                "raw_logprob": -53.75,
                "cons_logprob": -16.559478759765625
            },
            "proposal": {
                "tokens": [
                    "[",
                    " (",
                    " NP",
                    "-H",
                    "LN",
                    " (",
                    " JJ",
                    "R",
                    " Apprent",
                    "<|eot_id|>"
                ],
                "token_ids": [
                    58,
                    320,
                    44340,
                    11529,
                    51316,
                    320,
                    71140,
                    49,
                    69164,
                    128009
                ],
                "raw_logprob": -61.0,
                "cons_logprob": -16.559478759765625
            },
            "acceptance_prob": 0.0007101743888425478,
            "accepted": false
        },
        {
            "current": {
                "tokens": [
                    "[",
                    " (",
                    " NP",
                    "-H",
                    "LN",
                    " (",
                    " JJ",
                    "R",
                    ".getWidth",
                    "<|eot_id|>"
                ],
                "token_ids": [
                    58,
                    320,
                    44340,
                    11529,
                    51316,
                    320,
                    71140,
                    49,
                    31897,
                    128009
                ],
                "raw_logprob": -53.75,
                "cons_logprob": -16.559478759765625
            },
            "proposal": {
                "tokens": [
                    "[",
                    " (",
                    " NP",
                    "-H",
                    "LN",
                    " (",
                    " JJ",
                    "R",
                    ".recycle",
                    "<|eot_id|>"
                ],
                "token_ids": [
                    58,
                    320,
                    44340,
                    11529,
                    51316,
                    320,
                    71140,
                    49,
                    79167,
                    128009
                ],
                "raw_logprob": -53.0,