{
    "steps": [
        {
            "current": {
                "tokens": [
                    "[",
                    " (",
                    " NP",
                    " (",
                    " NN",
                    "S",
                    "API",
                    "<|eot_id|>"
                ],
                "token_ids": [
                    58,
                    320,
                    44340,
                    320,
                    45778,
                    50,
                    7227,
                    128009
                ],
                "raw_logprob": -58.75,
                "cons_logprob": -16.604284286499023
            },
            "proposal": {
                "tokens": [
                    "[",
                    " (",
                    " NP",
                    " (",
                    " NN",
                    "S",
                    "\u30bb\u30f3\u30bf\u30fc",
                    "<|eot_id|>"
                ],
                "token_ids": [
                    58,
                    320,
                    44340,
                    320,
                    45778,
                    50,
                    120690,
                    128009
                ],
                "raw_logprob": -57.25,
                "cons_logprob": -16.604284286499023
            },
            "acceptance_prob": 1,
            "accepted": true
        },
        {
            "current": {
                "tokens": [
                    "[",
                    " (",
                    " NP",
                    " (",
                    " NN",
                    "S",
                    "\u30bb\u30f3\u30bf\u30fc",
                    "<|eot_id|>"
                ],
                "token_ids": [
                    58,
                    320,
                    44340,
                    320,
                    45778,
                    50,
                    120690,
                    128009
                ],
                "raw_logprob": -57.25,
                "cons_logprob": -16.604284286499023
            },
            "proposal": {
                "tokens": [
                    "[",
                    " (",
                    " NP",
                    " (",
                    " NN",
                    "S",
                    "\ud2b9\ubcc4\uc2dc",
                    "<|eot_id|>"
                ],
                "token_ids": [
                    58,
                    320,
                    44340,
                    320,
                    45778,
                    50,
                    124658,
                    128009
                ],
                "raw_logprob": -56.75,
                "cons_logprob": -16.604284286499023
            },
            "acceptance_prob": 1,
            "accepted": true
        },
        {
            "current": {
                "tokens": [
                    "[",
                    " (",
                    " NP",
                    " (",
                    " NN",
                    "S",
                    "\ud2b9\ubcc4\uc2dc",
                    "<|eot_id|>"
                ],
                "token_ids": [
                    58,
                    320,
                    44340,
                    320,
                    45778,
                    50,
                    124658,
                    128009
                ],
                "raw_logprob": -56.75,
                "cons_logprob": -16.604284286499023
            },
            "proposal": {
                "tokens": [
                    "[",
                    " (",
                    " NP",
                    " (",
                    " NN",
                    "S",
                    "\tctrl",
                    "<|eot_id|>"
                ],
                "token_ids": [
                    58,
                    320,
                    44340,
                    320,
                    45778,
                    50,
                    85481,
                    128009
                ],
                "raw_logprob": -55.25,
                "cons_logprob": -16.604284286499023
            },
            "acceptance_prob": 1,
            "accepted": true
        },
        {
            "current": {
                "tokens": [
                    "[",
                    " (",
                    " NP",
                    " (",
                    " NN",
                    "S",
                    "\tctrl",
                    "<|eot_id|>"
                ],
                "token_ids": [
                    58,
                    320,
                    44340,
                    320,
                    45778,
                    50,
                    85481,
                    128009
                ],
                "raw_logprob": -55.25,
                "cons_logprob": -16.604284286499023
            },
            "proposal": {
                "tokens": [
                    "[",
                    " (",
                    " NP",
                    " (",
                    " NN",
                    "S",
                    " Ab",
                    "<|eot_id|>"
                ],
                "token_ids": [
                    58,
                    320,
                    44340,
                    320,
                    45778,
                    50,
                    3765,
                    128009
                ],
                "raw_logprob": -52.5,
                "cons_logprob": -16.604284286499023
            },
            "acceptance_prob": 1,
            "accepted": true
        },
        {
            "current": {
                "tokens": [
                    "[",
                    " (",
                    " NP",
                    " (",
                    " NN",
                    "S",
                    " Ab",
                    "<|eot_id|>"
                ],
                "token_ids": [
                    58,
                    320,
                    44340,
                    320,
                    45778,
                    50,
                    3765,
                    128009
                ],
                "raw_logprob": -52.5,
                "cons_logprob": -16.604284286499023
            },
            "proposal": {
                "tokens": [
                    "[",
                    " (",
                    " NP",
                    " (",
                    " NN",
                    "S",
                    "=S",
                    "<|eot_id|>"
                ],
                "token_ids": [
                    58,
                    320,
                    44340,
                    320,
                    45778,
                    50,
                    73296,
                    128009
                ],
                "raw_logprob": -55.0,
                "cons_logprob": -16.604284286499023
            },
            "acceptance_prob": 0.08208499862389938,
            "accepted": false
        },
        {
            "current": {
                "tokens": [
                    "[",
                    " (",
                    " NP",
                    " (",
                    " NN",
                    "S",
                    " Ab",
                    "<|eot_id|>"
                ],
                "token_ids": [
                    58,
                    320,
                    44340,
                    320,
                    45778,
                    50,
                    3765,
                    128009
                ],
                "raw_logprob": -52.5,
                "cons_logprob": -16.604284286499023
            },