{
    "steps": [
        {
            "current": {
                "tokens": [
                    "[",
                    " (",
                    " NP",
                    "-H",
                    "LN",
                    " (",
                    " NN",
                    "P",
                    "S",
                    "_VLAN",
                    "<|eot_id|>"
                ],
                "token_ids": [
                    58,
                    320,
                    44340,
                    11529,
                    51316,
                    320,
                    45778,
                    47,
                    50,
                    94589,
                    128009
                ],
                "raw_logprob": -75.5,
                "cons_logprob": -12.813074111938477
            },
            "proposal": {
                "tokens": [
                    "[",
                    " (",
                    " NP",
                    "-H",
                    "LN",
                    " (",
                    " NN",
                    "P",
                    "S",
                    "\u043e\u043b\u044c\u0437\u043e\u0432",
                    "<|eot_id|>"
                ],
                "token_ids": [
                    58,
                    320,
                    44340,
                    11529,
                    51316,
                    320,
                    45778,
                    47,
                    50,
                    33295,
                    128009
                ],
                "raw_logprob": -73.0,
                "cons_logprob": -12.813074111938477
            },
            "acceptance_prob": 1,
            "accepted": true
        },
        {
            "current": {
                "tokens": [
                    "[",
                    " (",
                    " NP",
                    "-H",
                    "LN",
                    " (",
                    " NN",
                    "P",
                    "S",
                    "\u043e\u043b\u044c\u0437\u043e\u0432",
                    "<|eot_id|>"
                ],
                "token_ids": [
                    58,
                    320,
                    44340,
                    11529,
                    51316,
                    320,
                    45778,
                    47,
                    50,
                    33295,
                    128009
                ],
                "raw_logprob": -73.0,
                "cons_logprob": -12.813074111938477
            },
            "proposal": {
                "tokens": [
                    "[",
                    " (",
                    " NP",
                    "-H",
                    "LN",
                    " (",
                    " NN",
                    "P",
                    "S",
                    " ACS",
                    "<|eot_id|>"
                ],
                "token_ids": [
                    58,
                    320,
                    44340,
                    11529,
                    51316,
                    320,
                    45778,
                    47,
                    50,
                    79184,
                    128009
                ],
                "raw_logprob": -71.0,
                "cons_logprob": -12.813074111938477
            },
            "acceptance_prob": 1,
            "accepted": true
        },
        {
            "current": {
                "tokens": [
                    "[",
                    " (",
                    " NP",
                    "-H",
                    "LN",
                    " (",
                    " NN",
                    "P",
                    "S",
                    " ACS",
                    "<|eot_id|>"
                ],
                "token_ids": [
                    58,
                    320,
                    44340,
                    11529,
                    51316,
                    320,
                    45778,
                    47,
                    50,
                    79184,
                    128009
                ],
                "raw_logprob": -71.0,
                "cons_logprob": -12.813074111938477
            },
            "proposal": {
                "tokens": [
                    "[",
                    " (",
                    " NP",
                    "-H",
                    "LN",
                    " (",
                    " NN",
                    "P",
                    "S",
                    " Critical",
                    "<|eot_id|>"
                ],
                "token_ids": [
                    58,
                    320,
                    44340,
                    11529,
                    51316,
                    320,
                    45778,
                    47,
                    50,
                    35761,
                    128009
                ],
                "raw_logprob": -71.5,
                "cons_logprob": -12.813074111938477
            },
            "acceptance_prob": 0.6065306597126291,
            "accepted": true
        },
        {
            "current": {
                "tokens": [
                    "[",
                    " (",
                    " NP",
                    "-H",
                    "LN",
                    " (",
                    " NN",
                    "P",
                    "S",
                    " Critical",
                    "<|eot_id|>"
                ],
                "token_ids": [
                    58,
                    320,
                    44340,
                    11529,
                    51316,
                    320,
                    45778,
                    47,
                    50,
                    35761,
                    128009
                ],
                "raw_logprob": -71.5,
                "cons_logprob": -12.813074111938477
            },
            "proposal": {
                "tokens": [
                    "[",
                    " (",
                    " NP",
                    "-H",
                    "LN",
                    " (",
                    " NN",
                    "P",
                    "S",
                    "stor",
                    "<|eot_id|>"
                ],
                "token_ids": [
                    58,
                    320,
                    44340,
                    11529,
                    51316,
                    320,
                    45778,
                    47,
                    50,
                    48465,
                    128009
                ],
                "raw_logprob": -71.5,
                "cons_logprob": -12.813074111938477
            },
            "acceptance_prob": 0.9999999999999929,
            "accepted": true
        },
        {
            "current": {
                "tokens": [
                    "[",
                    " (",
                    " NP",
                    "-H",
                    "LN",
                    " (",
                    " NN",
                    "P",
                    "S",
                    "stor",
                    "<|eot_id|>"
                ],
                "token_ids": [
                    58,
                    320,
                    44340,
                    11529,
                    51316,
                    320,
                    45778,
                    47,
                    50,
                    48465,
                    128009
                ],
                "raw_logprob": -71.5,
                "cons_logprob": -12.813074111938477
            },