{
    "steps": [
        {
            "current": {
                "tokens": [
                    "[",
                    " (",
                    " NP",
                    "-H",
                    "LN",
                    " (",
                    " NN",
                    "P",
                    "S",
                    ".listeners",
                    "<|eot_id|>"
                ],
                "token_ids": [
                    58,
                    320,
                    44340,
                    11529,
                    51316,
                    320,
                    45778,
                    47,
                    50,
                    75398,
                    128009
                ],
                "raw_logprob": -74.0,
                "cons_logprob": -12.813074111938477
            },
            "proposal": {
                "tokens": [
                    "[",
                    " (",
                    " NP",
                    "-H",
                    "LN",
                    " (",
                    " NN",
                    "P",
                    "S",
                    " nghi",
                    "<|eot_id|>"
                ],
                "token_ids": [
                    58,
                    320,
                    44340,
                    11529,
                    51316,
                    320,
                    45778,
                    47,
                    50,
                    116653,
                    128009
                ],
                "raw_logprob": -72.5,
                "cons_logprob": -12.813074111938477
            },
            "acceptance_prob": 1,
            "accepted": true
        },
        {
            "current": {
                "tokens": [
                    "[",
                    " (",
                    " NP",
                    "-H",
                    "LN",
                    " (",
                    " NN",
                    "P",
                    "S",
                    " nghi",
                    "<|eot_id|>"
                ],
                "token_ids": [
                    58,
                    320,
                    44340,
                    11529,
                    51316,
                    320,
                    45778,
                    47,
                    50,
                    116653,
                    128009
                ],
                "raw_logprob": -72.5,
                "cons_logprob": -12.813074111938477
            },
            "proposal": {
                "tokens": [
                    "[",
                    " (",
                    " NP",
                    "-H",
                    "LN",
                    " (",
                    " NN",
                    "P",
                    "S",
                    "walls",
                    "<|eot_id|>"
                ],
                "token_ids": [
                    58,
                    320,
                    44340,
                    11529,
                    51316,
                    320,
                    45778,
                    47,
                    50,
                    87396,
                    128009
                ],
                "raw_logprob": -72.5,
                "cons_logprob": -12.813074111938477
            },
            "acceptance_prob": 0.9999999999999929,
            "accepted": true
        },
        {
            "current": {
                "tokens": [
                    "[",
                    " (",
                    " NP",
                    "-H",
                    "LN",
                    " (",
                    " NN",
                    "P",
                    "S",
                    "walls",
                    "<|eot_id|>"
                ],
                "token_ids": [
                    58,
                    320,
                    44340,
                    11529,
                    51316,
                    320,
                    45778,
                    47,
                    50,
                    87396,
                    128009
                ],
                "raw_logprob": -72.5,
                "cons_logprob": -12.813074111938477
            },
            "proposal": {
                "tokens": [
                    "[",
                    " (",
                    " NP",
                    "-H",
                    "LN",
                    " (",
                    " NN",
                    "P",
                    "S",
                    ".UNRELATED",
                    "<|eot_id|>"
                ],
                "token_ids": [
                    58,
                    320,
                    44340,
                    11529,
                    51316,
                    320,
                    45778,
                    47,
                    50,
                    81936,
                    128009
                ],
                "raw_logprob": -66.5,
                "cons_logprob": -12.813074111938477
            },
            "acceptance_prob": 1,
            "accepted": true
        },
        {
            "current": {
                "tokens": [
                    "[",
                    " (",
                    " NP",
                    "-H",
                    "LN",
                    " (",
                    " NN",
                    "P",
                    "S",
                    ".UNRELATED",
                    "<|eot_id|>"
                ],
                "token_ids": [
                    58,
                    320,
                    44340,
                    11529,
                    51316,
                    320,
                    45778,
                    47,
                    50,
                    81936,
                    128009
                ],
                "raw_logprob": -66.5,
                "cons_logprob": -12.813074111938477
            },
            "proposal": {
                "tokens": [
                    "[",
                    " (",
                    " NP",
                    "-H",
                    "LN",
                    " (",
                    " NN",
                    "P",
                    "S",
                    ".Valid",
                    "<|eot_id|>"
                ],
                "token_ids": [
                    58,
                    320,
                    44340,
                    11529,
                    51316,
                    320,
                    45778,
                    47,
                    50,
                    48256,
                    128009
                ],
                "raw_logprob": -74.5,
                "cons_logprob": -12.813074111938477
            },
            "acceptance_prob": 0.00033546262790250947,
            "accepted": false
        },
        {
            "current": {
                "tokens": [
                    "[",
                    " (",
                    " NP",
                    "-H",
                    "LN",
                    " (",
                    " NN",
                    "P",
                    "S",
                    ".UNRELATED",
                    "<|eot_id|>"
                ],
                "token_ids": [
                    58,
                    320,
                    44340,
                    11529,
                    51316,
                    320,
                    45778,
                    47,
                    50,
                    81936,
                    128009
                ],
                "raw_logprob": -66.5,
                "cons_logprob": -12.813074111938477
            },