{
    "steps": [
        {
            "current": {
                "tokens": [
                    "[",
                    " (",
                    " NP",
                    "-H",
                    "LN",
                    " (",
                    " N",
                    "NP",
                    "S",
                    " sever",
                    "<|eot_id|>"
                ],
                "token_ids": [
                    58,
                    320,
                    44340,
                    11529,
                    51316,
                    320,
                    452,
                    27321,
                    50,
                    3285,
                    128009
                ],
                "raw_logprob": -63.75,
                "cons_logprob": -16.235477447509766
            },
            "proposal": {
                "tokens": [
                    "[",
                    " (",
                    " NP",
                    "-H",
                    "LN",
                    " (",
                    " N",
                    "NP",
                    "S",
                    " ak",
                    "<|eot_id|>"
                ],
                "token_ids": [
                    58,
                    320,
                    44340,
                    11529,
                    51316,
                    320,
                    452,
                    27321,
                    50,
                    17774,
                    128009
                ],
                "raw_logprob": -63.5,
                "cons_logprob": -16.235477447509766
            },
            "acceptance_prob": 1,
            "accepted": true
        },
        {
            "current": {
                "tokens": [
                    "[",
                    " (",
                    " NP",
                    "-H",
                    "LN",
                    " (",
                    " N",
                    "NP",
                    "S",
                    " ak",
                    "<|eot_id|>"
                ],
                "token_ids": [
                    58,
                    320,
                    44340,
                    11529,
                    51316,
                    320,
                    452,
                    27321,
                    50,
                    17774,
                    128009
                ],
                "raw_logprob": -63.5,
                "cons_logprob": -16.235477447509766
            },
            "proposal": {
                "tokens": [
                    "[",
                    " (",
                    " NP",
                    "-H",
                    "LN",
                    " (",
                    " N",
                    "NP",
                    "S",
                    " permutation",
                    "<|eot_id|>"
                ],
                "token_ids": [
                    58,
                    320,
                    44340,
                    11529,
                    51316,
                    320,
                    452,
                    27321,
                    50,
                    59541,
                    128009
                ],
                "raw_logprob": -61.5,
                "cons_logprob": -16.235477447509766
            },
            "acceptance_prob": 1,
            "accepted": true
        },
        {
            "current": {
                "tokens": [
                    "[",
                    " (",
                    " NP",
                    "-H",
                    "LN",
                    " (",
                    " N",
                    "NP",
                    "S",
                    " permutation",
                    "<|eot_id|>"
                ],
                "token_ids": [
                    58,
                    320,
                    44340,
                    11529,
                    51316,
                    320,
                    452,
                    27321,
                    50,
                    59541,
                    128009
                ],
                "raw_logprob": -61.5,
                "cons_logprob": -16.235477447509766
            },
            "proposal": {
                "tokens": [
                    "[",
                    " (",
                    " NP",
                    "-H",
                    "LN",
                    " (",
                    " N",
                    "NP",
                    "S",
                    "_pull",
                    "<|eot_id|>"
                ],
                "token_ids": [
                    58,
                    320,
                    44340,
                    11529,
                    51316,
                    320,
                    452,
                    27321,
                    50,
                    66793,
                    128009
                ],
                "raw_logprob": -61.75,
                "cons_logprob": -16.235477447509766
            },
            "acceptance_prob": 0.7788007830714077,
            "accepted": true
        },
        {
            "current": {
                "tokens": [
                    "[",
                    " (",
                    " NP",
                    "-H",
                    "LN",
                    " (",
                    " N",
                    "NP",
                    "S",
                    "_pull",
                    "<|eot_id|>"
                ],
                "token_ids": [
                    58,
                    320,
                    44340,
                    11529,
                    51316,
                    320,
                    452,
                    27321,
                    50,
                    66793,
                    128009
                ],
                "raw_logprob": -61.75,
                "cons_logprob": -16.235477447509766
            },
            "proposal": {
                "tokens": [
                    "[",
                    " (",
                    " NP",
                    "-H",
                    "LN",
                    " (",
                    " N",
                    "NP",
                    "S",
                    " Jah",
                    "<|eot_id|>"
                ],
                "token_ids": [
                    58,
                    320,
                    44340,
                    11529,
                    51316,
                    320,
                    452,
                    27321,
                    50,
                    35724,
                    128009
                ],
                "raw_logprob": -58.25,
                "cons_logprob": -16.235477447509766
            },
            "acceptance_prob": 1,
            "accepted": true
        },
        {
            "current": {
                "tokens": [
                    "[",
                    " (",
                    " NP",
                    "-H",
                    "LN",
                    " (",
                    " N",
                    "NP",
                    "S",
                    " Jah",
                    "<|eot_id|>"
                ],
                "token_ids": [
                    58,
                    320,
                    44340,
                    11529,
                    51316,
                    320,
                    452,
                    27321,
                    50,
                    35724,
                    128009
                ],
                "raw_logprob": -58.25,
                "cons_logprob": -16.235477447509766
            },