{
    "steps": [
        {
            "current": {
                "tokens": [
                    "[",
                    " (",
                    " NP",
                    "-H",
                    "LN",
                    " (",
                    " JJ",
                    "R",
                    "pression",
                    "<|eot_id|>"
                ],
                "token_ids": [
                    58,
                    320,
                    44340,
                    11529,
                    51316,
                    320,
                    71140,
                    49,
                    4099,
                    128009
                ],
                "raw_logprob": -55.0,
                "cons_logprob": -16.559478759765625
            },
            "proposal": {
                "tokens": [
                    "[",
                    " (",
                    " NP",
                    "-H",
                    "LN",
                    " (",
                    " JJ",
                    "R",
                    " passed",
                    "<|eot_id|>"
                ],
                "token_ids": [
                    58,
                    320,
                    44340,
                    11529,
                    51316,
                    320,
                    71140,
                    49,
                    5946,
                    128009
                ],
                "raw_logprob": -54.25,
                "cons_logprob": -16.559478759765625
            },
            "acceptance_prob": 1,
            "accepted": true
        },
        {
            "current": {
                "tokens": [
                    "[",
                    " (",
                    " NP",
                    "-H",
                    "LN",
                    " (",
                    " JJ",
                    "R",
                    " passed",
                    "<|eot_id|>"
                ],
                "token_ids": [
                    58,
                    320,
                    44340,
                    11529,
                    51316,
                    320,
                    71140,
                    49,
                    5946,
                    128009
                ],
                "raw_logprob": -54.25,
                "cons_logprob": -16.559478759765625
            },
            "proposal": {
                "tokens": [
                    "[",
                    " (",
                    " NP",
                    "-H",
                    "LN",
                    " (",
                    " JJ",
                    "R",
                    "JavaScript",
                    "<|eot_id|>"
                ],
                "token_ids": [
                    58,
                    320,
                    44340,
                    11529,
                    51316,
                    320,
                    71140,
                    49,
                    30575,
                    128009
                ],
                "raw_logprob": -50.75,
                "cons_logprob": -16.559478759765625
            },
            "acceptance_prob": 1,
            "accepted": true
        },
        {
            "current": {
                "tokens": [
                    "[",
                    " (",
                    " NP",
                    "-H",
                    "LN",
                    " (",
                    " JJ",
                    "R",
                    "JavaScript",
                    "<|eot_id|>"
                ],
                "token_ids": [
                    58,
                    320,
                    44340,
                    11529,
                    51316,
                    320,
                    71140,
                    49,
                    30575,
                    128009
                ],
                "raw_logprob": -50.75,
                "cons_logprob": -16.559478759765625
            },
            "proposal": {
                "tokens": [
                    "[",
                    " (",
                    " NP",
                    "-H",
                    "LN",
                    " (",
                    " JJ",
                    "R",
                    " gram",
                    "<|eot_id|>"
                ],
                "token_ids": [
                    58,
                    320,
                    44340,
                    11529,
                    51316,
                    320,
                    71140,
                    49,
                    23882,
                    128009
                ],
                "raw_logprob": -55.75,
                "cons_logprob": -16.559478759765625
            },
            "acceptance_prob": 0.006737946999085455,
            "accepted": false
        },
        {
            "current": {
                "tokens": [
                    "[",
                    " (",
                    " NP",
                    "-H",
                    "LN",
                    " (",
                    " JJ",
                    "R",
                    "JavaScript",
                    "<|eot_id|>"
                ],
                "token_ids": [
                    58,
                    320,
                    44340,
                    11529,
                    51316,
                    320,
                    71140,
                    49,
                    30575,
                    128009
                ],
                "raw_logprob": -50.75,
                "cons_logprob": -16.559478759765625
            },
            "proposal": {
                "tokens": [
                    "[",
                    " (",
                    " NP",
                    "-H",
                    "LN",
                    " (",
                    " JJ",
                    "R",
                    "straint",
                    "<|eot_id|>"
                ],
                "token_ids": [
                    58,
                    320,
                    44340,
                    11529,
                    51316,
                    320,
                    71140,
                    49,
                    4759,
                    128009
                ],
                "raw_logprob": -53.75,
                "cons_logprob": -16.559478759765625
            },
            "acceptance_prob": 0.049787068367863854,
            "accepted": false
        },
        {
            "current": {
                "tokens": [
                    "[",
                    " (",
                    " NP",
                    "-H",
                    "LN",
                    " (",
                    " JJ",
                    "R",
                    "JavaScript",
                    "<|eot_id|>"
                ],
                "token_ids": [
                    58,
                    320,
                    44340,
                    11529,
                    51316,
                    320,
                    71140,
                    49,
                    30575,
                    128009
                ],
                "raw_logprob": -50.75,
                "cons_logprob": -16.559478759765625
            },
            "proposal": {
                "tokens": [
                    "[",
                    " (",
                    " NP",
                    "-H",
                    "LN",
                    " (",
                    " JJ",
                    "R",
                    "_particles",
                    "<|eot_id|>"
                ],
                "token_ids": [
                    58,
                    320,
                    44340,
                    11529,
                    51316,
                    320,
                    71140,
                    49,
                    68660,
                    128009
                ],
                "raw_logprob": -56.75,