{
    "steps": [
        {
            "current": {
                "tokens": [
                    "[",
                    " (",
                    " NP",
                    "-H",
                    "LN",
                    " (",
                    " NN",
                    "P",
                    "S",
                    " Rankings",
                    "<|eot_id|>"
                ],
                "token_ids": [
                    58,
                    320,
                    44340,
                    11529,
                    51316,
                    320,
                    45778,
                    47,
                    50,
                    83899,
                    128009
                ],
                "raw_logprob": -71.0,
                "cons_logprob": -12.813074111938477
            },
            "proposal": {
                "tokens": [
                    "[",
                    " (",
                    " NP",
                    "-H",
                    "LN",
                    " (",
                    " NN",
                    "P",
                    "S",
                    " nah",
                    "<|eot_id|>"
                ],
                "token_ids": [
                    58,
                    320,
                    44340,
                    11529,
                    51316,
                    320,
                    45778,
                    47,
                    50,
                    70017,
                    128009
                ],
                "raw_logprob": -68.0,
                "cons_logprob": -12.813074111938477
            },
            "acceptance_prob": 1,
            "accepted": true
        },
        {
            "current": {
                "tokens": [
                    "[",
                    " (",
                    " NP",
                    "-H",
                    "LN",
                    " (",
                    " NN",
                    "P",
                    "S",
                    " nah",
                    "<|eot_id|>"
                ],
                "token_ids": [
                    58,
                    320,
                    44340,
                    11529,
                    51316,
                    320,
                    45778,
                    47,
                    50,
                    70017,
                    128009
                ],
                "raw_logprob": -68.0,
                "cons_logprob": -12.813074111938477
            },
            "proposal": {
                "tokens": [
                    "[",
                    " (",
                    " NP",
                    "-H",
                    "LN",
                    " (",
                    " NN",
                    "P",
                    "S",
                    " gaz",
                    "<|eot_id|>"
                ],
                "token_ids": [
                    58,
                    320,
                    44340,
                    11529,
                    51316,
                    320,
                    45778,
                    47,
                    50,
                    56086,
                    128009
                ],
                "raw_logprob": -75.5,
                "cons_logprob": -12.813074111938477
            },
            "acceptance_prob": 0.0005530843701478296,
            "accepted": false
        },
        {
            "current": {
                "tokens": [
                    "[",
                    " (",
                    " NP",
                    "-H",
                    "LN",
                    " (",
                    " NN",
                    "P",
                    "S",
                    " nah",
                    "<|eot_id|>"
                ],
                "token_ids": [
                    58,
                    320,
                    44340,
                    11529,
                    51316,
                    320,
                    45778,
                    47,
                    50,
                    70017,
                    128009
                ],
                "raw_logprob": -68.0,
                "cons_logprob": -12.813074111938477
            },
            "proposal": {
                "tokens": [
                    "[",
                    " (",
                    " NP",
                    "-H",
                    "LN",
                    " (",
                    " NN",
                    "P",
                    "S",
                    " specialised",
                    "<|eot_id|>"
                ],
                "token_ids": [
                    58,
                    320,
                    44340,
                    11529,
                    51316,
                    320,
                    45778,
                    47,
                    50,
                    89004,
                    128009
                ],
                "raw_logprob": -70.5,
                "cons_logprob": -12.813074111938477
            },
            "acceptance_prob": 0.08208499862389822,
            "accepted": false
        },
        {
            "current": {
                "tokens": [
                    "[",
                    " (",
                    " NP",
                    "-H",
                    "LN",
                    " (",
                    " NN",
                    "P",
                    "S",
                    " nah",
                    "<|eot_id|>"
                ],
                "token_ids": [
                    58,
                    320,
                    44340,
                    11529,
                    51316,
                    320,
                    45778,
                    47,
                    50,
                    70017,
                    128009
                ],
                "raw_logprob": -68.0,
                "cons_logprob": -12.813074111938477
            },
            "proposal": {
                "tokens": [
                    "[",
                    " (",
                    " NP",
                    "-H",
                    "LN",
                    " (",
                    " NN",
                    "P",
                    "S",
                    "(runtime",
                    "<|eot_id|>"
                ],
                "token_ids": [
                    58,
                    320,
                    44340,
                    11529,
                    51316,
                    320,
                    45778,
                    47,
                    50,
                    90567,
                    128009
                ],
                "raw_logprob": -76.0,
                "cons_logprob": -12.813074111938477
            },
            "acceptance_prob": 0.00033546262790250947,
            "accepted": false
        },
        {
            "current": {
                "tokens": [
                    "[",
                    " (",
                    " NP",
                    "-H",
                    "LN",
                    " (",
                    " NN",
                    "P",
                    "S",
                    " nah",
                    "<|eot_id|>"
                ],
                "token_ids": [
                    58,
                    320,
                    44340,
                    11529,
                    51316,
                    320,
                    45778,
                    47,
                    50,
                    70017,
                    128009
                ],
                "raw_logprob": -68.0,
                "cons_logprob": -12.813074111938477
            },