{
    "steps": [
        {
            "current": {
                "tokens": [
                    "[",
                    " ",
                    "(",
                    " NP",
                    "-H",
                    "LN",
                    " ",
                    "(",
                    " NN",
                    "S",
                    "\u0159ez",
                    "<|eot_id|>"
                ],
                "token_ids": [
                    58,
                    220,
                    7,
                    44340,
                    11529,
                    51316,
                    220,
                    7,
                    45778,
                    50,
                    107910,
                    128009
                ],
                "raw_logprob": -102.0,
                "cons_logprob": -22.201313018798828
            },
            "proposal": {
                "tokens": [
                    "[",
                    " ",
                    "(",
                    " NP",
                    "-H",
                    "LN",
                    " ",
                    "(",
                    " NN",
                    "S",
                    " \u6f14",
                    "<|eot_id|>"
                ],
                "token_ids": [
                    58,
                    220,
                    7,
                    44340,
                    11529,
                    51316,
                    220,
                    7,
                    45778,
                    50,
                    118344,
                    128009
                ],
                "raw_logprob": -104.0,
                "cons_logprob": -22.201313018798828
            },
            "acceptance_prob": 0.13533528323661342,
            "accepted": false
        },
        {
            "current": {
                "tokens": [
                    "[",
                    " ",
                    "(",
                    " NP",
                    "-H",
                    "LN",
                    " ",
                    "(",
                    " NN",
                    "S",
                    "\u0159ez",
                    "<|eot_id|>"
                ],
                "token_ids": [
                    58,
                    220,
                    7,
                    44340,
                    11529,
                    51316,
                    220,
                    7,
                    45778,
                    50,
                    107910,
                    128009
                ],
                "raw_logprob": -102.0,
                "cons_logprob": -22.201313018798828
            },
            "proposal": {
                "tokens": [
                    "[",
                    " ",
                    "(",
                    " NP",
                    "-H",
                    "LN",
                    " ",
                    "(",
                    " NN",
                    "S",
                    " severed",
                    "<|eot_id|>"
                ],
                "token_ids": [
                    58,
                    220,
                    7,
                    44340,
                    11529,
                    51316,
                    220,
                    7,
                    45778,
                    50,
                    84450,
                    128009
                ],
                "raw_logprob": -97.5,
                "cons_logprob": -22.201313018798828
            },
            "acceptance_prob": 1,
            "accepted": true
        },
        {
            "current": {
                "tokens": [
                    "[",
                    " ",
                    "(",
                    " NP",
                    "-H",
                    "LN",
                    " ",
                    "(",
                    " NN",
                    "S",
                    " severed",
                    "<|eot_id|>"
                ],
                "token_ids": [
                    58,
                    220,
                    7,
                    44340,
                    11529,
                    51316,
                    220,
                    7,
                    45778,
                    50,
                    84450,
                    128009
                ],
                "raw_logprob": -97.5,
                "cons_logprob": -22.201313018798828
            },
            "proposal": {
                "tokens": [
                    "[",
                    " ",
                    "(",
                    " NP",
                    "-H",
                    "LN",
                    " ",
                    "(",
                    " NN",
                    "S",
                    "acao",
                    "<|eot_id|>"
                ],
                "token_ids": [
                    58,
                    220,
                    7,
                    44340,
                    11529,
                    51316,
                    220,
                    7,
                    45778,
                    50,
                    15459,
                    128009
                ],
                "raw_logprob": -104.5,
                "cons_logprob": -22.201313018798828
            },
            "acceptance_prob": 0.000911881965554521,
            "accepted": false
        },
        {
            "current": {
                "tokens": [
                    "[",
                    " ",
                    "(",
                    " NP",
                    "-H",
                    "LN",
                    " ",
                    "(",
                    " NN",
                    "S",
                    " severed",
                    "<|eot_id|>"
                ],
                "token_ids": [
                    58,
                    220,
                    7,
                    44340,
                    11529,
                    51316,
                    220,
                    7,
                    45778,
                    50,
                    84450,
                    128009
                ],
                "raw_logprob": -97.5,
                "cons_logprob": -22.201313018798828
            },
            "proposal": {
                "tokens": [
                    "[",
                    " ",
                    "(",
                    " NP",
                    "-H",
                    "LN",
                    " ",
                    "(",
                    " NN",
                    "S",
                    "\u03a4\u03bf",
                    "<|eot_id|>"
                ],
                "token_ids": [
                    58,
                    220,
                    7,
                    44340,
                    11529,
                    51316,
                    220,
                    7,
                    45778,
                    50,
                    108141,
                    128009
                ],
                "raw_logprob": -101.5,
                "cons_logprob": -22.201313018798828
            },
            "acceptance_prob": 0.01831563888873428,
            "accepted": false
        },
        {
            "current": {
                "tokens": [
                    "[",
                    " ",
                    "(",
                    " NP",
                    "-H",
                    "LN",
                    " ",
                    "(",
                    " NN",
                    "S",
                    " severed",
                    "<|eot_id|>"
                ],