{
    "steps": [
        {
            "current": {
                "tokens": [
                    "[",
                    " (",
                    " ",
                    "NP",
                    "-H",
                    "LN",
                    " (",
                    " JJ",
                    "R",
                    " \u0627\u0645\u0627\u0645",
                    "<|eot_id|>"
                ],
                "token_ids": [
                    58,
                    320,
                    220,
                    27321,
                    11529,
                    51316,
                    320,
                    71140,
                    49,
                    106265,
                    128009
                ],
                "raw_logprob": -65.5,
                "cons_logprob": -21.678789138793945
            },
            "proposal": {
                "tokens": [
                    "[",
                    " (",
                    " ",
                    "NP",
                    "-H",
                    "LN",
                    " (",
                    " JJ",
                    "R",
                    ".Evaluate",
                    "<|eot_id|>"
                ],
                "token_ids": [
                    58,
                    320,
                    220,
                    27321,
                    11529,
                    51316,
                    320,
                    71140,
                    49,
                    89743,
                    128009
                ],
                "raw_logprob": -66.5,
                "cons_logprob": -21.678789138793945
            },
            "acceptance_prob": 0.3678794411714436,
            "accepted": false
        },
        {
            "current": {
                "tokens": [
                    "[",
                    " (",
                    " ",
                    "NP",
                    "-H",
                    "LN",
                    " (",
                    " JJ",
                    "R",
                    " \u0627\u0645\u0627\u0645",
                    "<|eot_id|>"
                ],
                "token_ids": [
                    58,
                    320,
                    220,
                    27321,
                    11529,
                    51316,
                    320,
                    71140,
                    49,
                    106265,
                    128009
                ],
                "raw_logprob": -65.5,
                "cons_logprob": -21.678789138793945
            },
            "proposal": {
                "tokens": [
                    "[",
                    " (",
                    " ",
                    "NP",
                    "-H",
                    "LN",
                    " (",
                    " JJ",
                    "R",
                    "\u4e0b\u53bb",
                    "<|eot_id|>"
                ],
                "token_ids": [
                    58,
                    320,
                    220,
                    27321,
                    11529,
                    51316,
                    320,
                    71140,
                    49,
                    123322,
                    128009
                ],
                "raw_logprob": -63.75,
                "cons_logprob": -21.678789138793945
            },
            "acceptance_prob": 1,
            "accepted": true
        },
        {
            "current": {
                "tokens": [
                    "[",
                    " (",
                    " ",
                    "NP",
                    "-H",
                    "LN",
                    " (",
                    " JJ",
                    "R",
                    "\u4e0b\u53bb",
                    "<|eot_id|>"
                ],
                "token_ids": [
                    58,
                    320,
                    220,
                    27321,
                    11529,
                    51316,
                    320,
                    71140,
                    49,
                    123322,
                    128009
                ],
                "raw_logprob": -63.75,
                "cons_logprob": -21.678789138793945
            },
            "proposal": {
                "tokens": [
                    "[",
                    " (",
                    " ",
                    "NP",
                    "-H",
                    "LN",
                    " (",
                    " JJ",
                    "R",
                    "\u0e4c\u0e08",
                    "<|eot_id|>"
                ],
                "token_ids": [
                    58,
                    320,
                    220,
                    27321,
                    11529,
                    51316,
                    320,
                    71140,
                    49,
                    120668,
                    128009
                ],
                "raw_logprob": -66.0,
                "cons_logprob": -21.678789138793945
            },
            "acceptance_prob": 0.10539922456186471,
            "accepted": true
        },
        {
            "current": {
                "tokens": [
                    "[",
                    " (",
                    " ",
                    "NP",
                    "-H",
                    "LN",
                    " (",
                    " JJ",
                    "R",
                    "\u0e4c\u0e08",
                    "<|eot_id|>"
                ],
                "token_ids": [
                    58,
                    320,
                    220,
                    27321,
                    11529,
                    51316,
                    320,
                    71140,
                    49,
                    120668,
                    128009
                ],
                "raw_logprob": -66.0,
                "cons_logprob": -21.678789138793945
            },
            "proposal": {
                "tokens": [
                    "[",
                    " (",
                    " ",
                    "NP",
                    "-H",
                    "LN",
                    " (",
                    " JJ",
                    "R",
                    " \u0130\u00e7",
                    "<|eot_id|>"
                ],
                "token_ids": [
                    58,
                    320,
                    220,
                    27321,
                    11529,
                    51316,
                    320,
                    71140,
                    49,
                    108379,
                    128009
                ],
                "raw_logprob": -64.0,
                "cons_logprob": -21.678789138793945
            },
            "acceptance_prob": 1,
            "accepted": true
        },
        {
            "current": {
                "tokens": [
                    "[",
                    " (",
                    " ",
                    "NP",
                    "-H",
                    "LN",
                    " (",
                    " JJ",
                    "R",
                    " \u0130\u00e7",
                    "<|eot_id|>"
                ],
                "token_ids": [
                    58,
                    320,
                    220,
                    27321,
                    11529,
                    51316,
                    320,
                    71140,
                    49,
                    108379,
                    128009
                ],
                "raw_logprob": -64.0,
                "cons_logprob": -21.678789138793945
            },