{
    "steps": [
        {
            "current": {
                "tokens": [
                    "OC",
                    "(C",
                    "(C",
                    "(C",
                    "(O",
                    ")",
                    "C",
                    "(O",
                    "))",
                    "O",
                    ")",
                    "O",
                    ")",
                    "O",
                    "<|im_end|>"
                ],
                "token_ids": [
                    7612,
                    3025,
                    3025,
                    3025,
                    19238,
                    8,
                    34,
                    19238,
                    593,
                    46,
                    8,
                    46,
                    8,
                    46,
                    151645
                ],
                "raw_logprob": -15.146343231201172,
                "cons_logprob": -15.132789611816406
            },
            "proposal": {
                "tokens": [
                    "O",
                    "CC",
                    "CO",
                    "CC",
                    "O",
                    "<|im_end|>"
                ],
                "token_ids": [
                    46,
                    3706,
                    8281,
                    3706,
                    46,
                    151645
                ],
                "raw_logprob": -4.427723407745361,
                "cons_logprob": -4.391423225402832
            },
            "acceptance_prob": 0.9775101896742527,
            "accepted": true
        },
        {
            "current": {
                "tokens": [
                    "O",
                    "CC",
                    "CO",
                    "CC",
                    "O",
                    "<|im_end|>"
                ],
                "token_ids": [
                    46,
                    3706,
                    8281,
                    3706,
                    46,
                    151645
                ],
                "raw_logprob": -4.427723407745361,
                "cons_logprob": -4.391423225402832
            },
            "proposal": {
                "tokens": [
                    "O",
                    "CC",
                    "OC",
                    "O",
                    "<|im_end|>"
                ],
                "token_ids": [
                    46,
                    3706,
                    7612,
                    46,
                    151645
                ],
                "raw_logprob": -5.708189010620117,
                "cons_logprob": -5.688685894012451
            },
            "acceptance_prob": 1,
            "accepted": true
        },
        {
            "current": {
                "tokens": [
                    "O",
                    "CC",
                    "OC",
                    "O",
                    "<|im_end|>"
                ],
                "token_ids": [
                    46,
                    3706,
                    7612,
                    46,
                    151645
                ],
                "raw_logprob": -5.708189010620117,
                "cons_logprob": -5.688685894012451
            },
            "proposal": {
                "tokens": [
                    "OC",
                    "(C",
                    ")",
                    "CO",
                    "<|im_end|>"
                ],
                "token_ids": [
                    7612,
                    3025,
                    8,
                    8281,
                    151645
                ],
                "raw_logprob": -5.250665664672852,
                "cons_logprob": -5.220396041870117
            },
            "acceptance_prob": 0.9892912451867305,
            "accepted": true
        },
        {
            "current": {
                "tokens": [
                    "OC",
                    "(C",
                    ")",
                    "CO",
                    "<|im_end|>"
                ],
                "token_ids": [
                    7612,
                    3025,
                    8,
                    8281,
                    151645
                ],
                "raw_logprob": -5.250665664672852,
                "cons_logprob": -5.220396041870117
            },
            "proposal": {
                "tokens": [
                    "O",
                    "CC",
                    "O",
                    "OC",
                    "<|im_end|>"
                ],
                "token_ids": [
                    46,
                    3706,
                    46,
                    7612,
                    151645
                ],
                "raw_logprob": -10.5023832321167,
                "cons_logprob": -9.953873634338379
            },
            "acceptance_prob": 0.5955678403722192,
            "accepted": true
        },
        {
            "current": {
                "tokens": [
                    "O",
                    "CC",
                    "O",
                    "OC",
                    "<|im_end|>"
                ],
                "token_ids": [
                    46,
                    3706,
                    46,
                    7612,
                    151645
                ],
                "raw_logprob": -10.5023832321167,
                "cons_logprob": -9.953873634338379
            },
            "proposal": {
                "tokens": [
                    "OC",
                    "(C",
                    ")",
                    "OC",
                    "(",
                    "=",
                    "O",
                    ")",
                    "C",
                    "(",
                    "=",
                    "O",
                    ")",
                    "OC",
                    "(C",
                    ")",
                    "CC",
                    "O",
                    "<|im_end|>"
                ],
                "token_ids": [
                    7612,
                    3025,
                    8,
                    7612,
                    7,
                    28,
                    46,
                    8,
                    34,
                    7,
                    28,
                    46,
                    8,
                    7612,
                    3025,
                    8,
                    3706,
                    46,
                    151645
                ],
                "raw_logprob": -14.673771858215332,
                "cons_logprob": -14.638141632080078
            },
            "acceptance_prob": 1,
            "accepted": true
        },
        {
            "current": {
                "tokens": [
                    "OC",
                    "(C",
                    ")",
                    "OC",
                    "(",
                    "=",
                    "O",
                    ")",
                    "C",
                    "(",
                    "=",
                    "O",
                    ")",
                    "OC",
                    "(C",
                    ")",
                    "CC",
                    "O",
                    "<|im_end|>"
                ],
                "token_ids": [
                    7612,
                    3025,
                    8,
                    7612,
                    7,
                    28,
                    46,
                    8,
                    34,
                    7,
                    28,
                    46,
                    8,
                    7612,
                    3025,
                    8,
                    3706,
                    46,
                    151645
                ],
                "raw_logprob": -14.673771858215332,