{
    "steps": [
        {
            "current": {
                "tokens": [
                    "OC",
                    "(C",
                    "O",
                    ")",
                    "CC",
                    "O",
                    "<|im_end|>"
                ],
                "token_ids": [
                    7612,
                    3025,
                    46,
                    8,
                    3706,
                    46,
                    151645
                ],
                "raw_logprob": -1.4437272548675537,
                "cons_logprob": -1.4296720027923584
            },
            "proposal": {
                "tokens": [
                    "OC",
                    "(C",
                    "OO",
                    "CC",
                    ")(",
                    "CO",
                    ")",
                    "O",
                    "CC",
                    "<|im_end|>"
                ],
                "token_ids": [
                    7612,
                    3025,
                    19499,
                    3706,
                    2376,
                    8281,
                    8,
                    46,
                    3706,
                    151645
                ],
                "raw_logprob": -11.047870635986328,
                "cons_logprob": -10.989044189453125
            },
            "acceptance_prob": 0.9562162443811612,
            "accepted": true
        },
        {
            "current": {
                "tokens": [
                    "OC",
                    "(C",
                    "OO",
                    "CC",
                    ")(",
                    "CO",
                    ")",
                    "O",
                    "CC",
                    "<|im_end|>"
                ],
                "token_ids": [
                    7612,
                    3025,
                    19499,
                    3706,
                    2376,
                    8281,
                    8,
                    46,
                    3706,
                    151645
                ],
                "raw_logprob": -11.047870635986328,
                "cons_logprob": -10.989044189453125
            },
            "proposal": {
                "tokens": [
                    "OC",
                    "(C",
                    "1",
                    "=",
                    "CC",
                    "=",
                    "CC",
                    "=C",
                    "1",
                    ")",
                    "CC",
                    "O",
                    "<|im_end|>"
                ],
                "token_ids": [
                    7612,
                    3025,
                    16,
                    28,
                    3706,
                    28,
                    3706,
                    40917,
                    16,
                    8,
                    3706,
                    46,
                    151645
                ],
                "raw_logprob": -7.188949108123779,
                "cons_logprob": -7.145444869995117
            },
            "acceptance_prob": 1,
            "accepted": true
        },
        {
            "current": {
                "tokens": [
                    "OC",
                    "(C",
                    "1",
                    "=",
                    "CC",
                    "=",
                    "CC",
                    "=C",
                    "1",
                    ")",
                    "CC",
                    "O",
                    "<|im_end|>"
                ],
                "token_ids": [
                    7612,
                    3025,
                    16,
                    28,
                    3706,
                    28,
                    3706,
                    40917,
                    16,
                    8,
                    3706,
                    46,
                    151645
                ],
                "raw_logprob": -7.188949108123779,
                "cons_logprob": -7.145444869995117
            },
            "proposal": {
                "tokens": [
                    "OC",
                    "(C",
                    ")",
                    "OC",
                    "(C",
                    ")",
                    "O",
                    "<|im_end|>"
                ],
                "token_ids": [
                    7612,
                    3025,
                    8,
                    7612,
                    3025,
                    8,
                    46,
                    151645
                ],
                "raw_logprob": -2.466379165649414,
                "cons_logprob": -2.4544878005981445
            },
            "acceptance_prob": 1,
            "accepted": true
        },
        {
            "current": {
                "tokens": [
                    "OC",
                    "(C",
                    ")",
                    "OC",
                    "(C",
                    ")",
                    "O",
                    "<|im_end|>"
                ],
                "token_ids": [
                    7612,
                    3025,
                    8,
                    7612,
                    3025,
                    8,
                    46,
                    151645
                ],
                "raw_logprob": -2.466379165649414,
                "cons_logprob": -2.4544878005981445
            },
            "proposal": {
                "tokens": [
                    "OC",
                    "(C",
                    "O",
                    ")",
                    "CC",
                    "O",
                    "<|im_end|>"
                ],
                "token_ids": [
                    7612,
                    3025,
                    46,
                    8,
                    3706,
                    46,
                    151645
                ],
                "raw_logprob": -1.4437272548675537,
                "cons_logprob": -1.4296722412109375
            },
            "acceptance_prob": 0.9978386903950679,
            "accepted": true
        },
        {
            "current": {
                "tokens": [
                    "OC",
                    "(C",
                    "O",
                    ")",
                    "CC",
                    "O",
                    "<|im_end|>"
                ],
                "token_ids": [
                    7612,
                    3025,
                    46,
                    8,
                    3706,
                    46,
                    151645
                ],
                "raw_logprob": -1.4437272548675537,
                "cons_logprob": -1.4296722412109375
            },
            "proposal": {
                "tokens": [
                    "OC",
                    "(C",
                    "(",
                    "=",
                    "O",
                    ")",
                    "O",
                    ")",
                    "CC",
                    "(",
                    "=",
                    "O",
                    ")",
                    "O",
                    "<|im_end|>"
                ],
                "token_ids": [
                    7612,
                    3025,
                    7,
                    28,
                    46,
                    8,
                    46,
                    8,
                    3706,
                    7,
                    28,
                    46,
                    8,
                    46,
                    151645
                ],
                "raw_logprob": -6.741950988769531,
                "cons_logprob": -6.726574420928955
            },
            "acceptance_prob": 0.9986793186842141,