{
    "steps": [
        {
            "current": {
                "tokens": [
                    "OC",
                    "(C",
                    "O",
                    ")",
                    "CC",
                    "O",
                    "<|im_end|>"
                ],
                "token_ids": [
                    7612,
                    3025,
                    46,
                    8,
                    3706,
                    46,
                    151645
                ],
                "raw_logprob": -1.4437272548675537,
                "cons_logprob": -1.4296722412109375
            },
            "proposal": {
                "tokens": [
                    "OC",
                    "(C",
                    "O",
                    ")",
                    "CC",
                    "O",
                    "<|im_end|>"
                ],
                "token_ids": [
                    7612,
                    3025,
                    46,
                    8,
                    3706,
                    46,
                    151645
                ],
                "raw_logprob": -1.4437272548675537,
                "cons_logprob": -1.429672122001648
            },
            "acceptance_prob": 1,
            "accepted": true
        },
        {
            "current": {
                "tokens": [
                    "OC",
                    "(C",
                    "O",
                    ")",
                    "CC",
                    "O",
                    "<|im_end|>"
                ],
                "token_ids": [
                    7612,
                    3025,
                    46,
                    8,
                    3706,
                    46,
                    151645
                ],
                "raw_logprob": -1.4437272548675537,
                "cons_logprob": -1.429672122001648
            },
            "proposal": {
                "tokens": [
                    "OC",
                    "(C",
                    "O",
                    ")",
                    "CC",
                    "O",
                    "<|im_end|>"
                ],
                "token_ids": [
                    7612,
                    3025,
                    46,
                    8,
                    3706,
                    46,
                    151645
                ],
                "raw_logprob": -1.4437272548675537,
                "cons_logprob": -1.4296720027923584
            },
            "acceptance_prob": 1,
            "accepted": true
        },
        {
            "current": {
                "tokens": [
                    "OC",
                    "(C",
                    "O",
                    ")",
                    "CC",
                    "O",
                    "<|im_end|>"
                ],
                "token_ids": [
                    7612,
                    3025,
                    46,
                    8,
                    3706,
                    46,
                    151645
                ],
                "raw_logprob": -1.4437272548675537,
                "cons_logprob": -1.4296720027923584
            },
            "proposal": {
                "tokens": [
                    "O",
                    "CC",
                    "O",
                    "<|im_end|>"
                ],
                "token_ids": [
                    46,
                    3706,
                    46,
                    151645
                ],
                "raw_logprob": -3.3046200275421143,
                "cons_logprob": -3.2966251373291016
            },
            "acceptance_prob": 1,
            "accepted": true
        },
        {
            "current": {
                "tokens": [
                    "O",
                    "CC",
                    "O",
                    "<|im_end|>"
                ],
                "token_ids": [
                    46,
                    3706,
                    46,
                    151645
                ],
                "raw_logprob": -3.3046200275421143,
                "cons_logprob": -3.2966251373291016
            },
            "proposal": {
                "tokens": [
                    "OC",
                    "(C",
                    ")",
                    "CC",
                    "(O",
                    ")",
                    "C",
                    "(C",
                    ")",
                    "CC",
                    "O",
                    "<|im_end|>"
                ],
                "token_ids": [
                    7612,
                    3025,
                    8,
                    3706,
                    19238,
                    8,
                    34,
                    3025,
                    8,
                    3706,
                    46,
                    151645
                ],
                "raw_logprob": -11.118122100830078,
                "cons_logprob": -11.096590995788574
            },
            "acceptance_prob": 0.9865549877511061,
            "accepted": true
        },
        {
            "current": {
                "tokens": [
                    "OC",
                    "(C",
                    ")",
                    "CC",
                    "(O",
                    ")",
                    "C",
                    "(C",
                    ")",
                    "CC",
                    "O",
                    "<|im_end|>"
                ],
                "token_ids": [
                    7612,
                    3025,
                    8,
                    3706,
                    19238,
                    8,
                    34,
                    3025,
                    8,
                    3706,
                    46,
                    151645
                ],
                "raw_logprob": -11.118122100830078,
                "cons_logprob": -11.096590995788574
            },
            "proposal": {
                "tokens": [
                    "OC",
                    "(",
                    "=",
                    "O",
                    ")",
                    "N",
                    "CC",
                    "(",
                    "=",
                    "O",
                    ")",
                    "NC",
                    "(",
                    "=",
                    "O",
                    ")",
                    "N",
                    "CC",
                    "O",
                    "<|im_end|>"
                ],
                "token_ids": [
                    7612,
                    7,
                    28,
                    46,
                    8,
                    45,
                    3706,
                    7,
                    28,
                    46,
                    8,
                    9949,
                    7,
                    28,
                    46,
                    8,
                    45,
                    3706,
                    46,
                    151645
                ],
                "raw_logprob": -7.014896869659424,
                "cons_logprob": -7.003519535064697
            },
            "acceptance_prob": 1,
            "accepted": true
        },
        {
            "current": {
                "tokens": [
                    "OC",
                    "(",
                    "=",
                    "O",
                    ")",
                    "N",
                    "CC",
                    "(",
                    "=",
                    "O",
                    ")",
                    "NC",
                    "(",
                    "=",
                    "O",
                    ")",
                    "N",
                    "CC",
                    "O",
                    "<|im_end|>"
                ],