{
    "steps": [
        {
            "current": {
                "tokens": [
                    "O",
                    "CC",
                    "NC",
                    "(",
                    "=",
                    "O",
                    ")",
                    "N",
                    "CCCC",
                    "NC",
                    "(",
                    "=",
                    "O",
                    ")",
                    "N",
                    "CC",
                    "O",
                    "<|im_end|>"
                ],
                "token_ids": [
                    46,
                    3706,
                    9949,
                    7,
                    28,
                    46,
                    8,
                    45,
                    47932,
                    9949,
                    7,
                    28,
                    46,
                    8,
                    45,
                    3706,
                    46,
                    151645
                ],
                "raw_logprob": -4.632913589477539,
                "cons_logprob": -4.628774642944336
            },
            "proposal": {
                "tokens": [
                    "OC",
                    "(C",
                    ")",
                    "O",
                    "CC",
                    "O",
                    "<|im_end|>"
                ],
                "token_ids": [
                    7612,
                    3025,
                    8,
                    46,
                    3706,
                    46,
                    151645
                ],
                "raw_logprob": -3.512167453765869,
                "cons_logprob": -3.4677493572235107
            },
            "acceptance_prob": 0.9605212722027322,
            "accepted": true
        },
        {
            "current": {
                "tokens": [
                    "OC",
                    "(C",
                    ")",
                    "O",
                    "CC",
                    "O",
                    "<|im_end|>"
                ],
                "token_ids": [
                    7612,
                    3025,
                    8,
                    46,
                    3706,
                    46,
                    151645
                ],
                "raw_logprob": -3.512167453765869,
                "cons_logprob": -3.4677493572235107
            },
            "proposal": {
                "tokens": [
                    "OC",
                    "(C",
                    ")",
                    "CC",
                    "OC",
                    "(C",
                    ")",
                    "C",
                    "<|im_end|>"
                ],
                "token_ids": [
                    7612,
                    3025,
                    8,
                    3706,
                    7612,
                    3025,
                    8,
                    34,
                    151645
                ],
                "raw_logprob": -3.936469078063965,
                "cons_logprob": -3.9225502014160156
            },
            "acceptance_prob": 1,
            "accepted": true
        },
        {
            "current": {
                "tokens": [
                    "OC",
                    "(C",
                    ")",
                    "CC",
                    "OC",
                    "(C",
                    ")",
                    "C",
                    "<|im_end|>"
                ],
                "token_ids": [
                    7612,
                    3025,
                    8,
                    3706,
                    7612,
                    3025,
                    8,
                    34,
                    151645
                ],
                "raw_logprob": -3.936469078063965,
                "cons_logprob": -3.9225502014160156
            },
            "proposal": {
                "tokens": [
                    "OC",
                    "(C",
                    ")",
                    "CC",
                    "CO",
                    "<|im_end|>"
                ],
                "token_ids": [
                    7612,
                    3025,
                    8,
                    3706,
                    8281,
                    151645
                ],
                "raw_logprob": -3.268063545227051,
                "cons_logprob": -3.214261531829834
            },
            "acceptance_prob": 0.9609017266904675,
            "accepted": true
        },
        {
            "current": {
                "tokens": [
                    "OC",
                    "(C",
                    ")",
                    "CC",
                    "CO",
                    "<|im_end|>"
                ],
                "token_ids": [
                    7612,
                    3025,
                    8,
                    3706,
                    8281,
                    151645
                ],
                "raw_logprob": -3.268063545227051,
                "cons_logprob": -3.214261531829834
            },
            "proposal": {
                "tokens": [
                    "OC",
                    "(C",
                    ")",
                    "OC",
                    "(C",
                    ")",
                    "O",
                    "<|im_end|>"
                ],
                "token_ids": [
                    7612,
                    3025,
                    8,
                    7612,
                    3025,
                    8,
                    46,
                    151645
                ],
                "raw_logprob": -2.466379165649414,
                "cons_logprob": -2.4544875621795654
            },
            "acceptance_prob": 1,
            "accepted": true
        },
        {
            "current": {
                "tokens": [
                    "OC",
                    "(C",
                    ")",
                    "OC",
                    "(C",
                    ")",
                    "O",
                    "<|im_end|>"
                ],
                "token_ids": [
                    7612,
                    3025,
                    8,
                    7612,
                    3025,
                    8,
                    46,
                    151645
                ],
                "raw_logprob": -2.466379165649414,
                "cons_logprob": -2.4544875621795654
            },
            "proposal": {
                "tokens": [
                    "OC",
                    "(",
                    "=",
                    "O",
                    ")",
                    "N",
                    "CCCCCC",
                    "(",
                    "=",
                    "O",
                    ")",
                    "NC",
                    "(",
                    "=",
                    "O",
                    ")",
                    "CCCC",
                    "O",
                    "<|im_end|>"
                ],
                "token_ids": [
                    7612,
                    7,
                    28,
                    46,
                    8,
                    45,
                    91443,
                    7,
                    28,
                    46,
                    8,
                    9949,
                    7,
                    28,
                    46,
                    8,
                    47932,
                    46,
                    151645
                ],
                "raw_logprob": -12.8796968460083,
                "cons_logprob": -12.873794555664062
            },
            "acceptance_prob": 1,