{
    "steps": [
        {
            "current": {
                "tokens": [
                    "OC",
                    "(C",
                    ")",
                    "C",
                    "OC",
                    "(C",
                    ")",
                    "C",
                    "<|im_end|>"
                ],
                "token_ids": [
                    7612,
                    3025,
                    8,
                    34,
                    7612,
                    3025,
                    8,
                    34,
                    151645
                ],
                "raw_logprob": -3.7631709575653076,
                "cons_logprob": -3.7486910820007324
            },
            "proposal": {
                "tokens": [
                    "O",
                    "CC",
                    "(C",
                    ")",
                    "CC",
                    "O",
                    "<|im_end|>"
                ],
                "token_ids": [
                    46,
                    3706,
                    3025,
                    8,
                    3706,
                    46,
                    151645
                ],
                "raw_logprob": -4.394164562225342,
                "cons_logprob": -4.386560440063477
            },
            "acceptance_prob": 1,
            "accepted": true
        },
        {
            "current": {
                "tokens": [
                    "O",
                    "CC",
                    "(C",
                    ")",
                    "CC",
                    "O",
                    "<|im_end|>"
                ],
                "token_ids": [
                    46,
                    3706,
                    3025,
                    8,
                    3706,
                    46,
                    151645
                ],
                "raw_logprob": -4.394164562225342,
                "cons_logprob": -4.386560440063477
            },
            "proposal": {
                "tokens": [
                    "OC",
                    "(",
                    "=",
                    "O",
                    ")",
                    "NC",
                    "(",
                    "=",
                    "O",
                    ")",
                    "NC",
                    "(",
                    "=",
                    "O",
                    ")",
                    "N",
                    "CC",
                    "OC",
                    "(",
                    "=",
                    "O",
                    ")",
                    "NC",
                    "(",
                    "=",
                    "O",
                    ")",
                    "NC",
                    "(",
                    "=",
                    "O",
                    ")",
                    "N",
                    "CC",
                    "O",
                    "<|im_end|>"
                ],
                "token_ids": [
                    7612,
                    7,
                    28,
                    46,
                    8,
                    9949,
                    7,
                    28,
                    46,
                    8,
                    9949,
                    7,
                    28,
                    46,
                    8,
                    45,
                    3706,
                    7612,
                    7,
                    28,
                    46,
                    8,
                    9949,
                    7,
                    28,
                    46,
                    8,
                    9949,
                    7,
                    28,
                    46,
                    8,
                    45,
                    3706,
                    46,
                    151645
                ],
                "raw_logprob": -9.11082935333252,
                "cons_logprob": -9.065080642700195
            },
            "acceptance_prob": 0.9625737537622545,
            "accepted": true
        },
        {
            "current": {
                "tokens": [
                    "OC",
                    "(",
                    "=",
                    "O",
                    ")",
                    "NC",
                    "(",
                    "=",
                    "O",
                    ")",
                    "NC",
                    "(",
                    "=",
                    "O",
                    ")",
                    "N",
                    "CC",
                    "OC",
                    "(",
                    "=",
                    "O",
                    ")",
                    "NC",
                    "(",
                    "=",
                    "O",
                    ")",
                    "NC",
                    "(",
                    "=",
                    "O",
                    ")",
                    "N",
                    "CC",
                    "O",
                    "<|im_end|>"
                ],
                "token_ids": [
                    7612,
                    7,
                    28,
                    46,
                    8,
                    9949,
                    7,
                    28,
                    46,
                    8,
                    9949,
                    7,
                    28,
                    46,
                    8,
                    45,
                    3706,
                    7612,
                    7,
                    28,
                    46,
                    8,
                    9949,
                    7,
                    28,
                    46,
                    8,
                    9949,
                    7,
                    28,
                    46,
                    8,
                    45,
                    3706,
                    46,
                    151645
                ],
                "raw_logprob": -9.11082935333252,
                "cons_logprob": -9.065080642700195
            },
            "proposal": {
                "tokens": [
                    "OC",
                    "(C",
                    ")",
                    "O",
                    "CC",
                    "O",
                    "<|im_end|>"
                ],
                "token_ids": [
                    7612,
                    3025,
                    8,
                    46,
                    3706,
                    46,
                    151645
                ],
                "raw_logprob": -3.512167453765869,
                "cons_logprob": -3.467750072479248
            },
            "acceptance_prob": 1,
            "accepted": true
        },
        {
            "current": {
                "tokens": [
                    "OC",
                    "(C",
                    ")",
                    "O",
                    "CC",
                    "O",
                    "<|im_end|>"
                ],
                "token_ids": [
                    7612,
                    3025,
                    8,
                    46,
                    3706,
                    46,
                    151645
                ],
                "raw_logprob": -3.512167453765869,
                "cons_logprob": -3.467750072479248
            },
            "proposal": {
                "tokens": [
                    "O",
                    "CC",
                    "CO",
                    "CC",
                    "O",
                    "<|im_end|>"
                ],
                "token_ids": [
                    46,
                    3706,
                    8281,
                    3706,
                    46,
                    151645
                ],
                "raw_logprob": -4.427723407745361,