{
    "steps": [
        {
            "current": {
                "tokens": [
                    "O",
                    "CC",
                    "OC",
                    "(",
                    "=",
                    "O",
                    ")",
                    "OC",
                    "OC",
                    "(",
                    "=",
                    "O",
                    ")",
                    "CO",
                    "<|im_end|>"
                ],
                "token_ids": [
                    46,
                    3706,
                    7612,
                    7,
                    28,
                    46,
                    8,
                    7612,
                    7612,
                    7,
                    28,
                    46,
                    8,
                    8281,
                    151645
                ],
                "raw_logprob": -6.192139625549316,
                "cons_logprob": -6.059980392456055
            },
            "proposal": {
                "tokens": [
                    "OC",
                    "(C",
                    ")",
                    "OC",
                    "(C",
                    ")",
                    "O",
                    "<|im_end|>"
                ],
                "token_ids": [
                    7612,
                    3025,
                    8,
                    7612,
                    3025,
                    8,
                    46,
                    151645
                ],
                "raw_logprob": -2.466379165649414,
                "cons_logprob": -2.4544880390167236
            },
            "acceptance_prob": 1,
            "accepted": true
        },
        {
            "current": {
                "tokens": [
                    "OC",
                    "(C",
                    ")",
                    "OC",
                    "(C",
                    ")",
                    "O",
                    "<|im_end|>"
                ],
                "token_ids": [
                    7612,
                    3025,
                    8,
                    7612,
                    3025,
                    8,
                    46,
                    151645
                ],
                "raw_logprob": -2.466379165649414,
                "cons_logprob": -2.4544880390167236
            },
            "proposal": {
                "tokens": [
                    "O",
                    "CC",
                    "OC",
                    "(O",
                    ")",
                    "OC",
                    "<|im_end|>"
                ],
                "token_ids": [
                    46,
                    3706,
                    7612,
                    19238,
                    8,
                    7612,
                    151645
                ],
                "raw_logprob": -8.018782615661621,
                "cons_logprob": -7.969544410705566
            },
            "acceptance_prob": 0.9633417222888495,
            "accepted": true
        },
        {
            "current": {
                "tokens": [
                    "O",
                    "CC",
                    "OC",
                    "(O",
                    ")",
                    "OC",
                    "<|im_end|>"
                ],
                "token_ids": [
                    46,
                    3706,
                    7612,
                    19238,
                    8,
                    7612,
                    151645
                ],
                "raw_logprob": -8.018782615661621,
                "cons_logprob": -7.969544410705566
            },
            "proposal": {
                "tokens": [
                    "OC",
                    "(C",
                    "O",
                    ")",
                    "CC",
                    "O",
                    "<|im_end|>"
                ],
                "token_ids": [
                    7612,
                    3025,
                    46,
                    8,
                    3706,
                    46,
                    151645
                ],
                "raw_logprob": -1.4437272548675537,
                "cons_logprob": -1.4296715259552002
            },
            "acceptance_prob": 1,
            "accepted": true
        },
        {
            "current": {
                "tokens": [
                    "OC",
                    "(C",
                    "O",
                    ")",
                    "CC",
                    "O",
                    "<|im_end|>"
                ],
                "token_ids": [
                    7612,
                    3025,
                    46,
                    8,
                    3706,
                    46,
                    151645
                ],
                "raw_logprob": -1.4437272548675537,
                "cons_logprob": -1.4296715259552002
            },
            "proposal": {
                "tokens": [
                    "O",
                    "CC",
                    "OC",
                    "(O",
                    ")",
                    "CC",
                    "<|im_end|>"
                ],
                "token_ids": [
                    46,
                    3706,
                    7612,
                    19238,
                    8,
                    3706,
                    151645
                ],
                "raw_logprob": -6.733478546142578,
                "cons_logprob": -6.706799030303955
            },
            "acceptance_prob": 0.9874555588396217,
            "accepted": true
        },
        {
            "current": {
                "tokens": [
                    "O",
                    "CC",
                    "OC",
                    "(O",
                    ")",
                    "CC",
                    "<|im_end|>"
                ],
                "token_ids": [
                    46,
                    3706,
                    7612,
                    19238,
                    8,
                    3706,
                    151645
                ],
                "raw_logprob": -6.733478546142578,
                "cons_logprob": -6.706799030303955
            },
            "proposal": {
                "tokens": [
                    "OC",
                    "(C",
                    "O",
                    ")",
                    "CC",
                    "O",
                    "<|im_end|>"
                ],
                "token_ids": [
                    7612,
                    3025,
                    46,
                    8,
                    3706,
                    46,
                    151645
                ],
                "raw_logprob": -1.4437272548675537,
                "cons_logprob": -1.4296715259552002
            },
            "acceptance_prob": 1,
            "accepted": true
        },
        {
            "current": {
                "tokens": [
                    "OC",
                    "(C",
                    "O",
                    ")",
                    "CC",
                    "O",
                    "<|im_end|>"
                ],
                "token_ids": [
                    7612,
                    3025,
                    46,
                    8,
                    3706,
                    46,
                    151645
                ],
                "raw_logprob": -1.4437272548675537,
                "cons_logprob": -1.4296715259552002
            },
            "proposal": {
                "tokens": [
                    "OC",
                    "(C",
                    ")",
                    "CC",
                    "(C",
                    ")",
                    "O",
                    "<|im_end|>"
                ],