{
    "steps": [
        {
            "current": {
                "tokens": [
                    "O",
                    "CC",
                    "O",
                    "<|im_end|>"
                ],
                "token_ids": [
                    46,
                    3706,
                    46,
                    151645
                ],
                "raw_logprob": -3.3046200275421143,
                "cons_logprob": -3.2966256141662598
            },
            "proposal": {
                "tokens": [
                    "OC",
                    "(C",
                    ")",
                    "CC",
                    "CO",
                    "<|im_end|>"
                ],
                "token_ids": [
                    7612,
                    3025,
                    8,
                    3706,
                    8281,
                    151645
                ],
                "raw_logprob": -3.268063545227051,
                "cons_logprob": -3.214262008666992
            },
            "acceptance_prob": 0.9552261854089562,
            "accepted": true
        },
        {
            "current": {
                "tokens": [
                    "OC",
                    "(C",
                    ")",
                    "CC",
                    "CO",
                    "<|im_end|>"
                ],
                "token_ids": [
                    7612,
                    3025,
                    8,
                    3706,
                    8281,
                    151645
                ],
                "raw_logprob": -3.268063545227051,
                "cons_logprob": -3.214262008666992
            },
            "proposal": {
                "tokens": [
                    "OC",
                    "(C",
                    ")",
                    "O",
                    "CC",
                    "O",
                    "<|im_end|>"
                ],
                "token_ids": [
                    7612,
                    3025,
                    8,
                    46,
                    3706,
                    46,
                    151645
                ],
                "raw_logprob": -3.512167453765869,
                "cons_logprob": -3.467761754989624
            },
            "acceptance_prob": 1,
            "accepted": true
        },
        {
            "current": {
                "tokens": [
                    "OC",
                    "(C",
                    ")",
                    "O",
                    "CC",
                    "O",
                    "<|im_end|>"
                ],
                "token_ids": [
                    7612,
                    3025,
                    8,
                    46,
                    3706,
                    46,
                    151645
                ],
                "raw_logprob": -3.512167453765869,
                "cons_logprob": -3.467761754989624
            },
            "proposal": {
                "tokens": [
                    "OC",
                    "(C",
                    ")",
                    "CC",
                    "OC",
                    "(C",
                    ")",
                    "C",
                    "<|im_end|>"
                ],
                "token_ids": [
                    7612,
                    3025,
                    8,
                    3706,
                    7612,
                    3025,
                    8,
                    34,
                    151645
                ],
                "raw_logprob": -3.936469078063965,
                "cons_logprob": -3.9225502014160156
            },
            "acceptance_prob": 1,
            "accepted": true
        },
        {
            "current": {
                "tokens": [
                    "OC",
                    "(C",
                    ")",
                    "CC",
                    "OC",
                    "(C",
                    ")",
                    "C",
                    "<|im_end|>"
                ],
                "token_ids": [
                    7612,
                    3025,
                    8,
                    3706,
                    7612,
                    3025,
                    8,
                    34,
                    151645
                ],
                "raw_logprob": -3.936469078063965,
                "cons_logprob": -3.9225502014160156
            },
            "proposal": {
                "tokens": [
                    "OC",
                    "(C",
                    ")",
                    "CC",
                    "CO",
                    "<|im_end|>"
                ],
                "token_ids": [
                    7612,
                    3025,
                    8,
                    3706,
                    8281,
                    151645
                ],
                "raw_logprob": -3.268063545227051,
                "cons_logprob": -3.2142598628997803
            },
            "acceptance_prob": 0.9609001230140354,
            "accepted": true
        },
        {
            "current": {
                "tokens": [
                    "OC",
                    "(C",
                    ")",
                    "CC",
                    "CO",
                    "<|im_end|>"
                ],
                "token_ids": [
                    7612,
                    3025,
                    8,
                    3706,
                    8281,
                    151645
                ],
                "raw_logprob": -3.268063545227051,
                "cons_logprob": -3.2142598628997803
            },
            "proposal": {
                "tokens": [
                    "O",
                    "CC",
                    "NC",
                    "(",
                    "=",
                    "O",
                    ")",
                    "N",
                    "CCCC",
                    "NC",
                    "(",
                    "=",
                    "O",
                    ")",
                    "N",
                    "CCCC",
                    "O",
                    "<|im_end|>"
                ],
                "token_ids": [
                    46,
                    3706,
                    9949,
                    7,
                    28,
                    46,
                    8,
                    45,
                    47932,
                    9949,
                    7,
                    28,
                    46,
                    8,
                    45,
                    47932,
                    46,
                    151645
                ],
                "raw_logprob": -8.895486831665039,
                "cons_logprob": -8.89145278930664
            },
            "acceptance_prob": 1,
            "accepted": true
        },
        {
            "current": {
                "tokens": [
                    "O",
                    "CC",
                    "NC",
                    "(",
                    "=",
                    "O",
                    ")",
                    "N",
                    "CCCC",
                    "NC",
                    "(",
                    "=",
                    "O",
                    ")",
                    "N",
                    "CCCC",
                    "O",
                    "<|im_end|>"
                ],
                "token_ids": [
                    46,
                    3706,
                    9949,
                    7,
                    28,
                    46,
                    8,
                    45,
                    47932,
                    9949,
                    7,
                    28,
                    46,
                    8,
                    45,
                    47932,
                    46,
                    151645
                ],