{
    "steps": [
        {
            "current": {
                "tokens": [
                    "O",
                    "CC",
                    "OC",
                    "(O",
                    ")",
                    "CC",
                    "<|im_end|>"
                ],
                "token_ids": [
                    46,
                    3706,
                    7612,
                    19238,
                    8,
                    3706,
                    151645
                ],
                "raw_logprob": -6.733478546142578,
                "cons_logprob": -6.706802845001221
            },
            "proposal": {
                "tokens": [
                    "OC",
                    "(C",
                    "O",
                    ")",
                    "CC",
                    "O",
                    "<|im_end|>"
                ],
                "token_ids": [
                    7612,
                    3025,
                    46,
                    8,
                    3706,
                    46,
                    151645
                ],
                "raw_logprob": -1.4437272548675537,
                "cons_logprob": -1.429672122001648
            },
            "acceptance_prob": 1,
            "accepted": true
        },
        {
            "current": {
                "tokens": [
                    "OC",
                    "(C",
                    "O",
                    ")",
                    "CC",
                    "O",
                    "<|im_end|>"
                ],
                "token_ids": [
                    7612,
                    3025,
                    46,
                    8,
                    3706,
                    46,
                    151645
                ],
                "raw_logprob": -1.4437272548675537,
                "cons_logprob": -1.429672122001648
            },
            "proposal": {
                "tokens": [
                    "OC",
                    "(C",
                    "(C",
                    ")",
                    "C",
                    ")",
                    "CC",
                    "O",
                    "<|im_end|>"
                ],
                "token_ids": [
                    7612,
                    3025,
                    3025,
                    8,
                    34,
                    8,
                    3706,
                    46,
                    151645
                ],
                "raw_logprob": -4.999333381652832,
                "cons_logprob": -4.990326404571533
            },
            "acceptance_prob": 1,
            "accepted": true
        },
        {
            "current": {
                "tokens": [
                    "OC",
                    "(C",
                    "(C",
                    ")",
                    "C",
                    ")",
                    "CC",
                    "O",
                    "<|im_end|>"
                ],
                "token_ids": [
                    7612,
                    3025,
                    3025,
                    8,
                    34,
                    8,
                    3706,
                    46,
                    151645
                ],
                "raw_logprob": -4.999333381652832,
                "cons_logprob": -4.990326404571533
            },
            "proposal": {
                "tokens": [
                    "OC",
                    "(C",
                    "(",
                    "=",
                    "O",
                    ")",
                    "N",
                    ")",
                    "CC",
                    "O",
                    "<|im_end|>"
                ],
                "token_ids": [
                    7612,
                    3025,
                    7,
                    28,
                    46,
                    8,
                    45,
                    8,
                    3706,
                    46,
                    151645
                ],
                "raw_logprob": -6.209926605224609,
                "cons_logprob": -6.199831008911133
            },
            "acceptance_prob": 0.9989119730987781,
            "accepted": true
        },
        {
            "current": {
                "tokens": [
                    "OC",
                    "(C",
                    "(",
                    "=",
                    "O",
                    ")",
                    "N",
                    ")",
                    "CC",
                    "O",
                    "<|im_end|>"
                ],
                "token_ids": [
                    7612,
                    3025,
                    7,
                    28,
                    46,
                    8,
                    45,
                    8,
                    3706,
                    46,
                    151645
                ],
                "raw_logprob": -6.209926605224609,
                "cons_logprob": -6.199831008911133
            },
            "proposal": {
                "tokens": [
                    "OC",
                    "(C",
                    "OO",
                    ")",
                    "CC",
                    "<|im_end|>"
                ],
                "token_ids": [
                    7612,
                    3025,
                    19499,
                    8,
                    3706,
                    151645
                ],
                "raw_logprob": -7.392752647399902,
                "cons_logprob": -7.349709510803223
            },
            "acceptance_prob": 0.9675893177192251,
            "accepted": true
        },
        {
            "current": {
                "tokens": [
                    "OC",
                    "(C",
                    "OO",
                    ")",
                    "CC",
                    "<|im_end|>"
                ],
                "token_ids": [
                    7612,
                    3025,
                    19499,
                    8,
                    3706,
                    151645
                ],
                "raw_logprob": -7.392752647399902,
                "cons_logprob": -7.349709510803223
            },
            "proposal": {
                "tokens": [
                    "O",
                    "CC",
                    "OC",
                    "OC",
                    "O",
                    "<|im_end|>"
                ],
                "token_ids": [
                    46,
                    3706,
                    7612,
                    7612,
                    46,
                    151645
                ],
                "raw_logprob": -4.416905403137207,
                "cons_logprob": -4.3941731452941895
            },
            "acceptance_prob": 1,
            "accepted": true
        },
        {
            "current": {
                "tokens": [
                    "O",
                    "CC",
                    "OC",
                    "OC",
                    "O",
                    "<|im_end|>"
                ],
                "token_ids": [
                    46,
                    3706,
                    7612,
                    7612,
                    46,
                    151645
                ],
                "raw_logprob": -4.416905403137207,
                "cons_logprob": -4.3941731452941895
            },
            "proposal": {
                "tokens": [
                    "OC",
                    "(C",
                    ")",
                    "OC",
                    "(C",
                    ")",
                    "O",
                    "<|im_end|>"
                ],