{
    "steps": [
        {
            "current": {
                "tokens": [
                    "O",
                    "CC",
                    "(C",
                    ")",
                    "CC",
                    "O",
                    "<|im_end|>"
                ],
                "token_ids": [
                    46,
                    3706,
                    3025,
                    8,
                    3706,
                    46,
                    151645
                ],
                "raw_logprob": -4.394164562225342,
                "cons_logprob": -4.386560440063477
            },
            "proposal": {
                "tokens": [
                    "OC",
                    "(C",
                    ")",
                    "OC",
                    "(C",
                    ")",
                    "O",
                    "<|im_end|>"
                ],
                "token_ids": [
                    7612,
                    3025,
                    8,
                    7612,
                    3025,
                    8,
                    46,
                    151645
                ],
                "raw_logprob": -2.466379165649414,
                "cons_logprob": -2.4544880390167236
            },
            "acceptance_prob": 0.995722171615517,
            "accepted": true
        },
        {
            "current": {
                "tokens": [
                    "OC",
                    "(C",
                    ")",
                    "OC",
                    "(C",
                    ")",
                    "O",
                    "<|im_end|>"
                ],
                "token_ids": [
                    7612,
                    3025,
                    8,
                    7612,
                    3025,
                    8,
                    46,
                    151645
                ],
                "raw_logprob": -2.466379165649414,
                "cons_logprob": -2.4544880390167236
            },
            "proposal": {
                "tokens": [
                    "OC",
                    "(C",
                    "O",
                    ")",
                    "CC",
                    "OC",
                    "(C",
                    "O",
                    ")",
                    "<|im_end|>"
                ],
                "token_ids": [
                    7612,
                    3025,
                    46,
                    8,
                    3706,
                    7612,
                    3025,
                    46,
                    8,
                    151645
                ],
                "raw_logprob": -7.270340442657471,
                "cons_logprob": -7.23995304107666
            },
            "acceptance_prob": 0.9816737313705591,
            "accepted": false
        },
        {
            "current": {
                "tokens": [
                    "OC",
                    "(C",
                    ")",
                    "OC",
                    "(C",
                    ")",
                    "O",
                    "<|im_end|>"
                ],
                "token_ids": [
                    7612,
                    3025,
                    8,
                    7612,
                    3025,
                    8,
                    46,
                    151645
                ],
                "raw_logprob": -2.466379165649414,
                "cons_logprob": -2.4544880390167236
            },
            "proposal": {
                "tokens": [
                    "O",
                    "CC",
                    "CO",
                    "<|im_end|>"
                ],
                "token_ids": [
                    46,
                    3706,
                    8281,
                    151645
                ],
                "raw_logprob": -3.4798858165740967,
                "cons_logprob": -3.448523998260498
            },
            "acceptance_prob": 0.9807176379529352,
            "accepted": true
        },
        {
            "current": {
                "tokens": [
                    "O",
                    "CC",
                    "CO",
                    "<|im_end|>"
                ],
                "token_ids": [
                    46,
                    3706,
                    8281,
                    151645
                ],
                "raw_logprob": -3.4798858165740967,
                "cons_logprob": -3.448523998260498
            },
            "proposal": {
                "tokens": [
                    "O",
                    "CC",
                    "(",
                    "=",
                    "O",
                    ")",
                    "N",
                    "CC",
                    "(",
                    "=",
                    "O",
                    ")",
                    "OC",
                    "<|im_end|>"
                ],
                "token_ids": [
                    46,
                    3706,
                    7,
                    28,
                    46,
                    8,
                    45,
                    3706,
                    7,
                    28,
                    46,
                    8,
                    7612,
                    151645
                ],
                "raw_logprob": -8.80640983581543,
                "cons_logprob": -8.634683609008789
            },
            "acceptance_prob": 0.8690414915899026,
            "accepted": true
        },
        {
            "current": {
                "tokens": [
                    "O",
                    "CC",
                    "(",
                    "=",
                    "O",
                    ")",
                    "N",
                    "CC",
                    "(",
                    "=",
                    "O",
                    ")",
                    "OC",
                    "<|im_end|>"
                ],
                "token_ids": [
                    46,
                    3706,
                    7,
                    28,
                    46,
                    8,
                    45,
                    3706,
                    7,
                    28,
                    46,
                    8,
                    7612,
                    151645
                ],
                "raw_logprob": -8.80640983581543,
                "cons_logprob": -8.634683609008789
            },
            "proposal": {
                "tokens": [
                    "OC",
                    "(C",
                    ")(",
                    "C",
                    ")",
                    "CC",
                    "O",
                    "<|im_end|>"
                ],
                "token_ids": [
                    7612,
                    3025,
                    2376,
                    34,
                    8,
                    3706,
                    46,
                    151645
                ],
                "raw_logprob": -5.932662487030029,
                "cons_logprob": -5.924567699432373
            },
            "acceptance_prob": 1,
            "accepted": true
        },
        {
            "current": {
                "tokens": [
                    "OC",
                    "(C",
                    ")(",
                    "C",
                    ")",
                    "CC",
                    "O",
                    "<|im_end|>"
                ],
                "token_ids": [
                    7612,
                    3025,
                    2376,
                    34,
                    8,
                    3706,
                    46,
                    151645
                ],
                "raw_logprob": -5.932662487030029,
                "cons_logprob": -5.924567699432373
            },