{
    "steps": [
        {
            "current": {
                "tokens": [
                    "OC",
                    "(C",
                    ")",
                    "CN",
                    "(C",
                    "=",
                    "O",
                    ")",
                    "CC",
                    "(",
                    "=",
                    "O",
                    ")",
                    "O",
                    "<|im_end|>"
                ],
                "token_ids": [
                    7612,
                    3025,
                    8,
                    28668,
                    3025,
                    28,
                    46,
                    8,
                    3706,
                    7,
                    28,
                    46,
                    8,
                    46,
                    151645
                ],
                "raw_logprob": -14.971508979797363,
                "cons_logprob": -14.892928123474121
            },
            "proposal": {
                "tokens": [
                    "O",
                    "CC",
                    "CO",
                    "CC",
                    "O",
                    "<|im_end|>"
                ],
                "token_ids": [
                    46,
                    3706,
                    8281,
                    3706,
                    46,
                    151645
                ],
                "raw_logprob": -4.427723407745361,
                "cons_logprob": -4.391422271728516
            },
            "acceptance_prob": 1,
            "accepted": true
        },
        {
            "current": {
                "tokens": [
                    "O",
                    "CC",
                    "CO",
                    "CC",
                    "O",
                    "<|im_end|>"
                ],
                "token_ids": [
                    46,
                    3706,
                    8281,
                    3706,
                    46,
                    151645
                ],
                "raw_logprob": -4.427723407745361,
                "cons_logprob": -4.391422271728516
            },
            "proposal": {
                "tokens": [
                    "OC",
                    "(C",
                    ")",
                    "CC",
                    "OC",
                    "(C",
                    ")",
                    "CC",
                    "O",
                    "<|im_end|>"
                ],
                "token_ids": [
                    7612,
                    3025,
                    8,
                    3706,
                    7612,
                    3025,
                    8,
                    3706,
                    46,
                    151645
                ],
                "raw_logprob": -5.06621789932251,
                "cons_logprob": -5.050041198730469
            },
            "acceptance_prob": 1,
            "accepted": true
        },
        {
            "current": {
                "tokens": [
                    "OC",
                    "(C",
                    ")",
                    "CC",
                    "OC",
                    "(C",
                    ")",
                    "CC",
                    "O",
                    "<|im_end|>"
                ],
                "token_ids": [
                    7612,
                    3025,
                    8,
                    3706,
                    7612,
                    3025,
                    8,
                    3706,
                    46,
                    151645
                ],
                "raw_logprob": -5.06621789932251,
                "cons_logprob": -5.050041198730469
            },
            "proposal": {
                "tokens": [
                    "OC",
                    "(C",
                    ")",
                    "C",
                    "OC",
                    "(C",
                    ")",
                    "C",
                    "<|im_end|>"
                ],
                "token_ids": [
                    7612,
                    3025,
                    8,
                    34,
                    7612,
                    3025,
                    8,
                    34,
                    151645
                ],
                "raw_logprob": -3.7631709575653076,
                "cons_logprob": -3.748690605163574
            },
            "acceptance_prob": 1,
            "accepted": true
        },
        {
            "current": {
                "tokens": [
                    "OC",
                    "(C",
                    ")",
                    "C",
                    "OC",
                    "(C",
                    ")",
                    "C",
                    "<|im_end|>"
                ],
                "token_ids": [
                    7612,
                    3025,
                    8,
                    34,
                    7612,
                    3025,
                    8,
                    34,
                    151645
                ],
                "raw_logprob": -3.7631709575653076,
                "cons_logprob": -3.748690605163574
            },
            "proposal": {
                "tokens": [
                    "O",
                    "CC",
                    "CO",
                    "<|im_end|>"
                ],
                "token_ids": [
                    46,
                    3706,
                    8281,
                    151645
                ],
                "raw_logprob": -3.4798858165740967,
                "cons_logprob": -3.448521137237549
            },
            "acceptance_prob": 0.9832574144560409,
            "accepted": true
        },
        {
            "current": {
                "tokens": [
                    "O",
                    "CC",
                    "CO",
                    "<|im_end|>"
                ],
                "token_ids": [
                    46,
                    3706,
                    8281,
                    151645
                ],
                "raw_logprob": -3.4798858165740967,
                "cons_logprob": -3.448521137237549
            },
            "proposal": {
                "tokens": [
                    "OC",
                    "(C",
                    ")",
                    "CC",
                    "(O",
                    ")",
                    "CC",
                    "O",
                    "<|im_end|>"
                ],
                "token_ids": [
                    7612,
                    3025,
                    8,
                    3706,
                    19238,
                    8,
                    3706,
                    46,
                    151645
                ],
                "raw_logprob": -5.738138198852539,
                "cons_logprob": -5.720513343811035
            },
            "acceptance_prob": 1,
            "accepted": true
        },
        {
            "current": {
                "tokens": [
                    "OC",
                    "(C",
                    ")",
                    "CC",
                    "(O",
                    ")",
                    "CC",
                    "O",
                    "<|im_end|>"
                ],
                "token_ids": [
                    7612,
                    3025,
                    8,
                    3706,
                    19238,
                    8,
                    3706,
                    46,
                    151645
                ],
                "raw_logprob": -5.738138198852539,
                "cons_logprob": -5.720513343811035
            },