{
    "steps": [
        {
            "current": {
                "tokens": [
                    "OC",
                    "(C",
                    ")",
                    "O",
                    "<|im_end|>"
                ],
                "token_ids": [
                    7612,
                    3025,
                    8,
                    46,
                    151645
                ],
                "raw_logprob": -3.810565948486328,
                "cons_logprob": -3.769237518310547
            },
            "proposal": {
                "tokens": [
                    "OC",
                    "(C",
                    "O",
                    ")",
                    "CC",
                    "O",
                    "<|im_end|>"
                ],
                "token_ids": [
                    7612,
                    3025,
                    46,
                    8,
                    3706,
                    46,
                    151645
                ],
                "raw_logprob": -1.4437272548675537,
                "cons_logprob": -1.4296720027923584
            },
            "acceptance_prob": 1,
            "accepted": true
        },
        {
            "current": {
                "tokens": [
                    "OC",
                    "(C",
                    "O",
                    ")",
                    "CC",
                    "O",
                    "<|im_end|>"
                ],
                "token_ids": [
                    7612,
                    3025,
                    46,
                    8,
                    3706,
                    46,
                    151645
                ],
                "raw_logprob": -1.4437272548675537,
                "cons_logprob": -1.4296720027923584
            },
            "proposal": {
                "tokens": [
                    "OC",
                    "(C",
                    "(C",
                    "(C",
                    "(O",
                    ")",
                    "CO",
                    ")",
                    "CO",
                    ")",
                    "CO",
                    ")",
                    "CO",
                    "<|im_end|>"
                ],
                "token_ids": [
                    7612,
                    3025,
                    3025,
                    3025,
                    19238,
                    8,
                    8281,
                    8,
                    8281,
                    8,
                    8281,
                    8,
                    8281,
                    151645
                ],
                "raw_logprob": -12.484952926635742,
                "cons_logprob": -12.465989112854004
            },
            "acceptance_prob": 0.9951034655955054,
            "accepted": true
        },
        {
            "current": {
                "tokens": [
                    "OC",
                    "(C",
                    "(C",
                    "(C",
                    "(O",
                    ")",
                    "CO",
                    ")",
                    "CO",
                    ")",
                    "CO",
                    ")",
                    "CO",
                    "<|im_end|>"
                ],
                "token_ids": [
                    7612,
                    3025,
                    3025,
                    3025,
                    19238,
                    8,
                    8281,
                    8,
                    8281,
                    8,
                    8281,
                    8,
                    8281,
                    151645
                ],
                "raw_logprob": -12.484952926635742,
                "cons_logprob": -12.465989112854004
            },
            "proposal": {
                "tokens": [
                    "OC",
                    "(C",
                    "O",
                    ")",
                    "CC",
                    "OC",
                    "(",
                    "=",
                    "O",
                    ")",
                    "C",
                    "<|im_end|>"
                ],
                "token_ids": [
                    7612,
                    3025,
                    46,
                    8,
                    3706,
                    7612,
                    7,
                    28,
                    46,
                    8,
                    34,
                    151645
                ],
                "raw_logprob": -5.148172378540039,
                "cons_logprob": -5.0157151222229
            },
            "acceptance_prob": 0.8927100503065443,
            "accepted": false
        },
        {
            "current": {
                "tokens": [
                    "OC",
                    "(C",
                    "(C",
                    "(C",
                    "(O",
                    ")",
                    "CO",
                    ")",
                    "CO",
                    ")",
                    "CO",
                    ")",
                    "CO",
                    "<|im_end|>"
                ],
                "token_ids": [
                    7612,
                    3025,
                    3025,
                    3025,
                    19238,
                    8,
                    8281,
                    8,
                    8281,
                    8,
                    8281,
                    8,
                    8281,
                    151645
                ],
                "raw_logprob": -12.484952926635742,
                "cons_logprob": -12.465989112854004
            },
            "proposal": {
                "tokens": [
                    "O",
                    "CC",
                    "N",
                    "CC",
                    "NC",
                    "(",
                    "=",
                    "O",
                    ")",
                    "N",
                    "CC",
                    "O",
                    "<|im_end|>"
                ],
                "token_ids": [
                    46,
                    3706,
                    45,
                    3706,
                    9949,
                    7,
                    28,
                    46,
                    8,
                    45,
                    3706,
                    46,
                    151645
                ],
                "raw_logprob": -9.881915092468262,
                "cons_logprob": -9.867881774902344
            },
            "acceptance_prob": 1,
            "accepted": true
        },
        {
            "current": {
                "tokens": [
                    "O",
                    "CC",
                    "N",
                    "CC",
                    "NC",
                    "(",
                    "=",
                    "O",
                    ")",
                    "N",
                    "CC",
                    "O",
                    "<|im_end|>"
                ],
                "token_ids": [
                    46,
                    3706,
                    45,
                    3706,
                    9949,
                    7,
                    28,
                    46,
                    8,
                    45,
                    3706,
                    46,
                    151645
                ],
                "raw_logprob": -9.881915092468262,
                "cons_logprob": -9.867881774902344
            },
            "proposal": {
                "tokens": [
                    "OC",
                    "(C",
                    "O",
                    ")",
                    "CC",
                    "O",
                    "<|im_end|>"
                ],