{
    "steps": [
        {
            "current": {
                "tokens": [
                    "O",
                    "CC",
                    "(C",
                    ")",
                    "CC",
                    "OC",
                    "(C",
                    ")",
                    "CC",
                    "O",
                    "<|im_end|>"
                ],
                "token_ids": [
                    46,
                    3706,
                    3025,
                    8,
                    3706,
                    7612,
                    3025,
                    8,
                    3706,
                    46,
                    151645
                ],
                "raw_logprob": -6.539645195007324,
                "cons_logprob": -6.527595520019531
            },
            "proposal": {
                "tokens": [
                    "OC",
                    "(C",
                    "O",
                    ")",
                    "CC",
                    "O",
                    "<|im_end|>"
                ],
                "token_ids": [
                    7612,
                    3025,
                    46,
                    8,
                    3706,
                    46,
                    151645
                ],
                "raw_logprob": -1.4437272548675537,
                "cons_logprob": -1.429669737815857
            },
            "acceptance_prob": 0.9979941723025708,
            "accepted": true
        },
        {
            "current": {
                "tokens": [
                    "OC",
                    "(C",
                    "O",
                    ")",
                    "CC",
                    "O",
                    "<|im_end|>"
                ],
                "token_ids": [
                    7612,
                    3025,
                    46,
                    8,
                    3706,
                    46,
                    151645
                ],
                "raw_logprob": -1.4437272548675537,
                "cons_logprob": -1.429669737815857
            },
            "proposal": {
                "tokens": [
                    "OC",
                    "(C",
                    ")",
                    "CO",
                    "<|im_end|>"
                ],
                "token_ids": [
                    7612,
                    3025,
                    8,
                    8281,
                    151645
                ],
                "raw_logprob": -5.250665664672852,
                "cons_logprob": -5.220394134521484
            },
            "acceptance_prob": 0.9839167264527484,
            "accepted": true
        },
        {
            "current": {
                "tokens": [
                    "OC",
                    "(C",
                    ")",
                    "CO",
                    "<|im_end|>"
                ],
                "token_ids": [
                    7612,
                    3025,
                    8,
                    8281,
                    151645
                ],
                "raw_logprob": -5.250665664672852,
                "cons_logprob": -5.220394134521484
            },
            "proposal": {
                "tokens": [
                    "OC",
                    "(C",
                    ")",
                    "CC",
                    "CO",
                    "<|im_end|>"
                ],
                "token_ids": [
                    7612,
                    3025,
                    8,
                    3706,
                    8281,
                    151645
                ],
                "raw_logprob": -3.268063545227051,
                "cons_logprob": -3.214261531829834
            },
            "acceptance_prob": 0.9767441998814529,
            "accepted": true
        },
        {
            "current": {
                "tokens": [
                    "OC",
                    "(C",
                    ")",
                    "CC",
                    "CO",
                    "<|im_end|>"
                ],
                "token_ids": [
                    7612,
                    3025,
                    8,
                    3706,
                    8281,
                    151645
                ],
                "raw_logprob": -3.268063545227051,
                "cons_logprob": -3.214261531829834
            },
            "proposal": {
                "tokens": [
                    "OC",
                    "(C",
                    ")",
                    "OC",
                    "(C",
                    ")",
                    "O",
                    "<|im_end|>"
                ],
                "token_ids": [
                    7612,
                    3025,
                    8,
                    7612,
                    3025,
                    8,
                    46,
                    151645
                ],
                "raw_logprob": -2.466379165649414,
                "cons_logprob": -2.4544882774353027
            },
            "acceptance_prob": 1,
            "accepted": true
        },
        {
            "current": {
                "tokens": [
                    "OC",
                    "(C",
                    ")",
                    "OC",
                    "(C",
                    ")",
                    "O",
                    "<|im_end|>"
                ],
                "token_ids": [
                    7612,
                    3025,
                    8,
                    7612,
                    3025,
                    8,
                    46,
                    151645
                ],
                "raw_logprob": -2.466379165649414,
                "cons_logprob": -2.4544882774353027
            },
            "proposal": {
                "tokens": [
                    "CC",
                    "CO",
                    "CC",
                    "CO",
                    "<|im_end|>"
                ],
                "token_ids": [
                    3706,
                    8281,
                    3706,
                    8281,
                    151645
                ],
                "raw_logprob": -8.955024719238281,
                "cons_logprob": -8.916794776916504
            },
            "acceptance_prob": 0.9740047932917,
            "accepted": true
        },
        {
            "current": {
                "tokens": [
                    "CC",
                    "CO",
                    "CC",
                    "CO",
                    "<|im_end|>"
                ],
                "token_ids": [
                    3706,
                    8281,
                    3706,
                    8281,
                    151645
                ],
                "raw_logprob": -8.955024719238281,
                "cons_logprob": -8.916794776916504
            },
            "proposal": {
                "tokens": [
                    "C",
                    "OC",
                    "(C",
                    ")",
                    "OC",
                    "<|im_end|>"
                ],
                "token_ids": [
                    34,
                    7612,
                    3025,
                    8,
                    7612,
                    151645
                ],
                "raw_logprob": -7.8726911544799805,
                "cons_logprob": -7.827762603759766
            },
            "acceptance_prob": 0.9933237772666427,
            "accepted": true
        },
        {
            "current": {
                "tokens": [
                    "C",
                    "OC",
                    "(C",
                    ")",
                    "OC",
                    "<|im_end|>"
                ],