{
    "steps": [
        {
            "current": {
                "tokens": [
                    "O",
                    "CC",
                    "N",
                    "CC",
                    "O",
                    "<|im_end|>"
                ],
                "token_ids": [
                    46,
                    3706,
                    45,
                    3706,
                    46,
                    151645
                ],
                "raw_logprob": -8.960959434509277,
                "cons_logprob": -8.948244094848633
            },
            "proposal": {
                "tokens": [
                    "OC",
                    "(",
                    "=",
                    "O",
                    ")",
                    "N",
                    "CCC",
                    "(",
                    "=",
                    "O",
                    ")",
                    "N",
                    "CC",
                    "OC",
                    "(",
                    "=",
                    "O",
                    ")",
                    "CC",
                    "OC",
                    "(",
                    "=",
                    "O",
                    ")",
                    "N",
                    "CC",
                    "(",
                    "=",
                    "O",
                    ")",
                    "N",
                    "CC",
                    "OC",
                    "(",
                    "=",
                    "O",
                    ")",
                    "C",
                    "<|im_end|>"
                ],
                "token_ids": [
                    7612,
                    7,
                    28,
                    46,
                    8,
                    45,
                    53873,
                    7,
                    28,
                    46,
                    8,
                    45,
                    3706,
                    7612,
                    7,
                    28,
                    46,
                    8,
                    3706,
                    7612,
                    7,
                    28,
                    46,
                    8,
                    45,
                    3706,
                    7,
                    28,
                    46,
                    8,
                    45,
                    3706,
                    7612,
                    7,
                    28,
                    46,
                    8,
                    34,
                    151645
                ],
                "raw_logprob": -12.834403991699219,
                "cons_logprob": -12.314801216125488
            },
            "acceptance_prob": 0.6023675716226935,
            "accepted": false
        },
        {
            "current": {
                "tokens": [
                    "O",
                    "CC",
                    "N",
                    "CC",
                    "O",
                    "<|im_end|>"
                ],
                "token_ids": [
                    46,
                    3706,
                    45,
                    3706,
                    46,
                    151645
                ],
                "raw_logprob": -8.960959434509277,
                "cons_logprob": -8.948244094848633
            },
            "proposal": {
                "tokens": [
                    "OC",
                    "(C",
                    "O",
                    ")",
                    "CC",
                    "O",
                    "<|im_end|>"
                ],
                "token_ids": [
                    7612,
                    3025,
                    46,
                    8,
                    3706,
                    46,
                    151645
                ],
                "raw_logprob": -1.4437272548675537,
                "cons_logprob": -1.4296722412109375
            },
            "acceptance_prob": 0.9986612229666455,
            "accepted": true
        },
        {
            "current": {
                "tokens": [
                    "OC",
                    "(C",
                    "O",
                    ")",
                    "CC",
                    "O",
                    "<|im_end|>"
                ],
                "token_ids": [
                    7612,
                    3025,
                    46,
                    8,
                    3706,
                    46,
                    151645
                ],
                "raw_logprob": -1.4437272548675537,
                "cons_logprob": -1.4296722412109375
            },
            "proposal": {
                "tokens": [
                    "O",
                    "CC",
                    "CO",
                    "CC",
                    "O",
                    "<|im_end|>"
                ],
                "token_ids": [
                    46,
                    3706,
                    8281,
                    3706,
                    46,
                    151645
                ],
                "raw_logprob": -4.427723407745361,
                "cons_logprob": -4.39142370223999
            },
            "acceptance_prob": 0.9780008969228077,
            "accepted": true
        },
        {
            "current": {
                "tokens": [
                    "O",
                    "CC",
                    "CO",
                    "CC",
                    "O",
                    "<|im_end|>"
                ],
                "token_ids": [
                    46,
                    3706,
                    8281,
                    3706,
                    46,
                    151645
                ],
                "raw_logprob": -4.427723407745361,
                "cons_logprob": -4.39142370223999
            },
            "proposal": {
                "tokens": [
                    "O",
                    "CC",
                    "NC",
                    "(",
                    "=",
                    "O",
                    ")",
                    "N",
                    "CC",
                    "CN",
                    "(",
                    "=",
                    "O",
                    ")",
                    "O",
                    "CC",
                    "O",
                    "<|im_end|>"
                ],
                "token_ids": [
                    46,
                    3706,
                    9949,
                    7,
                    28,
                    46,
                    8,
                    45,
                    3706,
                    28668,
                    7,
                    28,
                    46,
                    8,
                    46,
                    3706,
                    46,
                    151645
                ],
                "raw_logprob": -7.353343963623047,
                "cons_logprob": -7.2840986251831055
            },
            "acceptance_prob": 0.9675911632511474,
            "accepted": true
        },
        {
            "current": {
                "tokens": [
                    "O",
                    "CC",
                    "NC",
                    "(",
                    "=",
                    "O",
                    ")",
                    "N",
                    "CC",
                    "CN",
                    "(",
                    "=",
                    "O",
                    ")",
                    "O",
                    "CC",
                    "O",
                    "<|im_end|>"
                ],