{
    "steps": [
        {
            "current": {
                "tokens": [
                    "OC",
                    "(C",
                    "O",
                    ")",
                    "CC",
                    "O",
                    "<|im_end|>"
                ],
                "token_ids": [
                    7612,
                    3025,
                    46,
                    8,
                    3706,
                    46,
                    151645
                ],
                "raw_logprob": -1.4437272548675537,
                "cons_logprob": -1.4296718835830688
            },
            "proposal": {
                "tokens": [
                    "OC",
                    "(C",
                    "O",
                    ")",
                    "CC",
                    "O",
                    "<|im_end|>"
                ],
                "token_ids": [
                    7612,
                    3025,
                    46,
                    8,
                    3706,
                    46,
                    151645
                ],
                "raw_logprob": -1.4437272548675537,
                "cons_logprob": -1.4296720027923584
            },
            "acceptance_prob": 1,
            "accepted": true
        },
        {
            "current": {
                "tokens": [
                    "OC",
                    "(C",
                    "O",
                    ")",
                    "CC",
                    "O",
                    "<|im_end|>"
                ],
                "token_ids": [
                    7612,
                    3025,
                    46,
                    8,
                    3706,
                    46,
                    151645
                ],
                "raw_logprob": -1.4437272548675537,
                "cons_logprob": -1.4296720027923584
            },
            "proposal": {
                "tokens": [
                    "OC",
                    "(C",
                    "O",
                    ")",
                    "CC",
                    "O",
                    "<|im_end|>"
                ],
                "token_ids": [
                    7612,
                    3025,
                    46,
                    8,
                    3706,
                    46,
                    151645
                ],
                "raw_logprob": -1.4437272548675537,
                "cons_logprob": -1.4296722412109375
            },
            "acceptance_prob": 1,
            "accepted": true
        },
        {
            "current": {
                "tokens": [
                    "OC",
                    "(C",
                    "O",
                    ")",
                    "CC",
                    "O",
                    "<|im_end|>"
                ],
                "token_ids": [
                    7612,
                    3025,
                    46,
                    8,
                    3706,
                    46,
                    151645
                ],
                "raw_logprob": -1.4437272548675537,
                "cons_logprob": -1.4296722412109375
            },
            "proposal": {
                "tokens": [
                    "OC",
                    "(C",
                    "O",
                    ")",
                    "CC",
                    "O",
                    "<|im_end|>"
                ],
                "token_ids": [
                    7612,
                    3025,
                    46,
                    8,
                    3706,
                    46,
                    151645
                ],
                "raw_logprob": -1.4437272548675537,
                "cons_logprob": -1.4296722412109375
            },
            "acceptance_prob": 1,
            "accepted": true
        },
        {
            "current": {
                "tokens": [
                    "OC",
                    "(C",
                    "O",
                    ")",
                    "CC",
                    "O",
                    "<|im_end|>"
                ],
                "token_ids": [
                    7612,
                    3025,
                    46,
                    8,
                    3706,
                    46,
                    151645
                ],
                "raw_logprob": -1.4437272548675537,
                "cons_logprob": -1.4296722412109375
            },
            "proposal": {
                "tokens": [
                    "O",
                    "CC",
                    "NC",
                    "(",
                    "=",
                    "O",
                    ")",
                    "N",
                    "CC",
                    "OC",
                    "(",
                    "=",
                    "O",
                    ")",
                    "NC",
                    "(",
                    "=",
                    "O",
                    ")",
                    "N",
                    "CCCCCC",
                    "NC",
                    "(",
                    "=",
                    "O",
                    ")",
                    "O",
                    "CC",
                    "O",
                    "<|im_end|>"
                ],
                "token_ids": [
                    46,
                    3706,
                    9949,
                    7,
                    28,
                    46,
                    8,
                    45,
                    3706,
                    7612,
                    7,
                    28,
                    46,
                    8,
                    9949,
                    7,
                    28,
                    46,
                    8,
                    45,
                    91443,
                    9949,
                    7,
                    28,
                    46,
                    8,
                    46,
                    3706,
                    46,
                    151645
                ],
                "raw_logprob": -9.45512866973877,
                "cons_logprob": -9.435043334960938
            },
            "acceptance_prob": 0.9939878247716872,
            "accepted": true
        },
        {
            "current": {
                "tokens": [
                    "O",
                    "CC",
                    "NC",
                    "(",
                    "=",
                    "O",
                    ")",
                    "N",
                    "CC",
                    "OC",
                    "(",
                    "=",
                    "O",
                    ")",
                    "NC",
                    "(",
                    "=",
                    "O",
                    ")",
                    "N",
                    "CCCCCC",
                    "NC",
                    "(",
                    "=",
                    "O",
                    ")",
                    "O",
                    "CC",
                    "O",
                    "<|im_end|>"
                ],
                "token_ids": [
                    46,
                    3706,
                    9949,
                    7,
                    28,
                    46,
                    8,
                    45,
                    3706,
                    7612,
                    7,
                    28,
                    46,
                    8,
                    9949,
                    7,
                    28,
                    46,
                    8,
                    45,
                    91443,
                    9949,
                    7,
                    28,
                    46,
                    8,
                    46,
                    3706,
                    46,
                    151645
                ],