{
    "steps": [
        {
            "current": {
                "tokens": [
                    "OC",
                    "(C",
                    ")",
                    "CC",
                    "OC",
                    "(C",
                    ")",
                    "CC",
                    "<|im_end|>"
                ],
                "token_ids": [
                    7612,
                    3025,
                    8,
                    3706,
                    7612,
                    3025,
                    8,
                    3706,
                    151645
                ],
                "raw_logprob": -3.8161568641662598,
                "cons_logprob": -3.8000407218933105
            },
            "proposal": {
                "tokens": [
                    "O",
                    "CC",
                    "(O",
                    ")",
                    "CC",
                    "O",
                    "<|im_end|>"
                ],
                "token_ids": [
                    46,
                    3706,
                    19238,
                    8,
                    3706,
                    46,
                    151645
                ],
                "raw_logprob": -4.345412254333496,
                "cons_logprob": -4.340582847595215
            },
            "acceptance_prob": 1,
            "accepted": true
        },
        {
            "current": {
                "tokens": [
                    "O",
                    "CC",
                    "(O",
                    ")",
                    "CC",
                    "O",
                    "<|im_end|>"
                ],
                "token_ids": [
                    46,
                    3706,
                    19238,
                    8,
                    3706,
                    46,
                    151645
                ],
                "raw_logprob": -4.345412254333496,
                "cons_logprob": -4.340582847595215
            },
            "proposal": {
                "tokens": [
                    "O",
                    "CC",
                    "NC",
                    "(",
                    "=",
                    "O",
                    ")",
                    "N",
                    "CC",
                    "CN",
                    "<|im_end|>"
                ],
                "token_ids": [
                    46,
                    3706,
                    9949,
                    7,
                    28,
                    46,
                    8,
                    45,
                    3706,
                    28668,
                    151645
                ],
                "raw_logprob": -6.1343278884887695,
                "cons_logprob": -6.066919803619385
            },
            "acceptance_prob": 0.9393391544568832,
            "accepted": true
        },
        {
            "current": {
                "tokens": [
                    "O",
                    "CC",
                    "NC",
                    "(",
                    "=",
                    "O",
                    ")",
                    "N",
                    "CC",
                    "CN",
                    "<|im_end|>"
                ],
                "token_ids": [
                    46,
                    3706,
                    9949,
                    7,
                    28,
                    46,
                    8,
                    45,
                    3706,
                    28668,
                    151645
                ],
                "raw_logprob": -6.1343278884887695,
                "cons_logprob": -6.066919803619385
            },
            "proposal": {
                "tokens": [
                    "OC",
                    "(C",
                    ")",
                    "O",
                    "<|im_end|>"
                ],
                "token_ids": [
                    7612,
                    3025,
                    8,
                    46,
                    151645
                ],
                "raw_logprob": -3.810565948486328,
                "cons_logprob": -3.769237518310547
            },
            "acceptance_prob": 1,
            "accepted": true
        },
        {
            "current": {
                "tokens": [
                    "OC",
                    "(C",
                    ")",
                    "O",
                    "<|im_end|>"
                ],
                "token_ids": [
                    7612,
                    3025,
                    8,
                    46,
                    151645
                ],
                "raw_logprob": -3.810565948486328,
                "cons_logprob": -3.769237518310547
            },
            "proposal": {
                "tokens": [
                    "O",
                    "CC",
                    "OC",
                    "(O",
                    ")",
                    "CC",
                    "O",
                    "<|im_end|>"
                ],
                "token_ids": [
                    46,
                    3706,
                    7612,
                    19238,
                    8,
                    3706,
                    46,
                    151645
                ],
                "raw_logprob": -4.733819007873535,
                "cons_logprob": -4.706814765930176
            },
            "acceptance_prob": 1,
            "accepted": true
        },
        {
            "current": {
                "tokens": [
                    "O",
                    "CC",
                    "OC",
                    "(O",
                    ")",
                    "CC",
                    "O",
                    "<|im_end|>"
                ],
                "token_ids": [
                    46,
                    3706,
                    7612,
                    19238,
                    8,
                    3706,
                    46,
                    151645
                ],
                "raw_logprob": -4.733819007873535,
                "cons_logprob": -4.706814765930176
            },
            "proposal": {
                "tokens": [
                    "OC",
                    "(C",
                    "OC",
                    ")",
                    "OC",
                    "<|im_end|>"
                ],
                "token_ids": [
                    7612,
                    3025,
                    7612,
                    8,
                    7612,
                    151645
                ],
                "raw_logprob": -9.620002746582031,
                "cons_logprob": -9.592723846435547
            },
            "acceptance_prob": 0.9997253795119863,
            "accepted": true
        },
        {
            "current": {
                "tokens": [
                    "OC",
                    "(C",
                    "OC",
                    ")",
                    "OC",
                    "<|im_end|>"
                ],
                "token_ids": [
                    7612,
                    3025,
                    7612,
                    8,
                    7612,
                    151645
                ],
                "raw_logprob": -9.620002746582031,
                "cons_logprob": -9.592723846435547
            },
            "proposal": {
                "tokens": [
                    "OC",
                    "(C",
                    "O",
                    ")",
                    "CC",
                    "O",
                    "<|im_end|>"
                ],
                "token_ids": [
                    7612,
                    3025,
                    46,
                    8,
                    3706,
                    46,
                    151645
                ],
                "raw_logprob": -1.4437272548675537,